0 verbose cli /usr/local/bin/node /usr/local/bin/npm
1 info using npm@11.6.2
2 info using node@v24.11.1
3 silly config load:file:/usr/local/lib/node_modules/npm/npmrc
4 silly config load:file:/Users/igorvasin/sinergy/.npmrc
5 silly config load:file:/Users/igorvasin/.npmrc
6 silly config load:file:/Users/igorvasin/.npm-global/etc/npmrc
7 verbose title npm install
8 verbose argv "install" "--cache" ".npm-local"
9 verbose logfile logs-max:10 dir:/Users/igorvasin/sinergy/.npm-local/_logs/2026-03-03T10_44_48_484Z-
10 verbose logfile /Users/igorvasin/sinergy/.npm-local/_logs/2026-03-03T10_44_48_484Z-debug-0.log
11 silly logfile done cleaning log files
12 silly packumentCache heap:2348810240 maxSize:587202560 maxEntrySize:293601280
13 silly idealTree buildDeps
14 silly fetch manifest @supabase/ssr@^0.5.2
15 silly packumentCache full:https://registry.npmjs.org/@supabase%2fssr cache-miss
16 http fetch GET 200 https://registry.npmjs.org/@supabase%2fssr 287ms (cache miss)
17 silly packumentCache full:https://registry.npmjs.org/@supabase%2fssr set size:undefined disposed:false
18 silly fetch manifest @supabase/supabase-js@^2.47.12
19 silly packumentCache full:https://registry.npmjs.org/@supabase%2fsupabase-js cache-miss
20 http fetch GET 200 https://registry.npmjs.org/npm 407ms
21 http fetch GET 200 https://registry.npmjs.org/@supabase%2fsupabase-js 263ms (cache miss)
22 silly packumentCache full:https://registry.npmjs.org/@supabase%2fsupabase-js set size:undefined disposed:false
23 silly fetch manifest cheerio@^1.0.0-rc.12
24 silly packumentCache full:https://registry.npmjs.org/cheerio cache-miss
25 http fetch GET 200 https://registry.npmjs.org/cheerio 77ms (cache miss)
26 silly packumentCache full:https://registry.npmjs.org/cheerio set size:undefined disposed:false
27 silly fetch manifest clsx@^2.1.1
28 silly packumentCache full:https://registry.npmjs.org/clsx cache-miss
29 http fetch GET 200 https://registry.npmjs.org/clsx 76ms (cache miss)
30 silly packumentCache full:https://registry.npmjs.org/clsx set size:undefined disposed:false
31 silly fetch manifest dayjs@^1.11.10
32 silly packumentCache full:https://registry.npmjs.org/dayjs cache-miss
33 http fetch GET 200 https://registry.npmjs.org/dayjs 87ms (cache miss)
34 silly packumentCache full:https://registry.npmjs.org/dayjs set size:undefined disposed:false
35 silly fetch manifest lucide-react@^0.469.0
36 silly packumentCache full:https://registry.npmjs.org/lucide-react cache-miss
37 http fetch GET 200 https://registry.npmjs.org/lucide-react 174ms (cache miss)
38 silly packumentCache full:https://registry.npmjs.org/lucide-react set size:undefined disposed:false
39 silly fetch manifest react@^19.0.0
40 silly packumentCache full:https://registry.npmjs.org/react cache-miss
41 http fetch GET 200 https://registry.npmjs.org/react 361ms (cache miss)
42 silly packumentCache full:https://registry.npmjs.org/react set size:undefined disposed:false
43 silly fetch manifest next@15.1.6
44 silly packumentCache full:https://registry.npmjs.org/next cache-miss
45 http fetch GET 200 https://registry.npmjs.org/next 588ms (cache miss)
46 silly packumentCache full:https://registry.npmjs.org/next set size:undefined disposed:false
47 silly fetch manifest @opentelemetry/api@^1.1.0
48 silly packumentCache full:https://registry.npmjs.org/@opentelemetry%2fapi cache-miss
49 http fetch GET 200 https://registry.npmjs.org/@opentelemetry%2fapi 94ms (cache miss)
50 silly packumentCache full:https://registry.npmjs.org/@opentelemetry%2fapi set size:undefined disposed:false
51 silly fetch manifest @playwright/test@^1.41.2
52 silly packumentCache full:https://registry.npmjs.org/@playwright%2ftest cache-miss
53 http fetch GET 200 https://registry.npmjs.org/@playwright%2ftest 445ms (cache miss)
54 silly packumentCache full:https://registry.npmjs.org/@playwright%2ftest set size:undefined disposed:false
55 silly fetch manifest babel-plugin-react-compiler@*
56 silly packumentCache full:https://registry.npmjs.org/babel-plugin-react-compiler cache-miss
57 http fetch GET 200 https://registry.npmjs.org/babel-plugin-react-compiler 97ms (cache miss)
58 silly packumentCache full:https://registry.npmjs.org/babel-plugin-react-compiler set size:undefined disposed:false
59 silly fetch manifest react-dom@^19.0.0
60 silly packumentCache full:https://registry.npmjs.org/react-dom cache-miss
61 http fetch GET 200 https://registry.npmjs.org/react-dom 334ms (cache miss)
62 silly packumentCache full:https://registry.npmjs.org/react-dom set size:undefined disposed:false
63 silly fetch manifest sass@^1.3.0
64 silly packumentCache full:https://registry.npmjs.org/sass cache-miss
65 http fetch GET 200 https://registry.npmjs.org/sass 96ms (cache miss)
66 silly packumentCache full:https://registry.npmjs.org/sass set size:undefined disposed:false
67 silly fetch manifest sonner@1.7.0
68 silly packumentCache full:https://registry.npmjs.org/sonner cache-miss
69 http fetch GET 200 https://registry.npmjs.org/sonner 74ms (cache miss)
70 silly packumentCache full:https://registry.npmjs.org/sonner set size:undefined disposed:false
71 silly fetch manifest tailwind-merge@^2.6.0
72 silly packumentCache full:https://registry.npmjs.org/tailwind-merge cache-miss
73 http fetch GET 200 https://registry.npmjs.org/tailwind-merge 119ms (cache miss)
74 silly packumentCache full:https://registry.npmjs.org/tailwind-merge set size:undefined disposed:false
75 silly fetch manifest zod@^3.23.8
76 silly packumentCache full:https://registry.npmjs.org/zod cache-miss
77 http fetch GET 200 https://registry.npmjs.org/zod 170ms (cache miss)
78 silly packumentCache full:https://registry.npmjs.org/zod set size:undefined disposed:false
79 silly fetch manifest @tailwindcss/postcss@^4.1.18
80 silly packumentCache full:https://registry.npmjs.org/@tailwindcss%2fpostcss cache-miss
81 http fetch GET 200 https://registry.npmjs.org/@tailwindcss%2fpostcss 298ms (cache miss)
82 silly packumentCache full:https://registry.npmjs.org/@tailwindcss%2fpostcss set size:undefined disposed:false
83 silly fetch manifest @testing-library/jest-dom@^6.6.3
84 silly packumentCache full:https://registry.npmjs.org/@testing-library%2fjest-dom cache-miss
85 http fetch GET 200 https://registry.npmjs.org/@testing-library%2fjest-dom 188ms (cache miss)
86 silly packumentCache full:https://registry.npmjs.org/@testing-library%2fjest-dom set size:undefined disposed:false
87 silly fetch manifest @testing-library/react@^16.1.0
88 silly packumentCache full:https://registry.npmjs.org/@testing-library%2freact cache-miss
89 http fetch GET 200 https://registry.npmjs.org/@testing-library%2freact 108ms (cache miss)
90 silly packumentCache full:https://registry.npmjs.org/@testing-library%2freact set size:undefined disposed:false
91 silly fetch manifest @testing-library/dom@^10.0.0
92 silly packumentCache full:https://registry.npmjs.org/@testing-library%2fdom cache-miss
93 http fetch GET 200 https://registry.npmjs.org/@testing-library%2fdom 101ms (cache miss)
94 silly packumentCache full:https://registry.npmjs.org/@testing-library%2fdom set size:undefined disposed:false
95 silly fetch manifest @types/react@^19
96 silly packumentCache full:https://registry.npmjs.org/@types%2freact cache-miss
97 http fetch GET 200 https://registry.npmjs.org/@types%2freact 130ms (cache miss)
98 silly packumentCache full:https://registry.npmjs.org/@types%2freact set size:undefined disposed:false
99 silly fetch manifest @types/react-dom@^19
100 silly packumentCache full:https://registry.npmjs.org/@types%2freact-dom cache-miss
101 http fetch GET 200 https://registry.npmjs.org/@types%2freact-dom 87ms (cache miss)
102 silly packumentCache full:https://registry.npmjs.org/@types%2freact-dom set size:undefined disposed:false
103 silly fetch manifest @types/node@^22
104 silly packumentCache full:https://registry.npmjs.org/@types%2fnode cache-miss
105 http fetch GET 200 https://registry.npmjs.org/@types%2fnode 332ms (cache miss)
106 silly packumentCache full:https://registry.npmjs.org/@types%2fnode set size:undefined disposed:false
107 silly fetch manifest @vitejs/plugin-react@^4.3.4
108 silly packumentCache full:https://registry.npmjs.org/@vitejs%2fplugin-react cache-miss
109 http fetch GET 200 https://registry.npmjs.org/@vitejs%2fplugin-react 89ms (cache miss)
110 silly packumentCache full:https://registry.npmjs.org/@vitejs%2fplugin-react set size:undefined disposed:false
111 silly fetch manifest vite@^4.2.0 || ^5.0.0 || ^6.0.0 || ^7.0.0
112 silly packumentCache full:https://registry.npmjs.org/vite cache-miss
113 http fetch GET 200 https://registry.npmjs.org/vite 790ms (cache miss)
114 silly packumentCache full:https://registry.npmjs.org/vite set size:undefined disposed:false
115 silly fetch manifest jiti@>=1.21.0
116 silly packumentCache full:https://registry.npmjs.org/jiti cache-miss
117 http fetch GET 200 https://registry.npmjs.org/jiti 80ms (cache miss)
118 silly packumentCache full:https://registry.npmjs.org/jiti set size:undefined disposed:false
119 silly fetch manifest less@^4.0.0
120 silly packumentCache full:https://registry.npmjs.org/less cache-miss
121 http fetch GET 200 https://registry.npmjs.org/less 74ms (cache miss)
122 silly packumentCache full:https://registry.npmjs.org/less set size:undefined disposed:false
123 silly fetch manifest lightningcss@^1.21.0
124 silly packumentCache full:https://registry.npmjs.org/lightningcss cache-miss
125 http fetch GET 200 https://registry.npmjs.org/lightningcss 120ms (cache miss)
126 silly packumentCache full:https://registry.npmjs.org/lightningcss set size:undefined disposed:false
127 silly fetch manifest sass@^1.70.0
128 silly packumentCache full:https://registry.npmjs.org/sass cache-miss
129 http cache https://registry.npmjs.org/sass 7ms (cache hit)
130 silly packumentCache full:https://registry.npmjs.org/sass set size:722061 disposed:false
131 silly fetch manifest sass-embedded@^1.70.0
132 silly packumentCache full:https://registry.npmjs.org/sass-embedded cache-miss
133 http fetch GET 200 https://registry.npmjs.org/sass-embedded 80ms (cache miss)
134 silly packumentCache full:https://registry.npmjs.org/sass-embedded set size:undefined disposed:false
135 silly fetch manifest stylus@>=0.54.8
136 silly packumentCache full:https://registry.npmjs.org/stylus cache-miss
137 http fetch GET 200 https://registry.npmjs.org/stylus 72ms (cache miss)
138 silly packumentCache full:https://registry.npmjs.org/stylus set size:undefined disposed:false
139 silly fetch manifest sugarss@^5.0.0
140 silly packumentCache full:https://registry.npmjs.org/sugarss cache-miss
141 http fetch GET 200 https://registry.npmjs.org/sugarss 73ms (cache miss)
142 silly packumentCache full:https://registry.npmjs.org/sugarss set size:undefined disposed:false
143 silly fetch manifest postcss@^8
144 silly packumentCache full:https://registry.npmjs.org/postcss cache-miss
145 http fetch GET 200 https://registry.npmjs.org/postcss 82ms (cache miss)
146 silly packumentCache full:https://registry.npmjs.org/postcss set size:undefined disposed:false
147 silly fetch manifest terser@^5.16.0
148 silly packumentCache full:https://registry.npmjs.org/terser cache-miss
149 http fetch GET 200 https://registry.npmjs.org/terser 89ms (cache miss)
150 silly packumentCache full:https://registry.npmjs.org/terser set size:undefined disposed:false
151 silly fetch manifest tsx@^4.8.1
152 silly packumentCache full:https://registry.npmjs.org/tsx cache-miss
153 http fetch GET 200 https://registry.npmjs.org/tsx 76ms (cache miss)
154 silly packumentCache full:https://registry.npmjs.org/tsx set size:undefined disposed:false
155 silly fetch manifest yaml@^2.4.2
156 silly packumentCache full:https://registry.npmjs.org/yaml cache-miss
157 http fetch GET 200 https://registry.npmjs.org/yaml 76ms (cache miss)
158 silly packumentCache full:https://registry.npmjs.org/yaml set size:undefined disposed:false
159 silly fetch manifest eslint@^9
160 silly packumentCache full:https://registry.npmjs.org/eslint cache-miss
161 http fetch GET 200 https://registry.npmjs.org/eslint 103ms (cache miss)
162 silly packumentCache full:https://registry.npmjs.org/eslint set size:undefined disposed:false
163 silly fetch manifest jiti@*
164 silly packumentCache full:https://registry.npmjs.org/jiti cache-miss
165 http cache https://registry.npmjs.org/jiti 3ms (cache hit)
166 silly packumentCache full:https://registry.npmjs.org/jiti set size:382310 disposed:false
167 silly fetch manifest eslint-config-next@15.1.6
168 silly packumentCache full:https://registry.npmjs.org/eslint-config-next cache-miss
169 http fetch GET 200 https://registry.npmjs.org/eslint-config-next 223ms (cache miss)
170 silly packumentCache full:https://registry.npmjs.org/eslint-config-next set size:undefined disposed:false
171 silly fetch manifest typescript@^5
172 silly packumentCache full:https://registry.npmjs.org/typescript cache-miss
173 http fetch GET 200 https://registry.npmjs.org/typescript 449ms (cache miss)
174 silly packumentCache full:https://registry.npmjs.org/typescript set size:undefined disposed:false
175 silly fetch manifest husky@^9.1.7
176 silly packumentCache full:https://registry.npmjs.org/husky cache-miss
177 http fetch GET 200 https://registry.npmjs.org/husky 89ms (cache miss)
178 silly packumentCache full:https://registry.npmjs.org/husky set size:undefined disposed:false
179 silly fetch manifest jsdom@^25.0.1
180 silly packumentCache full:https://registry.npmjs.org/jsdom cache-miss
181 http fetch GET 200 https://registry.npmjs.org/jsdom 100ms (cache miss)
182 silly packumentCache full:https://registry.npmjs.org/jsdom set size:undefined disposed:false
183 silly fetch manifest canvas@^2.11.2
184 silly packumentCache full:https://registry.npmjs.org/canvas cache-miss
185 http fetch GET 200 https://registry.npmjs.org/canvas 87ms (cache miss)
186 silly packumentCache full:https://registry.npmjs.org/canvas set size:undefined disposed:false
187 silly fetch manifest lint-staged@^15.3.0
188 silly packumentCache full:https://registry.npmjs.org/lint-staged cache-miss
189 http fetch GET 200 https://registry.npmjs.org/lint-staged 337ms (cache miss)
190 silly packumentCache full:https://registry.npmjs.org/lint-staged set size:undefined disposed:false
191 silly fetch manifest prettier@^3.4.2
192 silly packumentCache full:https://registry.npmjs.org/prettier cache-miss
193 http fetch GET 200 https://registry.npmjs.org/prettier 90ms (cache miss)
194 silly packumentCache full:https://registry.npmjs.org/prettier set size:undefined disposed:false
195 silly fetch manifest tailwindcss@^4
196 silly packumentCache full:https://registry.npmjs.org/tailwindcss cache-miss
197 http fetch GET 200 https://registry.npmjs.org/tailwindcss 478ms (cache miss)
198 silly packumentCache full:https://registry.npmjs.org/tailwindcss set size:undefined disposed:false
199 silly fetch manifest vitest@^3.0.4
200 silly packumentCache full:https://registry.npmjs.org/vitest cache-miss
201 http fetch GET 200 https://registry.npmjs.org/vitest 170ms (cache miss)
202 silly packumentCache full:https://registry.npmjs.org/vitest set size:undefined disposed:false
203 silly fetch manifest @edge-runtime/vm@*
204 silly packumentCache full:https://registry.npmjs.org/@edge-runtime%2fvm cache-miss
205 http fetch GET 200 https://registry.npmjs.org/@edge-runtime%2fvm 113ms (cache miss)
206 silly packumentCache full:https://registry.npmjs.org/@edge-runtime%2fvm set size:undefined disposed:false
207 silly fetch manifest @types/debug@^4.1.12
208 silly packumentCache full:https://registry.npmjs.org/@types%2fdebug cache-miss
209 http fetch GET 200 https://registry.npmjs.org/@types%2fdebug 103ms (cache miss)
210 silly packumentCache full:https://registry.npmjs.org/@types%2fdebug set size:undefined disposed:false
211 silly fetch manifest @vitest/browser@3.2.4
212 silly packumentCache full:https://registry.npmjs.org/@vitest%2fbrowser cache-miss
213 http fetch GET 200 https://registry.npmjs.org/@vitest%2fbrowser 100ms (cache miss)
214 silly packumentCache full:https://registry.npmjs.org/@vitest%2fbrowser set size:undefined disposed:false
215 silly fetch manifest playwright@*
216 silly packumentCache full:https://registry.npmjs.org/playwright cache-miss
217 http fetch GET 200 https://registry.npmjs.org/playwright 637ms (cache miss)
218 silly packumentCache full:https://registry.npmjs.org/playwright set size:undefined disposed:false
219 silly fetch manifest webdriverio@^7.0.0 || ^8.0.0 || ^9.0.0
220 silly packumentCache full:https://registry.npmjs.org/webdriverio cache-miss
221 http fetch GET 200 https://registry.npmjs.org/webdriverio 374ms (cache miss)
222 silly packumentCache full:https://registry.npmjs.org/webdriverio set size:undefined disposed:false
223 silly fetch manifest puppeteer-core@>=22.x || <=24.x
224 silly packumentCache full:https://registry.npmjs.org/puppeteer-core cache-miss
225 http fetch GET 200 https://registry.npmjs.org/puppeteer-core 101ms (cache miss)
226 silly packumentCache full:https://registry.npmjs.org/puppeteer-core set size:undefined disposed:false
227 silly fetch manifest @vitest/ui@3.2.4
228 silly packumentCache full:https://registry.npmjs.org/@vitest%2fui cache-miss
229 http fetch GET 200 https://registry.npmjs.org/@vitest%2fui 154ms (cache miss)
230 silly packumentCache full:https://registry.npmjs.org/@vitest%2fui set size:undefined disposed:false
231 silly fetch manifest happy-dom@*
232 silly packumentCache full:https://registry.npmjs.org/happy-dom cache-miss
233 http fetch GET 200 https://registry.npmjs.org/happy-dom 125ms (cache miss)
234 silly packumentCache full:https://registry.npmjs.org/happy-dom set size:undefined disposed:false
235 silly placeDep ROOT @supabase/ssr@0.5.2 OK for: nextjs-starter@0.1.0 want: ^0.5.2
236 silly placeDep ROOT @supabase/supabase-js@2.98.0 OK for: @supabase/ssr@0.5.2 want: ^2.43.4
237 silly placeDep ROOT @tailwindcss/postcss@4.2.1 OK for: nextjs-starter@0.1.0 want: ^4.1.18
238 silly placeDep ROOT @testing-library/jest-dom@6.9.1 OK for: nextjs-starter@0.1.0 want: ^6.6.3
239 silly placeDep ROOT @testing-library/react@16.3.2 OK for: nextjs-starter@0.1.0 want: ^16.1.0
240 silly placeDep ROOT @testing-library/dom@10.4.1 OK for: @testing-library/react@16.3.2 want: ^10.0.0
241 silly placeDep ROOT react@19.2.4 OK for: @testing-library/react@16.3.2 want: ^18.0.0 || ^19.0.0
242 silly placeDep ROOT react-dom@19.2.4 OK for: @testing-library/react@16.3.2 want: ^18.0.0 || ^19.0.0
243 silly placeDep ROOT @types/node@22.19.13 OK for: nextjs-starter@0.1.0 want: ^22
244 silly placeDep ROOT @types/react@19.2.14 OK for: nextjs-starter@0.1.0 want: ^19
245 silly placeDep ROOT @types/react-dom@19.2.3 OK for: nextjs-starter@0.1.0 want: ^19
246 silly placeDep ROOT @vitejs/plugin-react@4.7.0 OK for: nextjs-starter@0.1.0 want: ^4.3.4
247 silly placeDep ROOT vite@7.3.1 OK for: @vitejs/plugin-react@4.7.0 want: ^4.2.0 || ^5.0.0 || ^6.0.0 || ^7.0.0
248 silly placeDep ROOT cheerio@1.2.0 OK for: nextjs-starter@0.1.0 want: ^1.0.0-rc.12
249 silly placeDep ROOT clsx@2.1.1 OK for: nextjs-starter@0.1.0 want: ^2.1.1
250 silly placeDep ROOT dayjs@1.11.19 OK for: nextjs-starter@0.1.0 want: ^1.11.10
251 silly placeDep ROOT eslint@9.39.3 OK for: nextjs-starter@0.1.0 want: ^9
252 silly placeDep ROOT eslint-config-next@15.1.6 OK for: nextjs-starter@0.1.0 want: 15.1.6
253 silly placeDep ROOT husky@9.1.7 OK for: nextjs-starter@0.1.0 want: ^9.1.7
254 silly placeDep ROOT jsdom@25.0.1 OK for: nextjs-starter@0.1.0 want: ^25.0.1
255 silly placeDep ROOT lint-staged@15.5.2 OK for: nextjs-starter@0.1.0 want: ^15.3.0
256 silly placeDep ROOT lucide-react@0.469.0 OK for: nextjs-starter@0.1.0 want: ^0.469.0
257 silly placeDep ROOT next@15.1.6 OK for: nextjs-starter@0.1.0 want: 15.1.6
258 silly placeDep ROOT postcss@8.5.8 OK for: nextjs-starter@0.1.0 want: ^8
259 silly placeDep ROOT prettier@3.8.1 OK for: nextjs-starter@0.1.0 want: ^3.4.2
260 silly placeDep ROOT sonner@1.7.0 OK for: nextjs-starter@0.1.0 want: 1.7.0
261 silly placeDep ROOT tailwind-merge@2.6.1 OK for: nextjs-starter@0.1.0 want: ^2.6.0
262 silly placeDep ROOT tailwindcss@4.2.1 OK for: nextjs-starter@0.1.0 want: ^4
263 silly placeDep ROOT typescript@5.9.3 OK for: nextjs-starter@0.1.0 want: ^5
264 silly placeDep ROOT vitest@3.2.4 OK for: nextjs-starter@0.1.0 want: ^3.0.4
265 silly placeDep ROOT zod@3.25.76 OK for: nextjs-starter@0.1.0 want: ^3.23.8
266 silly fetch manifest cookie@^0.7.0
267 silly packumentCache full:https://registry.npmjs.org/cookie cache-miss
268 silly fetch manifest @types/cookie@^0.6.0
269 silly packumentCache full:https://registry.npmjs.org/@types%2fcookie cache-miss
270 silly fetch manifest @supabase/auth-js@2.98.0
271 silly packumentCache full:https://registry.npmjs.org/@supabase%2fauth-js cache-miss
272 silly fetch manifest @supabase/storage-js@2.98.0
273 silly packumentCache full:https://registry.npmjs.org/@supabase%2fstorage-js cache-miss
274 silly fetch manifest @supabase/realtime-js@2.98.0
275 silly packumentCache full:https://registry.npmjs.org/@supabase%2frealtime-js cache-miss
276 silly fetch manifest @supabase/functions-js@2.98.0
277 silly packumentCache full:https://registry.npmjs.org/@supabase%2ffunctions-js cache-miss
278 silly fetch manifest @supabase/postgrest-js@2.98.0
279 silly packumentCache full:https://registry.npmjs.org/@supabase%2fpostgrest-js cache-miss
280 http fetch GET 200 https://registry.npmjs.org/cookie 79ms (cache miss)
281 silly packumentCache full:https://registry.npmjs.org/cookie set size:undefined disposed:false
282 silly fetch manifest postcss@^8.5.6
283 silly packumentCache full:https://registry.npmjs.org/postcss cache-miss
284 http cache https://registry.npmjs.org/postcss 4ms (cache hit)
285 silly packumentCache full:https://registry.npmjs.org/postcss set size:702266 disposed:false
286 silly fetch manifest tailwindcss@4.2.1
287 silly packumentCache full:https://registry.npmjs.org/tailwindcss cache-miss
288 http fetch GET 200 https://registry.npmjs.org/@types%2fcookie 93ms (cache miss)
289 silly packumentCache full:https://registry.npmjs.org/@types%2fcookie set size:undefined disposed:false
290 silly fetch manifest @alloc/quick-lru@^5.2.0
291 silly packumentCache full:https://registry.npmjs.org/@alloc%2fquick-lru cache-miss
292 http cache https://registry.npmjs.org/tailwindcss 17ms (cache hit)
293 silly packumentCache full:https://registry.npmjs.org/tailwindcss set size:10227949 disposed:false
294 silly fetch manifest @tailwindcss/node@4.2.1
295 silly packumentCache full:https://registry.npmjs.org/@tailwindcss%2fnode cache-miss
296 http fetch GET 200 https://registry.npmjs.org/@alloc%2fquick-lru 92ms (cache miss)
297 silly packumentCache full:https://registry.npmjs.org/@alloc%2fquick-lru set size:undefined disposed:false
298 silly fetch manifest @tailwindcss/oxide@4.2.1
299 silly packumentCache full:https://registry.npmjs.org/@tailwindcss%2foxide cache-miss
300 http fetch GET 200 https://registry.npmjs.org/@tailwindcss%2fnode 116ms (cache miss)
301 silly packumentCache full:https://registry.npmjs.org/@tailwindcss%2fnode set size:undefined disposed:false
302 silly fetch manifest redent@^3.0.0
303 silly packumentCache full:https://registry.npmjs.org/redent cache-miss
304 http fetch GET 200 https://registry.npmjs.org/@tailwindcss%2foxide 193ms (cache miss)
305 silly packumentCache full:https://registry.npmjs.org/@tailwindcss%2foxide set size:undefined disposed:false
306 silly fetch manifest aria-query@^5.0.0
307 silly packumentCache full:https://registry.npmjs.org/aria-query cache-miss
308 http fetch GET 200 https://registry.npmjs.org/redent 114ms (cache miss)
309 silly packumentCache full:https://registry.npmjs.org/redent set size:undefined disposed:false
310 silly fetch manifest css.escape@^1.5.1
311 silly packumentCache full:https://registry.npmjs.org/css.escape cache-miss
312 http fetch GET 200 https://registry.npmjs.org/css.escape 66ms (cache miss)
313 silly packumentCache full:https://registry.npmjs.org/css.escape set size:undefined disposed:false
314 silly fetch manifest picocolors@^1.1.1
315 silly packumentCache full:https://registry.npmjs.org/picocolors cache-miss
316 http fetch GET 200 https://registry.npmjs.org/aria-query 73ms (cache miss)
317 silly packumentCache full:https://registry.npmjs.org/aria-query set size:undefined disposed:false
318 silly fetch manifest @adobe/css-tools@^4.4.0
319 silly packumentCache full:https://registry.npmjs.org/@adobe%2fcss-tools cache-miss
320 http fetch GET 200 https://registry.npmjs.org/@supabase%2frealtime-js 529ms (cache miss)
321 silly packumentCache full:https://registry.npmjs.org/@supabase%2frealtime-js set size:undefined disposed:false
322 silly fetch manifest dom-accessibility-api@^0.6.3
323 silly packumentCache full:https://registry.npmjs.org/dom-accessibility-api cache-miss
324 http fetch GET 200 https://registry.npmjs.org/@adobe%2fcss-tools 91ms (cache miss)
325 silly packumentCache full:https://registry.npmjs.org/@adobe%2fcss-tools set size:undefined disposed:false
326 silly fetch manifest @babel/runtime@^7.12.5
327 silly packumentCache full:https://registry.npmjs.org/@babel%2fruntime cache-miss
328 http fetch GET 200 https://registry.npmjs.org/picocolors 146ms (cache miss)
329 silly packumentCache full:https://registry.npmjs.org/picocolors set size:undefined disposed:false
330 silly fetch manifest scheduler@^0.27.0
331 silly packumentCache full:https://registry.npmjs.org/scheduler cache-miss
332 http fetch GET 200 https://registry.npmjs.org/dom-accessibility-api 207ms (cache miss)
333 silly packumentCache full:https://registry.npmjs.org/dom-accessibility-api set size:undefined disposed:false
334 silly fetch manifest lz-string@^1.5.0
335 silly packumentCache full:https://registry.npmjs.org/lz-string cache-miss
336 http fetch GET 200 https://registry.npmjs.org/@babel%2fruntime 204ms (cache miss)
337 silly packumentCache full:https://registry.npmjs.org/@babel%2fruntime set size:undefined disposed:false
338 silly fetch manifest aria-query@5.3.0
339 silly packumentCache full:https://registry.npmjs.org/aria-query cache-miss
340 http cache https://registry.npmjs.org/aria-query 4ms (cache hit)
341 silly packumentCache full:https://registry.npmjs.org/aria-query set size:98864 disposed:false
342 silly fetch manifest picocolors@1.1.1
343 silly packumentCache full:https://registry.npmjs.org/picocolors cache-miss
344 http cache https://registry.npmjs.org/picocolors 3ms (cache hit)
345 silly packumentCache full:https://registry.npmjs.org/picocolors set size:16648 disposed:false
346 silly fetch manifest pretty-format@^27.0.2
347 silly packumentCache full:https://registry.npmjs.org/pretty-format cache-miss
348 http fetch GET 200 https://registry.npmjs.org/scheduler 528ms (cache miss)
349 silly packumentCache full:https://registry.npmjs.org/scheduler set size:undefined disposed:false
350 silly fetch manifest @babel/code-frame@^7.10.4
351 silly packumentCache full:https://registry.npmjs.org/@babel%2fcode-frame cache-miss
352 http fetch GET 200 https://registry.npmjs.org/lz-string 427ms (cache miss)
353 silly packumentCache full:https://registry.npmjs.org/lz-string set size:undefined disposed:false
354 silly fetch manifest @types/aria-query@^5.0.1
355 silly packumentCache full:https://registry.npmjs.org/@types%2faria-query cache-miss
356 http fetch GET 200 https://registry.npmjs.org/pretty-format 498ms (cache miss)
357 silly packumentCache full:https://registry.npmjs.org/pretty-format set size:undefined disposed:false
358 silly fetch manifest dom-accessibility-api@^0.5.9
359 silly packumentCache full:https://registry.npmjs.org/dom-accessibility-api cache-miss
360 http cache https://registry.npmjs.org/dom-accessibility-api 2ms (cache hit)
361 silly packumentCache full:https://registry.npmjs.org/dom-accessibility-api set size:175425 disposed:false
362 silly fetch manifest undici-types@~6.21.0
363 silly packumentCache full:https://registry.npmjs.org/undici-types cache-miss
364 http fetch GET 200 https://registry.npmjs.org/@babel%2fcode-frame 155ms (cache miss)
365 silly packumentCache full:https://registry.npmjs.org/@babel%2fcode-frame set size:undefined disposed:false
366 silly fetch manifest csstype@^3.2.2
367 silly packumentCache full:https://registry.npmjs.org/csstype cache-miss
368 http fetch GET 200 https://registry.npmjs.org/@types%2faria-query 189ms (cache miss)
369 silly packumentCache full:https://registry.npmjs.org/@types%2faria-query set size:undefined disposed:false
370 silly fetch manifest @babel/core@^7.28.0
371 silly packumentCache full:https://registry.npmjs.org/@babel%2fcore cache-miss
372 http fetch GET 200 https://registry.npmjs.org/undici-types 81ms (cache miss)
373 silly packumentCache full:https://registry.npmjs.org/undici-types set size:undefined disposed:false
374 silly fetch manifest react-refresh@^0.17.0
375 silly packumentCache full:https://registry.npmjs.org/react-refresh cache-miss
376 http fetch GET 200 https://registry.npmjs.org/csstype 210ms (cache miss)
377 silly packumentCache full:https://registry.npmjs.org/csstype set size:undefined disposed:false
378 silly fetch manifest @types/babel__core@^7.20.5
379 silly packumentCache full:https://registry.npmjs.org/@types%2fbabel__core cache-miss
380 http fetch GET 200 https://registry.npmjs.org/@types%2fbabel__core 129ms (cache miss)
381 silly packumentCache full:https://registry.npmjs.org/@types%2fbabel__core set size:undefined disposed:false
382 silly fetch manifest @rolldown/pluginutils@1.0.0-beta.27
383 silly packumentCache full:https://registry.npmjs.org/@rolldown%2fpluginutils cache-miss
384 http fetch GET 200 https://registry.npmjs.org/@babel%2fcore 348ms (cache miss)
385 silly packumentCache full:https://registry.npmjs.org/@babel%2fcore set size:undefined disposed:false
386 silly fetch manifest @babel/plugin-transform-react-jsx-self@^7.27.1
387 silly packumentCache full:https://registry.npmjs.org/@babel%2fplugin-transform-react-jsx-self cache-miss
388 http fetch GET 200 https://registry.npmjs.org/@rolldown%2fpluginutils 87ms (cache miss)
389 silly packumentCache full:https://registry.npmjs.org/@rolldown%2fpluginutils set size:undefined disposed:false
390 silly fetch manifest @babel/plugin-transform-react-jsx-source@^7.27.1
391 silly packumentCache full:https://registry.npmjs.org/@babel%2fplugin-transform-react-jsx-source cache-miss
392 http fetch GET 200 https://registry.npmjs.org/@babel%2fplugin-transform-react-jsx-source 87ms (cache miss)
393 silly packumentCache full:https://registry.npmjs.org/@babel%2fplugin-transform-react-jsx-source set size:undefined disposed:false
394 silly fetch manifest fdir@^6.5.0
395 silly packumentCache full:https://registry.npmjs.org/fdir cache-miss
396 http fetch GET 200 https://registry.npmjs.org/@babel%2fplugin-transform-react-jsx-self 130ms (cache miss)
397 silly packumentCache full:https://registry.npmjs.org/@babel%2fplugin-transform-react-jsx-self set size:undefined disposed:false
398 silly fetch manifest rollup@^4.43.0
399 silly packumentCache full:https://registry.npmjs.org/rollup cache-miss
400 http fetch GET 200 https://registry.npmjs.org/react-refresh 507ms (cache miss)
401 silly packumentCache full:https://registry.npmjs.org/react-refresh set size:undefined disposed:false
402 silly fetch manifest esbuild@^0.27.0
403 silly packumentCache full:https://registry.npmjs.org/esbuild cache-miss
404 http fetch GET 200 https://registry.npmjs.org/fdir 80ms (cache miss)
405 silly packumentCache full:https://registry.npmjs.org/fdir set size:undefined disposed:false
406 silly fetch manifest picomatch@^4.0.3
407 silly packumentCache full:https://registry.npmjs.org/picomatch cache-miss
408 http fetch GET 200 https://registry.npmjs.org/rollup 170ms (cache miss)
409 silly packumentCache full:https://registry.npmjs.org/rollup set size:undefined disposed:false
410 silly fetch manifest tinyglobby@^0.2.15
411 silly packumentCache full:https://registry.npmjs.org/tinyglobby cache-miss
412 http fetch GET 200 https://registry.npmjs.org/picomatch 141ms (cache miss)
413 silly packumentCache full:https://registry.npmjs.org/picomatch set size:undefined disposed:false
414 silly fetch manifest fsevents@~2.3.3
415 silly packumentCache full:https://registry.npmjs.org/fsevents cache-miss
416 http fetch GET 200 https://registry.npmjs.org/esbuild 186ms (cache miss)
417 silly packumentCache full:https://registry.npmjs.org/esbuild set size:undefined disposed:false
418 silly fetch manifest parse5@^7.3.0
419 silly packumentCache full:https://registry.npmjs.org/parse5 cache-miss
420 http fetch GET 200 https://registry.npmjs.org/fsevents 78ms (cache miss)
421 silly packumentCache full:https://registry.npmjs.org/fsevents set size:undefined disposed:false
422 silly fetch manifest undici@^7.19.0
423 silly packumentCache full:https://registry.npmjs.org/undici cache-miss
424 http fetch GET 200 https://registry.npmjs.org/tinyglobby 101ms (cache miss)
425 silly packumentCache full:https://registry.npmjs.org/tinyglobby set size:undefined disposed:false
426 silly fetch manifest domutils@^3.2.2
427 silly packumentCache full:https://registry.npmjs.org/domutils cache-miss
428 http fetch GET 200 https://registry.npmjs.org/parse5 76ms (cache miss)
429 silly packumentCache full:https://registry.npmjs.org/parse5 set size:undefined disposed:false
430 silly fetch manifest domhandler@^5.0.3
431 silly packumentCache full:https://registry.npmjs.org/domhandler cache-miss
432 http fetch GET 200 https://registry.npmjs.org/domutils 91ms (cache miss)
433 silly packumentCache full:https://registry.npmjs.org/domutils set size:undefined disposed:false
434 silly fetch manifest htmlparser2@^10.1.0
435 silly packumentCache full:https://registry.npmjs.org/htmlparser2 cache-miss
436 http fetch GET 200 https://registry.npmjs.org/undici 106ms (cache miss)
437 silly packumentCache full:https://registry.npmjs.org/undici set size:undefined disposed:false
438 silly fetch manifest cheerio-select@^2.1.0
439 silly packumentCache full:https://registry.npmjs.org/cheerio-select cache-miss
440 http fetch GET 200 https://registry.npmjs.org/domhandler 76ms (cache miss)
441 silly packumentCache full:https://registry.npmjs.org/domhandler set size:undefined disposed:false
442 silly fetch manifest dom-serializer@^2.0.0
443 silly packumentCache full:https://registry.npmjs.org/dom-serializer cache-miss
444 http fetch GET 200 https://registry.npmjs.org/htmlparser2 53ms (cache miss)
445 silly packumentCache full:https://registry.npmjs.org/htmlparser2 set size:undefined disposed:false
446 silly fetch manifest whatwg-mimetype@^4.0.0
447 silly packumentCache full:https://registry.npmjs.org/whatwg-mimetype cache-miss
448 http fetch GET 200 https://registry.npmjs.org/cheerio-select 68ms (cache miss)
449 silly packumentCache full:https://registry.npmjs.org/cheerio-select set size:undefined disposed:false
450 silly fetch manifest encoding-sniffer@^0.2.1
451 silly packumentCache full:https://registry.npmjs.org/encoding-sniffer cache-miss
452 http fetch GET 200 https://registry.npmjs.org/dom-serializer 75ms (cache miss)
453 silly packumentCache full:https://registry.npmjs.org/dom-serializer set size:undefined disposed:false
454 silly fetch manifest parse5-parser-stream@^7.1.2
455 silly packumentCache full:https://registry.npmjs.org/parse5-parser-stream cache-miss
456 http fetch GET 200 https://registry.npmjs.org/encoding-sniffer 70ms (cache miss)
457 silly packumentCache full:https://registry.npmjs.org/encoding-sniffer set size:undefined disposed:false
458 silly fetch manifest parse5-htmlparser2-tree-adapter@^7.1.0
459 silly packumentCache full:https://registry.npmjs.org/parse5-htmlparser2-tree-adapter cache-miss
460 http fetch GET 200 https://registry.npmjs.org/parse5-parser-stream 70ms (cache miss)
461 silly packumentCache full:https://registry.npmjs.org/parse5-parser-stream set size:undefined disposed:false
462 silly fetch manifest ajv@^6.12.4
463 silly packumentCache full:https://registry.npmjs.org/ajv cache-miss
464 http fetch GET 200 https://registry.npmjs.org/parse5-htmlparser2-tree-adapter 71ms (cache miss)
465 silly packumentCache full:https://registry.npmjs.org/parse5-htmlparser2-tree-adapter set size:undefined disposed:false
466 silly fetch manifest chalk@^4.0.0
467 silly packumentCache full:https://registry.npmjs.org/chalk cache-miss
468 http fetch GET 200 https://registry.npmjs.org/ajv 139ms (cache miss)
469 silly packumentCache full:https://registry.npmjs.org/ajv set size:undefined disposed:false
470 silly fetch manifest debug@^4.3.2
471 silly packumentCache full:https://registry.npmjs.org/debug cache-miss
472 http fetch GET 200 https://registry.npmjs.org/chalk 94ms (cache miss)
473 silly packumentCache full:https://registry.npmjs.org/chalk set size:undefined disposed:false
474 silly fetch manifest espree@^10.4.0
475 silly packumentCache full:https://registry.npmjs.org/espree cache-miss
476 http fetch GET 200 https://registry.npmjs.org/whatwg-mimetype 329ms (cache miss)
477 silly packumentCache full:https://registry.npmjs.org/whatwg-mimetype set size:undefined disposed:false
478 silly fetch manifest ignore@^5.2.0
479 silly packumentCache full:https://registry.npmjs.org/ignore cache-miss
480 http fetch GET 200 https://registry.npmjs.org/debug 78ms (cache miss)
481 silly packumentCache full:https://registry.npmjs.org/debug set size:undefined disposed:false
482 silly fetch manifest esquery@^1.5.0
483 silly packumentCache full:https://registry.npmjs.org/esquery cache-miss
484 http fetch GET 200 https://registry.npmjs.org/espree 86ms (cache miss)
485 silly packumentCache full:https://registry.npmjs.org/espree set size:undefined disposed:false
486 silly fetch manifest esutils@^2.0.2
487 silly packumentCache full:https://registry.npmjs.org/esutils cache-miss
488 http fetch GET 200 https://registry.npmjs.org/ignore 77ms (cache miss)
489 silly packumentCache full:https://registry.npmjs.org/ignore set size:undefined disposed:false
490 silly fetch manifest find-up@^5.0.0
491 silly packumentCache full:https://registry.npmjs.org/find-up cache-miss
492 http fetch GET 200 https://registry.npmjs.org/esutils 68ms (cache miss)
493 silly packumentCache full:https://registry.npmjs.org/esutils set size:undefined disposed:false
494 silly fetch manifest is-glob@^4.0.0
495 silly packumentCache full:https://registry.npmjs.org/is-glob cache-miss
496 http fetch GET 200 https://registry.npmjs.org/find-up 49ms (cache miss)
497 silly packumentCache full:https://registry.npmjs.org/find-up set size:undefined disposed:false
498 silly fetch manifest minimatch@^3.1.2
499 silly packumentCache full:https://registry.npmjs.org/minimatch cache-miss
500 http fetch GET 200 https://registry.npmjs.org/esquery 142ms (cache miss)
501 silly packumentCache full:https://registry.npmjs.org/esquery set size:undefined disposed:false
502 silly fetch manifest @eslint/js@9.39.3
503 silly packumentCache full:https://registry.npmjs.org/@eslint%2fjs cache-miss
504 http fetch GET 200 https://registry.npmjs.org/is-glob 69ms (cache miss)
505 silly packumentCache full:https://registry.npmjs.org/is-glob set size:undefined disposed:false
506 silly fetch manifest optionator@^0.9.3
507 silly packumentCache full:https://registry.npmjs.org/optionator cache-miss
508 http fetch GET 200 https://registry.npmjs.org/minimatch 72ms (cache miss)
509 silly packumentCache full:https://registry.npmjs.org/minimatch set size:undefined disposed:false
510 silly fetch manifest cross-spawn@^7.0.6
511 silly packumentCache full:https://registry.npmjs.org/cross-spawn cache-miss
512 http fetch GET 200 https://registry.npmjs.org/optionator 69ms (cache miss)
513 silly packumentCache full:https://registry.npmjs.org/optionator set size:undefined disposed:false
514 silly fetch manifest glob-parent@^6.0.2
515 silly packumentCache full:https://registry.npmjs.org/glob-parent cache-miss
516 http fetch GET 200 https://registry.npmjs.org/@eslint%2fjs 96ms (cache miss)
517 silly packumentCache full:https://registry.npmjs.org/@eslint%2fjs set size:undefined disposed:false
518 silly fetch manifest imurmurhash@^0.1.4
519 silly packumentCache full:https://registry.npmjs.org/imurmurhash cache-miss
520 http fetch GET 200 https://registry.npmjs.org/cross-spawn 94ms (cache miss)
521 silly packumentCache full:https://registry.npmjs.org/cross-spawn set size:undefined disposed:false
522 silly fetch manifest @eslint/core@^0.17.0
523 silly packumentCache full:https://registry.npmjs.org/@eslint%2fcore cache-miss
524 http fetch GET 200 https://registry.npmjs.org/glob-parent 71ms (cache miss)
525 silly packumentCache full:https://registry.npmjs.org/glob-parent set size:undefined disposed:false
526 silly fetch manifest eslint-scope@^8.4.0
527 silly packumentCache full:https://registry.npmjs.org/eslint-scope cache-miss
528 http fetch GET 200 https://registry.npmjs.org/imurmurhash 72ms (cache miss)
529 silly packumentCache full:https://registry.npmjs.org/imurmurhash set size:undefined disposed:false
530 silly fetch manifest lodash.merge@^4.6.2
531 silly packumentCache full:https://registry.npmjs.org/lodash.merge cache-miss
532 http fetch GET 200 https://registry.npmjs.org/eslint-scope 72ms (cache miss)
533 silly packumentCache full:https://registry.npmjs.org/eslint-scope set size:undefined disposed:false
534 silly fetch manifest @humanfs/node@^0.16.6
535 silly packumentCache full:https://registry.npmjs.org/@humanfs%2fnode cache-miss
536 http fetch GET 200 https://registry.npmjs.org/lodash.merge 76ms (cache miss)
537 silly packumentCache full:https://registry.npmjs.org/lodash.merge set size:undefined disposed:false
538 silly fetch manifest @types/estree@^1.0.6
539 silly packumentCache full:https://registry.npmjs.org/@types%2festree cache-miss
540 http fetch GET 200 https://registry.npmjs.org/@eslint%2fcore 99ms (cache miss)
541 silly packumentCache full:https://registry.npmjs.org/@eslint%2fcore set size:undefined disposed:false
542 silly fetch manifest fast-deep-equal@^3.1.3
543 silly packumentCache full:https://registry.npmjs.org/fast-deep-equal cache-miss
544 http fetch GET 200 https://registry.npmjs.org/fast-deep-equal 62ms (cache miss)
545 silly packumentCache full:https://registry.npmjs.org/fast-deep-equal set size:undefined disposed:false
546 silly fetch manifest natural-compare@^1.4.0
547 silly packumentCache full:https://registry.npmjs.org/natural-compare cache-miss
548 http fetch GET 200 https://registry.npmjs.org/@humanfs%2fnode 102ms (cache miss)
549 silly packumentCache full:https://registry.npmjs.org/@humanfs%2fnode set size:undefined disposed:false
550 silly fetch manifest @eslint/eslintrc@^3.3.1
551 silly packumentCache full:https://registry.npmjs.org/@eslint%2feslintrc cache-miss
552 http fetch GET 200 https://registry.npmjs.org/@types%2festree 95ms (cache miss)
553 silly packumentCache full:https://registry.npmjs.org/@types%2festree set size:undefined disposed:false
554 silly fetch manifest file-entry-cache@^8.0.0
555 silly packumentCache full:https://registry.npmjs.org/file-entry-cache cache-miss
556 http fetch GET 200 https://registry.npmjs.org/natural-compare 52ms (cache miss)
557 silly packumentCache full:https://registry.npmjs.org/natural-compare set size:undefined disposed:false
558 silly fetch manifest @eslint/plugin-kit@^0.4.1
559 silly packumentCache full:https://registry.npmjs.org/@eslint%2fplugin-kit cache-miss
560 http fetch GET 200 https://registry.npmjs.org/file-entry-cache 86ms (cache miss)
561 silly packumentCache full:https://registry.npmjs.org/file-entry-cache set size:undefined disposed:false
562 silly fetch manifest eslint-visitor-keys@^4.2.1
563 silly packumentCache full:https://registry.npmjs.org/eslint-visitor-keys cache-miss
564 http fetch GET 200 https://registry.npmjs.org/@eslint%2feslintrc 105ms (cache miss)
565 silly packumentCache full:https://registry.npmjs.org/@eslint%2feslintrc set size:undefined disposed:false
566 silly fetch manifest @eslint/config-array@^0.21.1
567 silly packumentCache full:https://registry.npmjs.org/@eslint%2fconfig-array cache-miss
568 http fetch GET 200 https://registry.npmjs.org/@eslint%2fplugin-kit 75ms (cache miss)
569 silly packumentCache full:https://registry.npmjs.org/@eslint%2fplugin-kit set size:undefined disposed:false
570 silly fetch manifest @humanwhocodes/retry@^0.4.2
571 silly packumentCache full:https://registry.npmjs.org/@humanwhocodes%2fretry cache-miss
572 http fetch GET 200 https://registry.npmjs.org/@humanwhocodes%2fretry 74ms (cache miss)
573 silly packumentCache full:https://registry.npmjs.org/@humanwhocodes%2fretry set size:undefined disposed:false
574 silly fetch manifest escape-string-regexp@^4.0.0
575 silly packumentCache full:https://registry.npmjs.org/escape-string-regexp cache-miss
576 http fetch GET 200 https://registry.npmjs.org/eslint-visitor-keys 86ms (cache miss)
577 silly packumentCache full:https://registry.npmjs.org/eslint-visitor-keys set size:undefined disposed:false
578 silly fetch manifest @eslint/config-helpers@^0.4.2
579 silly packumentCache full:https://registry.npmjs.org/@eslint%2fconfig-helpers cache-miss
580 http fetch GET 200 https://registry.npmjs.org/@eslint%2fconfig-array 91ms (cache miss)
581 silly packumentCache full:https://registry.npmjs.org/@eslint%2fconfig-array set size:undefined disposed:false
582 silly fetch manifest @eslint-community/regexpp@^4.12.1
583 silly packumentCache full:https://registry.npmjs.org/@eslint-community%2fregexpp cache-miss
584 http fetch GET 200 https://registry.npmjs.org/escape-string-regexp 132ms (cache miss)
585 silly packumentCache full:https://registry.npmjs.org/escape-string-regexp set size:undefined disposed:false
586 silly fetch manifest @eslint-community/eslint-utils@^4.8.0
587 silly packumentCache full:https://registry.npmjs.org/@eslint-community%2feslint-utils cache-miss
588 http fetch GET 200 https://registry.npmjs.org/@eslint%2fconfig-helpers 171ms (cache miss)
589 silly packumentCache full:https://registry.npmjs.org/@eslint%2fconfig-helpers set size:undefined disposed:false
590 silly fetch manifest @humanwhocodes/module-importer@^1.0.1
591 silly packumentCache full:https://registry.npmjs.org/@humanwhocodes%2fmodule-importer cache-miss
592 http fetch GET 200 https://registry.npmjs.org/@eslint-community%2fregexpp 164ms (cache miss)
593 silly packumentCache full:https://registry.npmjs.org/@eslint-community%2fregexpp set size:undefined disposed:false
594 silly fetch manifest json-stable-stringify-without-jsonify@^1.0.1
595 silly packumentCache full:https://registry.npmjs.org/json-stable-stringify-without-jsonify cache-miss
596 http fetch GET 200 https://registry.npmjs.org/json-stable-stringify-without-jsonify 169ms (cache miss)
597 silly packumentCache full:https://registry.npmjs.org/json-stable-stringify-without-jsonify set size:undefined disposed:false
598 silly fetch manifest eslint-plugin-react@^7.37.0
599 silly packumentCache full:https://registry.npmjs.org/eslint-plugin-react cache-miss
600 http fetch GET 200 https://registry.npmjs.org/@humanwhocodes%2fmodule-importer 184ms (cache miss)
601 silly packumentCache full:https://registry.npmjs.org/@humanwhocodes%2fmodule-importer set size:undefined disposed:false
602 silly fetch manifest eslint-plugin-import@^2.31.0
603 silly packumentCache full:https://registry.npmjs.org/eslint-plugin-import cache-miss
604 http fetch GET 200 https://registry.npmjs.org/@eslint-community%2feslint-utils 267ms (cache miss)
605 silly packumentCache full:https://registry.npmjs.org/@eslint-community%2feslint-utils set size:undefined disposed:false
606 silly fetch manifest eslint-plugin-jsx-a11y@^6.10.0
607 silly packumentCache full:https://registry.npmjs.org/eslint-plugin-jsx-a11y cache-miss
608 http fetch GET 200 https://registry.npmjs.org/eslint-plugin-jsx-a11y 130ms (cache miss)
609 silly packumentCache full:https://registry.npmjs.org/eslint-plugin-jsx-a11y set size:undefined disposed:false
610 silly fetch manifest @rushstack/eslint-patch@^1.10.3
611 silly packumentCache full:https://registry.npmjs.org/@rushstack%2feslint-patch cache-miss
612 http fetch GET 200 https://registry.npmjs.org/eslint-plugin-react 200ms (cache miss)
613 silly packumentCache full:https://registry.npmjs.org/eslint-plugin-react set size:undefined disposed:false
614 silly fetch manifest @next/eslint-plugin-next@15.1.6
615 silly packumentCache full:https://registry.npmjs.org/@next%2feslint-plugin-next cache-miss
616 http fetch GET 200 https://registry.npmjs.org/eslint-plugin-import 203ms (cache miss)
617 silly packumentCache full:https://registry.npmjs.org/eslint-plugin-import set size:undefined disposed:false
618 silly fetch manifest @typescript-eslint/parser@^5.4.2 || ^6.0.0 || ^7.0.0 || ^8.0.0
619 silly packumentCache full:https://registry.npmjs.org/@typescript-eslint%2fparser cache-miss
620 http fetch GET 200 https://registry.npmjs.org/@rushstack%2feslint-patch 124ms (cache miss)
621 silly packumentCache full:https://registry.npmjs.org/@rushstack%2feslint-patch set size:undefined disposed:false
622 silly fetch manifest eslint-plugin-react-hooks@^5.0.0
623 silly packumentCache full:https://registry.npmjs.org/eslint-plugin-react-hooks cache-miss
624 http fetch GET 200 https://registry.npmjs.org/@next%2feslint-plugin-next 350ms (cache miss)
625 silly packumentCache full:https://registry.npmjs.org/@next%2feslint-plugin-next set size:undefined disposed:false
626 silly fetch manifest eslint-import-resolver-node@^0.3.6
627 silly packumentCache full:https://registry.npmjs.org/eslint-import-resolver-node cache-miss
628 http fetch GET 200 https://registry.npmjs.org/eslint-import-resolver-node 86ms (cache miss)
629 silly packumentCache full:https://registry.npmjs.org/eslint-import-resolver-node set size:undefined disposed:false
630 silly fetch manifest @typescript-eslint/eslint-plugin@^5.4.2 || ^6.0.0 || ^7.0.0 || ^8.0.0
631 silly packumentCache full:https://registry.npmjs.org/@typescript-eslint%2feslint-plugin cache-miss
632 http fetch GET 200 https://registry.npmjs.org/eslint-plugin-react-hooks 439ms (cache miss)
633 silly packumentCache full:https://registry.npmjs.org/eslint-plugin-react-hooks set size:undefined disposed:false
634 silly fetch manifest eslint-import-resolver-typescript@^3.5.2
635 silly packumentCache full:https://registry.npmjs.org/eslint-import-resolver-typescript cache-miss
636 http fetch GET 200 https://registry.npmjs.org/eslint-import-resolver-typescript 369ms (cache miss)
637 silly packumentCache full:https://registry.npmjs.org/eslint-import-resolver-typescript set size:undefined disposed:false
638 silly fetch manifest ws@^8.18.0
639 silly packumentCache full:https://registry.npmjs.org/ws cache-miss
640 http fetch GET 200 https://registry.npmjs.org/@typescript-eslint%2feslint-plugin 535ms (cache miss)
641 silly packumentCache full:https://registry.npmjs.org/@typescript-eslint%2feslint-plugin set size:undefined disposed:false
642 silly fetch manifest saxes@^6.0.0
643 silly packumentCache full:https://registry.npmjs.org/saxes cache-miss
644 http fetch GET 200 https://registry.npmjs.org/ws 137ms (cache miss)
645 silly packumentCache full:https://registry.npmjs.org/ws set size:undefined disposed:false
646 silly fetch manifest nwsapi@^2.2.12
647 silly packumentCache full:https://registry.npmjs.org/nwsapi cache-miss
648 http fetch GET 200 https://registry.npmjs.org/saxes 75ms (cache miss)
649 silly packumentCache full:https://registry.npmjs.org/saxes set size:undefined disposed:false
650 silly fetch manifest parse5@^7.1.2
651 silly packumentCache full:https://registry.npmjs.org/parse5 cache-miss
652 http cache https://registry.npmjs.org/parse5 4ms (cache hit)
653 silly packumentCache full:https://registry.npmjs.org/parse5 set size:120807 disposed:false
654 silly fetch manifest cssstyle@^4.1.0
655 silly packumentCache full:https://registry.npmjs.org/cssstyle cache-miss
656 http fetch GET 200 https://registry.npmjs.org/cssstyle 71ms (cache miss)
657 silly packumentCache full:https://registry.npmjs.org/cssstyle set size:undefined disposed:false
658 silly fetch manifest data-urls@^5.0.0
659 silly packumentCache full:https://registry.npmjs.org/data-urls cache-miss
660 http fetch GET 200 https://registry.npmjs.org/data-urls 67ms (cache miss)
661 silly packumentCache full:https://registry.npmjs.org/data-urls set size:undefined disposed:false
662 silly fetch manifest form-data@^4.0.0
663 silly packumentCache full:https://registry.npmjs.org/form-data cache-miss
664 http fetch GET 200 https://registry.npmjs.org/nwsapi 248ms (cache miss)
665 silly packumentCache full:https://registry.npmjs.org/nwsapi set size:undefined disposed:false
666 silly fetch manifest decimal.js@^10.4.3
667 silly packumentCache full:https://registry.npmjs.org/decimal.js cache-miss
668 http fetch GET 200 https://registry.npmjs.org/form-data 76ms (cache miss)
669 silly packumentCache full:https://registry.npmjs.org/form-data set size:undefined disposed:false
670 silly fetch manifest whatwg-url@^14.0.0
671 silly packumentCache full:https://registry.npmjs.org/whatwg-url cache-miss
672 http fetch GET 200 https://registry.npmjs.org/decimal.js 65ms (cache miss)
673 silly packumentCache full:https://registry.npmjs.org/decimal.js set size:undefined disposed:false
674 silly fetch manifest rrweb-cssom@^0.7.1
675 silly packumentCache full:https://registry.npmjs.org/rrweb-cssom cache-miss
676 http fetch GET 200 https://registry.npmjs.org/whatwg-url 77ms (cache miss)
677 silly packumentCache full:https://registry.npmjs.org/whatwg-url set size:undefined disposed:false
678 silly fetch manifest symbol-tree@^3.2.4
679 silly packumentCache full:https://registry.npmjs.org/symbol-tree cache-miss
680 http fetch GET 200 https://registry.npmjs.org/rrweb-cssom 46ms (cache miss)
681 silly packumentCache full:https://registry.npmjs.org/rrweb-cssom set size:undefined disposed:false
682 silly fetch manifest tough-cookie@^5.0.0
683 silly packumentCache full:https://registry.npmjs.org/tough-cookie cache-miss
684 http fetch GET 200 https://registry.npmjs.org/symbol-tree 78ms (cache miss)
685 silly packumentCache full:https://registry.npmjs.org/symbol-tree set size:undefined disposed:false
686 silly fetch manifest whatwg-encoding@^3.1.1
687 silly packumentCache full:https://registry.npmjs.org/whatwg-encoding cache-miss
688 http fetch GET 200 https://registry.npmjs.org/tough-cookie 66ms (cache miss)
689 silly packumentCache full:https://registry.npmjs.org/tough-cookie set size:undefined disposed:false
690 silly fetch manifest http-proxy-agent@^7.0.2
691 silly packumentCache full:https://registry.npmjs.org/http-proxy-agent cache-miss
692 http fetch GET 200 https://registry.npmjs.org/http-proxy-agent 52ms (cache miss)
693 silly packumentCache full:https://registry.npmjs.org/http-proxy-agent set size:undefined disposed:false
694 silly fetch manifest https-proxy-agent@^7.0.5
695 silly packumentCache full:https://registry.npmjs.org/https-proxy-agent cache-miss
696 http fetch GET 200 https://registry.npmjs.org/whatwg-encoding 69ms (cache miss)
697 silly packumentCache full:https://registry.npmjs.org/whatwg-encoding set size:undefined disposed:false
698 silly fetch manifest w3c-xmlserializer@^5.0.0
699 silly packumentCache full:https://registry.npmjs.org/w3c-xmlserializer cache-miss
700 http fetch GET 200 https://registry.npmjs.org/https-proxy-agent 66ms (cache miss)
701 silly packumentCache full:https://registry.npmjs.org/https-proxy-agent set size:undefined disposed:false
702 silly fetch manifest webidl-conversions@^7.0.0
703 silly packumentCache full:https://registry.npmjs.org/webidl-conversions cache-miss
704 http fetch GET 200 https://registry.npmjs.org/w3c-xmlserializer 69ms (cache miss)
705 silly packumentCache full:https://registry.npmjs.org/w3c-xmlserializer set size:undefined disposed:false
706 silly fetch manifest xml-name-validator@^5.0.0
707 silly packumentCache full:https://registry.npmjs.org/xml-name-validator cache-miss
708 http fetch GET 200 https://registry.npmjs.org/webidl-conversions 53ms (cache miss)
709 silly packumentCache full:https://registry.npmjs.org/webidl-conversions set size:undefined disposed:false
710 silly fetch manifest html-encoding-sniffer@^4.0.0
711 silly packumentCache full:https://registry.npmjs.org/html-encoding-sniffer cache-miss
712 http fetch GET 200 https://registry.npmjs.org/xml-name-validator 69ms (cache miss)
713 silly packumentCache full:https://registry.npmjs.org/xml-name-validator set size:undefined disposed:false
714 silly fetch manifest is-potential-custom-element-name@^1.0.1
715 silly packumentCache full:https://registry.npmjs.org/is-potential-custom-element-name cache-miss
716 http fetch GET 200 https://registry.npmjs.org/is-potential-custom-element-name 74ms (cache miss)
717 silly packumentCache full:https://registry.npmjs.org/is-potential-custom-element-name set size:undefined disposed:false
718 silly fetch manifest yaml@^2.7.0
719 silly packumentCache full:https://registry.npmjs.org/yaml cache-miss
720 http cache https://registry.npmjs.org/yaml 4ms (cache hit)
721 silly packumentCache full:https://registry.npmjs.org/yaml set size:361552 disposed:false
722 silly fetch manifest chalk@^5.4.1
723 silly packumentCache full:https://registry.npmjs.org/chalk cache-miss
724 http cache https://registry.npmjs.org/chalk 2ms (cache hit)
725 silly packumentCache full:https://registry.npmjs.org/chalk set size:117861 disposed:false
726 silly fetch manifest debug@^4.4.0
727 silly packumentCache full:https://registry.npmjs.org/debug cache-miss
728 http cache https://registry.npmjs.org/debug 2ms (cache hit)
729 silly packumentCache full:https://registry.npmjs.org/debug set size:195840 disposed:false
730 silly fetch manifest execa@^8.0.1
731 silly packumentCache full:https://registry.npmjs.org/execa cache-miss
732 http fetch GET 200 https://registry.npmjs.org/html-encoding-sniffer 139ms (cache miss)
733 silly packumentCache full:https://registry.npmjs.org/html-encoding-sniffer set size:undefined disposed:false
734 silly fetch manifest listr2@^8.2.5
735 silly packumentCache full:https://registry.npmjs.org/listr2 cache-miss
736 http fetch GET 200 https://registry.npmjs.org/execa 79ms (cache miss)
737 silly packumentCache full:https://registry.npmjs.org/execa set size:undefined disposed:false
738 silly fetch manifest pidtree@^0.6.0
739 silly packumentCache full:https://registry.npmjs.org/pidtree cache-miss
740 http fetch GET 200 https://registry.npmjs.org/listr2 105ms (cache miss)
741 silly packumentCache full:https://registry.npmjs.org/listr2 set size:undefined disposed:false
742 silly fetch manifest commander@^13.1.0
743 silly packumentCache full:https://registry.npmjs.org/commander cache-miss
744 http fetch GET 200 https://registry.npmjs.org/pidtree 73ms (cache miss)
745 silly packumentCache full:https://registry.npmjs.org/pidtree set size:undefined disposed:false
746 silly fetch manifest lilconfig@^3.1.3
747 silly packumentCache full:https://registry.npmjs.org/lilconfig cache-miss
748 http fetch GET 200 https://registry.npmjs.org/commander 79ms (cache miss)
749 silly packumentCache full:https://registry.npmjs.org/commander set size:undefined disposed:false
750 silly fetch manifest micromatch@^4.0.8
751 silly packumentCache full:https://registry.npmjs.org/micromatch cache-miss
752 http fetch GET 200 https://registry.npmjs.org/lilconfig 73ms (cache miss)
753 silly packumentCache full:https://registry.npmjs.org/lilconfig set size:undefined disposed:false
754 silly fetch manifest string-argv@^0.3.2
755 silly packumentCache full:https://registry.npmjs.org/string-argv cache-miss
756 http fetch GET 200 https://registry.npmjs.org/micromatch 79ms (cache miss)
757 silly packumentCache full:https://registry.npmjs.org/micromatch set size:undefined disposed:false
758 silly fetch manifest busboy@1.6.0
759 silly packumentCache full:https://registry.npmjs.org/busboy cache-miss
760 http fetch GET 200 https://registry.npmjs.org/string-argv 72ms (cache miss)
761 silly packumentCache full:https://registry.npmjs.org/string-argv set size:undefined disposed:false
762 silly fetch manifest postcss@8.4.31
763 silly packumentCache full:https://registry.npmjs.org/postcss cache-hit
764 silly fetch manifest @next/env@15.1.6
765 silly packumentCache full:https://registry.npmjs.org/@next%2fenv cache-miss
766 http fetch GET 200 https://registry.npmjs.org/busboy 61ms (cache miss)
767 silly packumentCache full:https://registry.npmjs.org/busboy set size:undefined disposed:false
768 silly fetch manifest styled-jsx@5.1.6
769 silly packumentCache full:https://registry.npmjs.org/styled-jsx cache-miss
770 http fetch GET 200 https://registry.npmjs.org/@next%2fenv 256ms (cache miss)
771 silly packumentCache full:https://registry.npmjs.org/@next%2fenv set size:undefined disposed:false
772 silly fetch manifest @swc/counter@0.1.3
773 silly packumentCache full:https://registry.npmjs.org/@swc%2fcounter cache-miss
774 http fetch GET 200 https://registry.npmjs.org/styled-jsx 230ms (cache miss)
775 silly packumentCache full:https://registry.npmjs.org/styled-jsx set size:undefined disposed:false
776 silly fetch manifest @swc/helpers@0.5.15
777 silly packumentCache full:https://registry.npmjs.org/@swc%2fhelpers cache-miss
778 http fetch GET 200 https://registry.npmjs.org/@typescript-eslint%2fparser 2485ms (cache miss)
779 silly packumentCache full:https://registry.npmjs.org/@typescript-eslint%2fparser set size:undefined disposed:false
780 silly fetch manifest caniuse-lite@^1.0.30001579
781 silly packumentCache full:https://registry.npmjs.org/caniuse-lite cache-miss
782 http fetch GET 200 https://registry.npmjs.org/@swc%2fhelpers 153ms (cache miss)
783 silly packumentCache full:https://registry.npmjs.org/@swc%2fhelpers set size:undefined disposed:false
784 silly fetch manifest sharp@^0.33.5
785 silly packumentCache full:https://registry.npmjs.org/sharp cache-miss
786 http fetch GET 200 https://registry.npmjs.org/sharp 345ms (cache miss)
787 silly packumentCache full:https://registry.npmjs.org/sharp set size:undefined disposed:false
788 silly fetch manifest @next/swc-darwin-x64@15.1.6
789 silly packumentCache full:https://registry.npmjs.org/@next%2fswc-darwin-x64 cache-miss
790 http fetch GET 200 https://registry.npmjs.org/@swc%2fcounter 550ms (cache miss)
791 silly packumentCache full:https://registry.npmjs.org/@swc%2fcounter set size:undefined disposed:false
792 silly fetch manifest @next/swc-darwin-arm64@15.1.6
793 silly packumentCache full:https://registry.npmjs.org/@next%2fswc-darwin-arm64 cache-miss
794 http fetch GET 200 https://registry.npmjs.org/caniuse-lite 404ms (cache miss)
795 silly packumentCache full:https://registry.npmjs.org/caniuse-lite set size:undefined disposed:false
796 silly fetch manifest @next/swc-linux-x64-gnu@15.1.6
797 silly packumentCache full:https://registry.npmjs.org/@next%2fswc-linux-x64-gnu cache-miss
798 http fetch GET 200 https://registry.npmjs.org/@next%2fswc-darwin-arm64 313ms (cache miss)
799 silly packumentCache full:https://registry.npmjs.org/@next%2fswc-darwin-arm64 set size:undefined disposed:false
800 silly fetch manifest @next/swc-linux-x64-musl@15.1.6
801 silly packumentCache full:https://registry.npmjs.org/@next%2fswc-linux-x64-musl cache-miss
802 http fetch GET 200 https://registry.npmjs.org/@next%2fswc-linux-x64-musl 444ms (cache miss)
803 silly packumentCache full:https://registry.npmjs.org/@next%2fswc-linux-x64-musl set size:undefined disposed:false
804 silly fetch manifest @next/swc-win32-x64-msvc@15.1.6
805 silly packumentCache full:https://registry.npmjs.org/@next%2fswc-win32-x64-msvc cache-miss
806 http fetch GET 200 https://registry.npmjs.org/@next%2fswc-linux-x64-gnu 924ms (cache miss)
807 silly packumentCache full:https://registry.npmjs.org/@next%2fswc-linux-x64-gnu set size:undefined disposed:false
808 silly fetch manifest @next/swc-linux-arm64-gnu@15.1.6
809 silly packumentCache full:https://registry.npmjs.org/@next%2fswc-linux-arm64-gnu cache-miss
810 http fetch GET 200 https://registry.npmjs.org/@next%2fswc-win32-x64-msvc 387ms (cache miss)
811 silly packumentCache full:https://registry.npmjs.org/@next%2fswc-win32-x64-msvc set size:undefined disposed:false
812 silly fetch manifest @next/swc-linux-arm64-musl@15.1.6
813 silly packumentCache full:https://registry.npmjs.org/@next%2fswc-linux-arm64-musl cache-miss
814 http fetch GET 200 https://registry.npmjs.org/@next%2fswc-darwin-x64 1538ms (cache miss)
815 silly packumentCache full:https://registry.npmjs.org/@next%2fswc-darwin-x64 set size:undefined disposed:false
816 silly fetch manifest @next/swc-win32-arm64-msvc@15.1.6
817 silly packumentCache full:https://registry.npmjs.org/@next%2fswc-win32-arm64-msvc cache-miss
818 http fetch GET 200 https://registry.npmjs.org/@next%2fswc-linux-arm64-gnu 611ms (cache miss)
819 silly packumentCache full:https://registry.npmjs.org/@next%2fswc-linux-arm64-gnu set size:undefined disposed:false
820 silly fetch manifest nanoid@^3.3.11
821 silly packumentCache full:https://registry.npmjs.org/nanoid cache-miss
822 http fetch GET 200 https://registry.npmjs.org/@next%2fswc-linux-arm64-musl 439ms (cache miss)
823 silly packumentCache full:https://registry.npmjs.org/@next%2fswc-linux-arm64-musl set size:undefined disposed:false
824 silly fetch manifest source-map-js@^1.2.1
825 silly packumentCache full:https://registry.npmjs.org/source-map-js cache-miss
826 http fetch GET 200 https://registry.npmjs.org/source-map-js 74ms (cache miss)
827 silly packumentCache full:https://registry.npmjs.org/source-map-js set size:undefined disposed:false
828 silly fetch manifest chai@^5.2.0
829 silly packumentCache full:https://registry.npmjs.org/chai cache-miss
830 http fetch GET 200 https://registry.npmjs.org/nanoid 153ms (cache miss)
831 silly packumentCache full:https://registry.npmjs.org/nanoid set size:undefined disposed:false
832 silly fetch manifest debug@^4.4.1
833 silly packumentCache full:https://registry.npmjs.org/debug cache-hit
834 silly fetch manifest pathe@^2.0.3
835 silly packumentCache full:https://registry.npmjs.org/pathe cache-miss
836 http fetch GET 200 https://registry.npmjs.org/chai 73ms (cache miss)
837 silly packumentCache full:https://registry.npmjs.org/chai set size:undefined disposed:false
838 silly fetch manifest std-env@^3.9.0
839 silly packumentCache full:https://registry.npmjs.org/std-env cache-miss
840 http fetch GET 200 https://registry.npmjs.org/pathe 72ms (cache miss)
841 silly packumentCache full:https://registry.npmjs.org/pathe set size:undefined disposed:false
842 silly fetch manifest tinyexec@^0.3.2
843 silly packumentCache full:https://registry.npmjs.org/tinyexec cache-miss
844 http fetch GET 200 https://registry.npmjs.org/std-env 76ms (cache miss)
845 silly packumentCache full:https://registry.npmjs.org/std-env set size:undefined disposed:false
846 silly fetch manifest tinypool@^1.1.1
847 silly packumentCache full:https://registry.npmjs.org/tinypool cache-miss
848 http fetch GET 200 https://registry.npmjs.org/tinyexec 74ms (cache miss)
849 silly packumentCache full:https://registry.npmjs.org/tinyexec set size:undefined disposed:false
850 silly fetch manifest picomatch@^4.0.2
851 silly packumentCache full:https://registry.npmjs.org/picomatch cache-miss
852 http cache https://registry.npmjs.org/picomatch 5ms (cache hit)
853 silly packumentCache full:https://registry.npmjs.org/picomatch set size:118818 disposed:false
854 silly fetch manifest tinybench@^2.9.0
855 silly packumentCache full:https://registry.npmjs.org/tinybench cache-miss
856 http fetch GET 200 https://registry.npmjs.org/tinypool 80ms (cache miss)
857 silly packumentCache full:https://registry.npmjs.org/tinypool set size:undefined disposed:false
858 silly fetch manifest vite-node@3.2.4
859 silly packumentCache full:https://registry.npmjs.org/vite-node cache-miss
860 http fetch GET 200 https://registry.npmjs.org/vite-node 97ms (cache miss)
861 silly packumentCache full:https://registry.npmjs.org/vite-node set size:undefined disposed:false
862 silly fetch manifest tinyglobby@^0.2.14
863 silly packumentCache full:https://registry.npmjs.org/tinyglobby cache-miss
864 http cache https://registry.npmjs.org/tinyglobby 3ms (cache hit)
865 silly packumentCache full:https://registry.npmjs.org/tinyglobby set size:49812 disposed:false
866 silly fetch manifest @types/chai@^5.2.2
867 silly packumentCache full:https://registry.npmjs.org/@types%2fchai cache-miss
868 http fetch GET 200 https://registry.npmjs.org/@types%2fchai 84ms (cache miss)
869 silly packumentCache full:https://registry.npmjs.org/@types%2fchai set size:undefined disposed:false
870 silly fetch manifest @vitest/spy@3.2.4
871 silly packumentCache full:https://registry.npmjs.org/@vitest%2fspy cache-miss
872 http fetch GET 200 https://registry.npmjs.org/@vitest%2fspy 98ms (cache miss)
873 silly packumentCache full:https://registry.npmjs.org/@vitest%2fspy set size:undefined disposed:false
874 silly fetch manifest expect-type@^1.2.1
875 silly packumentCache full:https://registry.npmjs.org/expect-type cache-miss
876 http fetch GET 200 https://registry.npmjs.org/@next%2fswc-win32-arm64-msvc 786ms (cache miss)
877 silly packumentCache full:https://registry.npmjs.org/@next%2fswc-win32-arm64-msvc set size:undefined disposed:false
878 silly fetch manifest tinyrainbow@^2.0.0
879 silly packumentCache full:https://registry.npmjs.org/tinyrainbow cache-miss
880 http fetch GET 200 https://registry.npmjs.org/expect-type 82ms (cache miss)
881 silly packumentCache full:https://registry.npmjs.org/expect-type set size:undefined disposed:false
882 silly fetch manifest magic-string@^0.30.17
883 silly packumentCache full:https://registry.npmjs.org/magic-string cache-miss
884 http fetch GET 200 https://registry.npmjs.org/tinyrainbow 63ms (cache miss)
885 silly packumentCache full:https://registry.npmjs.org/tinyrainbow set size:undefined disposed:false
886 silly fetch manifest @vitest/utils@3.2.4
887 silly packumentCache full:https://registry.npmjs.org/@vitest%2futils cache-miss
888 http fetch GET 200 https://registry.npmjs.org/magic-string 73ms (cache miss)
889 silly packumentCache full:https://registry.npmjs.org/magic-string set size:undefined disposed:false
890 silly fetch manifest @vitest/expect@3.2.4
891 silly packumentCache full:https://registry.npmjs.org/@vitest%2fexpect cache-miss
892 http fetch GET 200 https://registry.npmjs.org/@vitest%2fexpect 99ms (cache miss)
893 silly packumentCache full:https://registry.npmjs.org/@vitest%2fexpect set size:undefined disposed:false
894 silly fetch manifest @vitest/mocker@3.2.4
895 silly packumentCache full:https://registry.npmjs.org/@vitest%2fmocker cache-miss
896 http fetch GET 200 https://registry.npmjs.org/@vitest%2futils 127ms (cache miss)
897 silly packumentCache full:https://registry.npmjs.org/@vitest%2futils set size:undefined disposed:false
898 silly fetch manifest @vitest/runner@3.2.4
899 silly packumentCache full:https://registry.npmjs.org/@vitest%2frunner cache-miss
900 http fetch GET 200 https://registry.npmjs.org/tinybench 670ms (cache miss)
901 silly packumentCache full:https://registry.npmjs.org/tinybench set size:undefined disposed:false
902 silly fetch manifest @vitest/snapshot@3.2.4
903 silly packumentCache full:https://registry.npmjs.org/@vitest%2fsnapshot cache-miss
904 http fetch GET 200 https://registry.npmjs.org/@vitest%2fmocker 93ms (cache miss)
905 silly packumentCache full:https://registry.npmjs.org/@vitest%2fmocker set size:undefined disposed:false
906 silly fetch manifest why-is-node-running@^2.3.0
907 silly packumentCache full:https://registry.npmjs.org/why-is-node-running cache-miss
908 http fetch GET 200 https://registry.npmjs.org/@vitest%2frunner 90ms (cache miss)
909 silly packumentCache full:https://registry.npmjs.org/@vitest%2frunner set size:undefined disposed:false
910 silly fetch manifest @vitest/pretty-format@^3.2.4
911 silly packumentCache full:https://registry.npmjs.org/@vitest%2fpretty-format cache-miss
912 http fetch GET 200 https://registry.npmjs.org/@vitest%2fsnapshot 107ms (cache miss)
913 silly packumentCache full:https://registry.npmjs.org/@vitest%2fsnapshot set size:undefined disposed:false
914 http fetch GET 200 https://registry.npmjs.org/why-is-node-running 68ms (cache miss)
915 silly packumentCache full:https://registry.npmjs.org/why-is-node-running set size:undefined disposed:false
916 http fetch GET 200 https://registry.npmjs.org/@vitest%2fpretty-format 454ms (cache miss)
917 silly packumentCache full:https://registry.npmjs.org/@vitest%2fpretty-format set size:undefined disposed:false
918 silly placeDep ROOT @types/cookie@0.6.0 OK for: @supabase/ssr@0.5.2 want: ^0.6.0
919 silly placeDep ROOT cookie@0.7.2 OK for: @supabase/ssr@0.5.2 want: ^0.7.0
920 silly fetch manifest @supabase/auth-js@2.98.0
921 silly packumentCache full:https://registry.npmjs.org/@supabase%2fauth-js cache-miss
922 http fetch GET 200 https://registry.npmjs.org/@supabase%2fauth-js 111ms (cache miss)
923 silly packumentCache full:https://registry.npmjs.org/@supabase%2fauth-js set size:undefined disposed:false
924 silly fetch manifest @supabase/storage-js@2.98.0
925 silly packumentCache full:https://registry.npmjs.org/@supabase%2fstorage-js cache-miss
926 http fetch GET 200 https://registry.npmjs.org/@supabase%2fstorage-js 110ms (cache miss)
927 silly packumentCache full:https://registry.npmjs.org/@supabase%2fstorage-js set size:undefined disposed:false
928 silly fetch manifest @supabase/functions-js@2.98.0
929 silly packumentCache full:https://registry.npmjs.org/@supabase%2ffunctions-js cache-miss
930 http fetch GET 200 https://registry.npmjs.org/@supabase%2ffunctions-js 579ms (cache miss)
931 silly packumentCache full:https://registry.npmjs.org/@supabase%2ffunctions-js set size:undefined disposed:false
932 silly fetch manifest @supabase/postgrest-js@2.98.0
933 silly packumentCache full:https://registry.npmjs.org/@supabase%2fpostgrest-js cache-miss
934 http fetch GET 200 https://registry.npmjs.org/@supabase%2fpostgrest-js 142ms (cache miss)
935 silly packumentCache full:https://registry.npmjs.org/@supabase%2fpostgrest-js set size:undefined disposed:false
936 silly placeDep ROOT @supabase/auth-js@2.98.0 OK for: @supabase/supabase-js@2.98.0 want: 2.98.0
937 silly placeDep ROOT @supabase/functions-js@2.98.0 OK for: @supabase/supabase-js@2.98.0 want: 2.98.0
938 silly placeDep ROOT @supabase/postgrest-js@2.98.0 OK for: @supabase/supabase-js@2.98.0 want: 2.98.0
939 silly placeDep ROOT @supabase/realtime-js@2.98.0 OK for: @supabase/supabase-js@2.98.0 want: 2.98.0
940 silly placeDep ROOT @supabase/storage-js@2.98.0 OK for: @supabase/supabase-js@2.98.0 want: 2.98.0
941 silly fetch manifest tslib@2.8.1
942 silly packumentCache full:https://registry.npmjs.org/tslib cache-miss
943 silly fetch manifest tslib@2.8.1
944 silly packumentCache full:https://registry.npmjs.org/tslib cache-miss
945 silly fetch manifest tslib@2.8.1
946 silly packumentCache full:https://registry.npmjs.org/tslib cache-miss
947 silly fetch manifest ws@^8.18.2
948 silly packumentCache full:https://registry.npmjs.org/ws cache-miss
949 silly fetch manifest tslib@2.8.1
950 silly packumentCache full:https://registry.npmjs.org/tslib cache-miss
951 silly fetch manifest @types/ws@^8.18.1
952 silly packumentCache full:https://registry.npmjs.org/@types%2fws cache-miss
953 silly fetch manifest @types/phoenix@^1.6.6
954 silly packumentCache full:https://registry.npmjs.org/@types%2fphoenix cache-miss
955 http cache https://registry.npmjs.org/ws 9ms (cache hit)
956 silly packumentCache full:https://registry.npmjs.org/ws set size:413307 disposed:false
957 silly fetch manifest tslib@2.8.1
958 silly packumentCache full:https://registry.npmjs.org/tslib cache-miss
959 http fetch GET 200 https://registry.npmjs.org/tslib 58ms (cache miss)
960 silly packumentCache full:https://registry.npmjs.org/tslib set size:undefined disposed:false
961 silly fetch manifest iceberg-js@^0.8.1
962 silly packumentCache full:https://registry.npmjs.org/iceberg-js cache-miss
963 http fetch GET 200 https://registry.npmjs.org/tslib 72ms (cache miss)
964 silly packumentCache full:https://registry.npmjs.org/tslib set size:undefined disposed:false
965 http fetch GET 200 https://registry.npmjs.org/tslib 87ms (cache miss)
966 silly packumentCache full:https://registry.npmjs.org/tslib set size:undefined disposed:false
967 http fetch GET 200 https://registry.npmjs.org/@types%2fphoenix 150ms (cache miss)
968 silly packumentCache full:https://registry.npmjs.org/@types%2fphoenix set size:undefined disposed:false
969 http fetch GET 200 https://registry.npmjs.org/iceberg-js 702ms (cache miss)
970 silly packumentCache full:https://registry.npmjs.org/iceberg-js set size:undefined disposed:false
971 silly placeDep ROOT tslib@2.8.1 OK for: @supabase/auth-js@2.98.0 want: 2.8.1
972 silly fetch manifest bufferutil@^4.0.1
973 silly packumentCache full:https://registry.npmjs.org/bufferutil cache-miss
974 http fetch GET 200 https://registry.npmjs.org/bufferutil 83ms (cache miss)
975 silly packumentCache full:https://registry.npmjs.org/bufferutil set size:undefined disposed:false
976 silly fetch manifest utf-8-validate@>=5.0.2
977 silly packumentCache full:https://registry.npmjs.org/utf-8-validate cache-miss
978 http fetch GET 200 https://registry.npmjs.org/utf-8-validate 92ms (cache miss)
979 silly packumentCache full:https://registry.npmjs.org/utf-8-validate set size:undefined disposed:false
980 silly fetch manifest @types/ws@^8.18.1
981 silly packumentCache full:https://registry.npmjs.org/@types%2fws cache-miss
982 silly placeDep ROOT @types/phoenix@1.6.7 OK for: @supabase/realtime-js@2.98.0 want: ^1.6.6
983 silly placeDep node_modules/@supabase/realtime-js @types/ws@ OK for: @supabase/realtime-js@2.98.0 want: ^8.18.1
984 silly placeDep ROOT ws@8.19.0 OK for: @supabase/realtime-js@2.98.0 want: ^8.18.2
985 silly placeDep ROOT iceberg-js@0.8.1 OK for: @supabase/storage-js@2.98.0 want: ^0.8.1
986 silly placeDep ROOT @alloc/quick-lru@5.2.0 OK for: @tailwindcss/postcss@4.2.1 want: ^5.2.0
987 silly placeDep ROOT @tailwindcss/node@4.2.1 OK for: @tailwindcss/postcss@4.2.1 want: 4.2.1
988 silly placeDep ROOT @tailwindcss/oxide@4.2.1 OK for: @tailwindcss/postcss@4.2.1 want: 4.2.1
989 silly fetch manifest jiti@^2.6.1
990 silly packumentCache full:https://registry.npmjs.org/jiti cache-hit
991 silly fetch manifest lightningcss@1.31.1
992 silly packumentCache full:https://registry.npmjs.org/lightningcss cache-miss
993 silly fetch manifest magic-string@^0.30.21
994 silly packumentCache full:https://registry.npmjs.org/magic-string cache-miss
995 silly fetch manifest enhanced-resolve@^5.19.0
996 silly packumentCache full:https://registry.npmjs.org/enhanced-resolve cache-miss
997 silly fetch manifest @jridgewell/remapping@^2.3.5
998 silly packumentCache full:https://registry.npmjs.org/@jridgewell%2fremapping cache-miss
999 silly fetch manifest @tailwindcss/oxide-darwin-x64@4.2.1
1000 silly packumentCache full:https://registry.npmjs.org/@tailwindcss%2foxide-darwin-x64 cache-miss
1001 silly fetch manifest @tailwindcss/oxide-freebsd-x64@4.2.1
1002 silly packumentCache full:https://registry.npmjs.org/@tailwindcss%2foxide-freebsd-x64 cache-miss
1003 silly fetch manifest @tailwindcss/oxide-wasm32-wasi@4.2.1
1004 silly packumentCache full:https://registry.npmjs.org/@tailwindcss%2foxide-wasm32-wasi cache-miss
1005 http cache https://registry.npmjs.org/magic-string 9ms (cache hit)
1006 silly packumentCache full:https://registry.npmjs.org/magic-string set size:331817 disposed:false
1007 silly fetch manifest @tailwindcss/oxide-darwin-arm64@4.2.1
1008 silly packumentCache full:https://registry.npmjs.org/@tailwindcss%2foxide-darwin-arm64 cache-miss
1009 http cache https://registry.npmjs.org/lightningcss 13ms (cache hit)
1010 silly packumentCache full:https://registry.npmjs.org/lightningcss set size:182441 disposed:false
1011 silly fetch manifest @tailwindcss/oxide-android-arm64@4.2.1
1012 silly packumentCache full:https://registry.npmjs.org/@tailwindcss%2foxide-android-arm64 cache-miss
1013 http fetch GET 200 https://registry.npmjs.org/@jridgewell%2fremapping 87ms (cache miss)
1014 silly packumentCache full:https://registry.npmjs.org/@jridgewell%2fremapping set size:undefined disposed:false
1015 silly fetch manifest @tailwindcss/oxide-linux-x64-gnu@4.2.1
1016 silly packumentCache full:https://registry.npmjs.org/@tailwindcss%2foxide-linux-x64-gnu cache-miss
1017 http fetch GET 200 https://registry.npmjs.org/enhanced-resolve 138ms (cache miss)
1018 silly packumentCache full:https://registry.npmjs.org/enhanced-resolve set size:undefined disposed:false
1019 silly fetch manifest @tailwindcss/oxide-linux-x64-musl@4.2.1
1020 silly packumentCache full:https://registry.npmjs.org/@tailwindcss%2foxide-linux-x64-musl cache-miss
1021 http fetch GET 200 https://registry.npmjs.org/@tailwindcss%2foxide-linux-x64-gnu 223ms (cache miss)
1022 silly packumentCache full:https://registry.npmjs.org/@tailwindcss%2foxide-linux-x64-gnu set size:undefined disposed:false
1023 silly fetch manifest @tailwindcss/oxide-win32-x64-msvc@4.2.1
1024 silly packumentCache full:https://registry.npmjs.org/@tailwindcss%2foxide-win32-x64-msvc cache-miss
1025 http fetch GET 200 https://registry.npmjs.org/@tailwindcss%2foxide-darwin-x64 401ms (cache miss)
1026 silly packumentCache full:https://registry.npmjs.org/@tailwindcss%2foxide-darwin-x64 set size:undefined disposed:false
1027 silly fetch manifest @tailwindcss/oxide-linux-arm64-gnu@4.2.1
1028 silly packumentCache full:https://registry.npmjs.org/@tailwindcss%2foxide-linux-arm64-gnu cache-miss
1029 http fetch GET 200 https://registry.npmjs.org/@tailwindcss%2foxide-win32-x64-msvc 248ms (cache miss)
1030 silly packumentCache full:https://registry.npmjs.org/@tailwindcss%2foxide-win32-x64-msvc set size:undefined disposed:false
1031 silly fetch manifest @tailwindcss/oxide-linux-arm64-musl@4.2.1
1032 silly packumentCache full:https://registry.npmjs.org/@tailwindcss%2foxide-linux-arm64-musl cache-miss
1033 http fetch GET 200 https://registry.npmjs.org/@tailwindcss%2foxide-linux-x64-musl 608ms (cache miss)
1034 silly packumentCache full:https://registry.npmjs.org/@tailwindcss%2foxide-linux-x64-musl set size:undefined disposed:false
1035 silly fetch manifest @tailwindcss/oxide-win32-arm64-msvc@4.2.1
1036 silly packumentCache full:https://registry.npmjs.org/@tailwindcss%2foxide-win32-arm64-msvc cache-miss
1037 http fetch GET 200 https://registry.npmjs.org/@tailwindcss%2foxide-linux-arm64-gnu 492ms (cache miss)
1038 silly packumentCache full:https://registry.npmjs.org/@tailwindcss%2foxide-linux-arm64-gnu set size:undefined disposed:false
1039 silly fetch manifest @tailwindcss/oxide-linux-arm-gnueabihf@4.2.1
1040 silly packumentCache full:https://registry.npmjs.org/@tailwindcss%2foxide-linux-arm-gnueabihf cache-miss
1041 http fetch GET 200 https://registry.npmjs.org/@tailwindcss%2foxide-linux-arm64-musl 336ms (cache miss)
1042 silly packumentCache full:https://registry.npmjs.org/@tailwindcss%2foxide-linux-arm64-musl set size:undefined disposed:false
1043 http fetch GET 200 https://registry.npmjs.org/@tailwindcss%2foxide-win32-arm64-msvc 285ms (cache miss)
1044 silly packumentCache full:https://registry.npmjs.org/@tailwindcss%2foxide-win32-arm64-msvc set size:undefined disposed:false
1045 http fetch GET 200 https://registry.npmjs.org/@tailwindcss%2foxide-darwin-arm64 1089ms (cache miss)
1046 silly packumentCache full:https://registry.npmjs.org/@tailwindcss%2foxide-darwin-arm64 set size:undefined disposed:false
1047 http fetch GET 200 https://registry.npmjs.org/@tailwindcss%2foxide-linux-arm-gnueabihf 293ms (cache miss)
1048 silly packumentCache full:https://registry.npmjs.org/@tailwindcss%2foxide-linux-arm-gnueabihf set size:undefined disposed:false
1049 silly placeDep ROOT @jridgewell/remapping@2.3.5 OK for: @tailwindcss/node@4.2.1 want: ^2.3.5
1050 silly placeDep ROOT enhanced-resolve@5.20.0 OK for: @tailwindcss/node@4.2.1 want: ^5.19.0
1051 silly placeDep ROOT jiti@2.6.1 OK for: @tailwindcss/node@4.2.1 want: ^2.6.1
1052 silly placeDep ROOT lightningcss@1.31.1 OK for: @tailwindcss/node@4.2.1 want: 1.31.1
1053 silly placeDep ROOT magic-string@0.30.21 OK for: @tailwindcss/node@4.2.1 want: ^0.30.21
1054 silly placeDep ROOT source-map-js@1.2.1 OK for: @tailwindcss/node@4.2.1 want: ^1.2.1
1055 silly fetch manifest @jridgewell/gen-mapping@^0.3.5
1056 silly packumentCache full:https://registry.npmjs.org/@jridgewell%2fgen-mapping cache-miss
1057 silly fetch manifest @jridgewell/trace-mapping@^0.3.24
1058 silly packumentCache full:https://registry.npmjs.org/@jridgewell%2ftrace-mapping cache-miss
1059 silly fetch manifest graceful-fs@^4.2.4
1060 silly packumentCache full:https://registry.npmjs.org/graceful-fs cache-miss
1061 silly fetch manifest tapable@^2.3.0
1062 silly packumentCache full:https://registry.npmjs.org/tapable cache-miss
1063 silly fetch manifest detect-libc@^2.0.3
1064 silly packumentCache full:https://registry.npmjs.org/detect-libc cache-miss
1065 silly fetch manifest lightningcss-darwin-x64@1.31.1
1066 silly packumentCache full:https://registry.npmjs.org/lightningcss-darwin-x64 cache-miss
1067 silly fetch manifest lightningcss-linux-x64-gnu@1.31.1
1068 silly packumentCache full:https://registry.npmjs.org/lightningcss-linux-x64-gnu cache-miss
1069 http fetch GET 200 https://registry.npmjs.org/graceful-fs 84ms (cache miss)
1070 silly packumentCache full:https://registry.npmjs.org/graceful-fs set size:undefined disposed:false
1071 silly fetch manifest lightningcss-win32-x64-msvc@1.31.1
1072 silly packumentCache full:https://registry.npmjs.org/lightningcss-win32-x64-msvc cache-miss
1073 http fetch GET 200 https://registry.npmjs.org/tapable 88ms (cache miss)
1074 silly packumentCache full:https://registry.npmjs.org/tapable set size:undefined disposed:false
1075 silly fetch manifest lightningcss-win32-arm64-msvc@1.31.1
1076 silly packumentCache full:https://registry.npmjs.org/lightningcss-win32-arm64-msvc cache-miss
1077 http fetch GET 200 https://registry.npmjs.org/@jridgewell%2fgen-mapping 93ms (cache miss)
1078 silly packumentCache full:https://registry.npmjs.org/@jridgewell%2fgen-mapping set size:undefined disposed:false
1079 silly fetch manifest lightningcss-darwin-arm64@1.31.1
1080 silly packumentCache full:https://registry.npmjs.org/lightningcss-darwin-arm64 cache-miss
1081 http fetch GET 200 https://registry.npmjs.org/@jridgewell%2ftrace-mapping 93ms (cache miss)
1082 silly packumentCache full:https://registry.npmjs.org/@jridgewell%2ftrace-mapping set size:undefined disposed:false
1083 silly fetch manifest lightningcss-linux-arm64-gnu@1.31.1
1084 silly packumentCache full:https://registry.npmjs.org/lightningcss-linux-arm64-gnu cache-miss
1085 http fetch GET 200 https://registry.npmjs.org/detect-libc 116ms (cache miss)
1086 silly packumentCache full:https://registry.npmjs.org/detect-libc set size:undefined disposed:false
1087 silly fetch manifest lightningcss-linux-arm-gnueabihf@1.31.1
1088 silly packumentCache full:https://registry.npmjs.org/lightningcss-linux-arm-gnueabihf cache-miss
1089 http fetch GET 200 https://registry.npmjs.org/lightningcss-darwin-arm64 72ms (cache miss)
1090 silly packumentCache full:https://registry.npmjs.org/lightningcss-darwin-arm64 set size:undefined disposed:false
1091 silly fetch manifest lightningcss-linux-arm64-musl@1.31.1
1092 silly packumentCache full:https://registry.npmjs.org/lightningcss-linux-arm64-musl cache-miss
1093 http fetch GET 200 https://registry.npmjs.org/lightningcss-win32-arm64-msvc 143ms (cache miss)
1094 silly packumentCache full:https://registry.npmjs.org/lightningcss-win32-arm64-msvc set size:undefined disposed:false
1095 silly fetch manifest lightningcss-linux-x64-musl@1.31.1
1096 silly packumentCache full:https://registry.npmjs.org/lightningcss-linux-x64-musl cache-miss
1097 http fetch GET 200 https://registry.npmjs.org/lightningcss-linux-arm64-musl 90ms (cache miss)
1098 silly packumentCache full:https://registry.npmjs.org/lightningcss-linux-arm64-musl set size:undefined disposed:false
1099 silly fetch manifest lightningcss-freebsd-x64@1.31.1
1100 silly packumentCache full:https://registry.npmjs.org/lightningcss-freebsd-x64 cache-miss
1101 http fetch GET 200 https://registry.npmjs.org/lightningcss-linux-arm64-gnu 198ms (cache miss)
1102 silly packumentCache full:https://registry.npmjs.org/lightningcss-linux-arm64-gnu set size:undefined disposed:false
1103 silly fetch manifest lightningcss-android-arm64@1.31.1
1104 silly packumentCache full:https://registry.npmjs.org/lightningcss-android-arm64 cache-miss
1105 http fetch GET 200 https://registry.npmjs.org/lightningcss-freebsd-x64 92ms (cache miss)
1106 silly packumentCache full:https://registry.npmjs.org/lightningcss-freebsd-x64 set size:undefined disposed:false
1107 silly fetch manifest @jridgewell/sourcemap-codec@^1.5.5
1108 silly packumentCache full:https://registry.npmjs.org/@jridgewell%2fsourcemap-codec cache-miss
1109 http fetch GET 200 https://registry.npmjs.org/lightningcss-win32-x64-msvc 271ms (cache miss)
1110 silly packumentCache full:https://registry.npmjs.org/lightningcss-win32-x64-msvc set size:undefined disposed:false
1111 http fetch GET 200 https://registry.npmjs.org/lightningcss-darwin-x64 358ms (cache miss)
1112 silly packumentCache full:https://registry.npmjs.org/lightningcss-darwin-x64 set size:undefined disposed:false
1113 http fetch GET 200 https://registry.npmjs.org/lightningcss-linux-x64-gnu 372ms (cache miss)
1114 silly packumentCache full:https://registry.npmjs.org/lightningcss-linux-x64-gnu set size:undefined disposed:false
1115 http fetch GET 200 https://registry.npmjs.org/lightningcss-linux-x64-musl 140ms (cache miss)
1116 silly packumentCache full:https://registry.npmjs.org/lightningcss-linux-x64-musl set size:undefined disposed:false
1117 http fetch GET 200 https://registry.npmjs.org/lightningcss-android-arm64 154ms (cache miss)
1118 silly packumentCache full:https://registry.npmjs.org/lightningcss-android-arm64 set size:undefined disposed:false
1119 http fetch GET 200 https://registry.npmjs.org/@jridgewell%2fsourcemap-codec 137ms (cache miss)
1120 silly packumentCache full:https://registry.npmjs.org/@jridgewell%2fsourcemap-codec set size:undefined disposed:false
1121 silly placeDep ROOT @jridgewell/gen-mapping@0.3.13 OK for: @jridgewell/remapping@2.3.5 want: ^0.3.5
1122 silly placeDep ROOT @jridgewell/trace-mapping@0.3.31 OK for: @jridgewell/remapping@2.3.5 want: ^0.3.24
1123 silly fetch manifest @jridgewell/sourcemap-codec@^1.5.0
1124 silly packumentCache full:https://registry.npmjs.org/@jridgewell%2fsourcemap-codec cache-miss
1125 silly fetch manifest @jridgewell/resolve-uri@^3.1.0
1126 silly packumentCache full:https://registry.npmjs.org/@jridgewell%2fresolve-uri cache-miss
1127 silly fetch manifest @jridgewell/sourcemap-codec@^1.4.14
1128 silly packumentCache full:https://registry.npmjs.org/@jridgewell%2fsourcemap-codec cache-miss
1129 http cache https://registry.npmjs.org/@jridgewell%2fsourcemap-codec 7ms (cache hit)
1130 silly packumentCache full:https://registry.npmjs.org/@jridgewell%2fsourcemap-codec set size:59275 disposed:false
1131 http cache https://registry.npmjs.org/@jridgewell%2fsourcemap-codec 10ms (cache hit)
1132 silly packumentCache full:https://registry.npmjs.org/@jridgewell%2fsourcemap-codec set size:59275 disposed:false
1133 silly packumentCache full:https://registry.npmjs.org/@jridgewell%2fsourcemap-codec dispose
1134 http fetch GET 200 https://registry.npmjs.org/@jridgewell%2fresolve-uri 87ms (cache miss)
1135 silly packumentCache full:https://registry.npmjs.org/@jridgewell%2fresolve-uri set size:undefined disposed:false
1136 silly placeDep ROOT @jridgewell/sourcemap-codec@1.5.5 OK for: @jridgewell/gen-mapping@0.3.13 want: ^1.5.0
1137 silly placeDep ROOT @jridgewell/resolve-uri@3.1.2 OK for: @jridgewell/trace-mapping@0.3.31 want: ^3.1.0
1138 silly fetch manifest @tailwindcss/oxide-freebsd-x64@4.2.1
1139 silly packumentCache full:https://registry.npmjs.org/@tailwindcss%2foxide-freebsd-x64 cache-miss
1140 http fetch GET https://registry.npmjs.org/@tailwindcss%2foxide-freebsd-x64 attempt 1 failed with ETIMEDOUT
1141 http fetch GET 200 https://registry.npmjs.org/@tailwindcss%2foxide-freebsd-x64 20955ms attempt #2 (cache miss)
1142 silly packumentCache full:https://registry.npmjs.org/@tailwindcss%2foxide-freebsd-x64 set size:undefined disposed:false
1143 silly fetch manifest @tailwindcss/oxide-wasm32-wasi@4.2.1
1144 silly packumentCache full:https://registry.npmjs.org/@tailwindcss%2foxide-wasm32-wasi cache-miss
1145 http fetch GET https://registry.npmjs.org/@tailwindcss%2foxide-wasm32-wasi attempt 1 failed with ETIMEDOUT
1146 http fetch GET 200 https://registry.npmjs.org/@tailwindcss%2foxide-wasm32-wasi 21125ms attempt #2 (cache miss)
1147 silly packumentCache full:https://registry.npmjs.org/@tailwindcss%2foxide-wasm32-wasi set size:undefined disposed:false
1148 silly fetch manifest @tailwindcss/oxide-android-arm64@4.2.1
1149 silly packumentCache full:https://registry.npmjs.org/@tailwindcss%2foxide-android-arm64 cache-miss
1150 http fetch GET 200 https://registry.npmjs.org/@tailwindcss%2foxide-android-arm64 180ms (cache miss)
1151 silly packumentCache full:https://registry.npmjs.org/@tailwindcss%2foxide-android-arm64 set size:undefined disposed:false
1152 silly placeDep ROOT @tailwindcss/oxide-android-arm64@4.2.1 OK for: @tailwindcss/oxide@4.2.1 want: 4.2.1
1153 silly placeDep ROOT @tailwindcss/oxide-darwin-arm64@4.2.1 OK for: @tailwindcss/oxide@4.2.1 want: 4.2.1
1154 silly placeDep ROOT @tailwindcss/oxide-darwin-x64@4.2.1 OK for: @tailwindcss/oxide@4.2.1 want: 4.2.1
1155 silly placeDep ROOT @tailwindcss/oxide-freebsd-x64@4.2.1 OK for: @tailwindcss/oxide@4.2.1 want: 4.2.1
1156 silly placeDep ROOT @tailwindcss/oxide-linux-arm-gnueabihf@4.2.1 OK for: @tailwindcss/oxide@4.2.1 want: 4.2.1
1157 silly placeDep ROOT @tailwindcss/oxide-linux-arm64-gnu@4.2.1 OK for: @tailwindcss/oxide@4.2.1 want: 4.2.1
1158 silly placeDep ROOT @tailwindcss/oxide-linux-arm64-musl@4.2.1 OK for: @tailwindcss/oxide@4.2.1 want: 4.2.1
1159 silly placeDep ROOT @tailwindcss/oxide-linux-x64-gnu@4.2.1 OK for: @tailwindcss/oxide@4.2.1 want: 4.2.1
1160 silly placeDep ROOT @tailwindcss/oxide-linux-x64-musl@4.2.1 OK for: @tailwindcss/oxide@4.2.1 want: 4.2.1
1161 silly placeDep ROOT @tailwindcss/oxide-wasm32-wasi@4.2.1 OK for: @tailwindcss/oxide@4.2.1 want: 4.2.1
1162 silly placeDep ROOT @tailwindcss/oxide-win32-arm64-msvc@4.2.1 OK for: @tailwindcss/oxide@4.2.1 want: 4.2.1
1163 silly placeDep ROOT @tailwindcss/oxide-win32-x64-msvc@4.2.1 OK for: @tailwindcss/oxide@4.2.1 want: 4.2.1
1164 silly placeDep ROOT @babel/code-frame@7.29.0 OK for: @testing-library/dom@10.4.1 want: ^7.10.4
1165 silly placeDep ROOT @babel/runtime@7.28.6 OK for: @testing-library/dom@10.4.1 want: ^7.12.5
1166 silly placeDep ROOT @types/aria-query@5.0.4 OK for: @testing-library/dom@10.4.1 want: ^5.0.1
1167 silly placeDep ROOT aria-query@5.3.0 OK for: @testing-library/dom@10.4.1 want: 5.3.0
1168 silly placeDep ROOT dom-accessibility-api@0.5.16 OK for: @testing-library/dom@10.4.1 want: ^0.5.9
1169 silly placeDep ROOT lz-string@1.5.0 OK for: @testing-library/dom@10.4.1 want: ^1.5.0
1170 silly placeDep ROOT picocolors@1.1.1 OK for: @testing-library/dom@10.4.1 want: 1.1.1
1171 silly placeDep ROOT pretty-format@27.5.1 OK for: @testing-library/dom@10.4.1 want: ^27.0.2
1172 silly fetch manifest js-tokens@^4.0.0
1173 silly packumentCache full:https://registry.npmjs.org/js-tokens cache-miss
1174 silly fetch manifest @babel/helper-validator-identifier@^7.28.5
1175 silly packumentCache full:https://registry.npmjs.org/@babel%2fhelper-validator-identifier cache-miss
1176 silly fetch manifest dequal@^2.0.3
1177 silly packumentCache full:https://registry.npmjs.org/dequal cache-miss
1178 silly fetch manifest react-is@^17.0.1
1179 silly packumentCache full:https://registry.npmjs.org/react-is cache-miss
1180 silly fetch manifest ansi-regex@^5.0.1
1181 silly packumentCache full:https://registry.npmjs.org/ansi-regex cache-miss
1182 silly fetch manifest ansi-styles@^5.0.0
1183 silly packumentCache full:https://registry.npmjs.org/ansi-styles cache-miss
1184 http fetch GET 200 https://registry.npmjs.org/dequal 57ms (cache miss)
1185 silly packumentCache full:https://registry.npmjs.org/dequal set size:undefined disposed:false
1186 http fetch GET 200 https://registry.npmjs.org/js-tokens 84ms (cache miss)
1187 silly packumentCache full:https://registry.npmjs.org/js-tokens set size:undefined disposed:false
1188 http fetch GET 200 https://registry.npmjs.org/@babel%2fhelper-validator-identifier 105ms (cache miss)
1189 silly packumentCache full:https://registry.npmjs.org/@babel%2fhelper-validator-identifier set size:undefined disposed:false
1190 http fetch GET 200 https://registry.npmjs.org/ansi-regex 184ms (cache miss)
1191 silly packumentCache full:https://registry.npmjs.org/ansi-regex set size:undefined disposed:false
1192 http fetch GET 200 https://registry.npmjs.org/react-is 271ms (cache miss)
1193 silly packumentCache full:https://registry.npmjs.org/react-is set size:undefined disposed:false
1194 http fetch GET 200 https://registry.npmjs.org/ansi-styles 350ms (cache miss)
1195 silly packumentCache full:https://registry.npmjs.org/ansi-styles set size:undefined disposed:false
1196 silly placeDep ROOT @babel/helper-validator-identifier@7.28.5 OK for: @babel/code-frame@7.29.0 want: ^7.28.5
1197 silly placeDep ROOT js-tokens@4.0.0 OK for: @babel/code-frame@7.29.0 want: ^4.0.0
1198 silly placeDep ROOT @adobe/css-tools@4.4.4 OK for: @testing-library/jest-dom@6.9.1 want: ^4.4.0
1199 silly placeDep ROOT css.escape@1.5.1 OK for: @testing-library/jest-dom@6.9.1 want: ^1.5.1
1200 silly placeDep node_modules/@testing-library/jest-dom dom-accessibility-api@0.6.3 OK for: @testing-library/jest-dom@6.9.1 want: ^0.6.3
1201 silly placeDep ROOT redent@3.0.0 OK for: @testing-library/jest-dom@6.9.1 want: ^3.0.0
1202 silly fetch manifest indent-string@^4.0.0
1203 silly packumentCache full:https://registry.npmjs.org/indent-string cache-miss
1204 silly fetch manifest strip-indent@^3.0.0
1205 silly packumentCache full:https://registry.npmjs.org/strip-indent cache-miss
1206 http fetch GET 200 https://registry.npmjs.org/strip-indent 73ms (cache miss)
1207 silly packumentCache full:https://registry.npmjs.org/strip-indent set size:undefined disposed:false
1208 http fetch GET 200 https://registry.npmjs.org/indent-string 248ms (cache miss)
1209 silly packumentCache full:https://registry.npmjs.org/indent-string set size:undefined disposed:false
1210 silly placeDep ROOT undici-types@6.21.0 OK for: @types/node@22.19.13 want: ~6.21.0
1211 silly placeDep ROOT csstype@3.2.3 OK for: @types/react@19.2.14 want: ^3.2.2
1212 silly placeDep ROOT @babel/core@7.29.0 OK for: @vitejs/plugin-react@4.7.0 want: ^7.28.0
1213 silly placeDep ROOT @babel/plugin-transform-react-jsx-self@7.27.1 OK for: @vitejs/plugin-react@4.7.0 want: ^7.27.1
1214 silly placeDep ROOT @babel/plugin-transform-react-jsx-source@7.27.1 OK for: @vitejs/plugin-react@4.7.0 want: ^7.27.1
1215 silly placeDep ROOT @rolldown/pluginutils@1.0.0-beta.27 OK for: @vitejs/plugin-react@4.7.0 want: 1.0.0-beta.27
1216 silly placeDep ROOT @types/babel__core@7.20.5 OK for: @vitejs/plugin-react@4.7.0 want: ^7.20.5
1217 silly placeDep ROOT react-refresh@0.17.0 OK for: @vitejs/plugin-react@4.7.0 want: ^0.17.0
1218 silly fetch manifest debug@^4.1.0
1219 silly packumentCache full:https://registry.npmjs.org/debug cache-hit
1220 silly fetch manifest json5@^2.2.3
1221 silly packumentCache full:https://registry.npmjs.org/json5 cache-miss
1222 silly fetch manifest semver@^6.3.1
1223 silly packumentCache full:https://registry.npmjs.org/semver cache-miss
1224 silly fetch manifest gensync@^1.0.0-beta.2
1225 silly packumentCache full:https://registry.npmjs.org/gensync cache-miss
1226 silly fetch manifest @babel/types@^7.29.0
1227 silly packumentCache full:https://registry.npmjs.org/@babel%2ftypes cache-miss
1228 silly fetch manifest @babel/parser@^7.29.0
1229 silly packumentCache full:https://registry.npmjs.org/@babel%2fparser cache-miss
1230 silly fetch manifest @babel/helpers@^7.28.6
1231 silly packumentCache full:https://registry.npmjs.org/@babel%2fhelpers cache-miss
1232 silly fetch manifest @babel/template@^7.28.6
1233 silly packumentCache full:https://registry.npmjs.org/@babel%2ftemplate cache-miss
1234 http fetch GET 200 https://registry.npmjs.org/gensync 178ms (cache miss)
1235 silly packumentCache full:https://registry.npmjs.org/gensync set size:undefined disposed:false
1236 silly fetch manifest @babel/traverse@^7.29.0
1237 silly packumentCache full:https://registry.npmjs.org/@babel%2ftraverse cache-miss
1238 http fetch GET 200 https://registry.npmjs.org/json5 185ms (cache miss)
1239 silly packumentCache full:https://registry.npmjs.org/json5 set size:undefined disposed:false
1240 silly fetch manifest @babel/generator@^7.29.0
1241 silly packumentCache full:https://registry.npmjs.org/@babel%2fgenerator cache-miss
1242 http fetch GET 200 https://registry.npmjs.org/@babel%2fparser 227ms (cache miss)
1243 silly packumentCache full:https://registry.npmjs.org/@babel%2fparser set size:undefined disposed:false
1244 silly fetch manifest convert-source-map@^2.0.0
1245 silly packumentCache full:https://registry.npmjs.org/convert-source-map cache-miss
1246 http fetch GET 200 https://registry.npmjs.org/@babel%2fhelpers 235ms (cache miss)
1247 silly packumentCache full:https://registry.npmjs.org/@babel%2fhelpers set size:undefined disposed:false
1248 silly fetch manifest @babel/helper-module-transforms@^7.28.6
1249 silly packumentCache full:https://registry.npmjs.org/@babel%2fhelper-module-transforms cache-miss
1250 http fetch GET 200 https://registry.npmjs.org/@babel%2ftypes 282ms (cache miss)
1251 silly packumentCache full:https://registry.npmjs.org/@babel%2ftypes set size:undefined disposed:false
1252 silly fetch manifest @babel/helper-compilation-targets@^7.28.6
1253 silly packumentCache full:https://registry.npmjs.org/@babel%2fhelper-compilation-targets cache-miss
1254 http fetch GET 200 https://registry.npmjs.org/@babel%2ftraverse 124ms (cache miss)
1255 silly packumentCache full:https://registry.npmjs.org/@babel%2ftraverse set size:undefined disposed:false
1256 silly fetch manifest @babel/helper-plugin-utils@^7.27.1
1257 silly packumentCache full:https://registry.npmjs.org/@babel%2fhelper-plugin-utils cache-miss
1258 http fetch GET 200 https://registry.npmjs.org/convert-source-map 79ms (cache miss)
1259 silly packumentCache full:https://registry.npmjs.org/convert-source-map set size:undefined disposed:false
1260 silly fetch manifest @babel/helper-plugin-utils@^7.27.1
1261 silly packumentCache full:https://registry.npmjs.org/@babel%2fhelper-plugin-utils cache-miss
1262 http fetch GET 200 https://registry.npmjs.org/@babel%2fgenerator 151ms (cache miss)
1263 silly packumentCache full:https://registry.npmjs.org/@babel%2fgenerator set size:undefined disposed:false
1264 silly fetch manifest @babel/types@^7.20.7
1265 silly packumentCache full:https://registry.npmjs.org/@babel%2ftypes cache-miss
1266 http cache https://registry.npmjs.org/@babel%2ftypes 3ms (cache hit)
1267 silly packumentCache full:https://registry.npmjs.org/@babel%2ftypes set size:485839 disposed:false
1268 silly fetch manifest @babel/parser@^7.20.7
1269 silly packumentCache full:https://registry.npmjs.org/@babel%2fparser cache-miss
1270 http cache https://registry.npmjs.org/@babel%2fparser 3ms (cache hit)
1271 silly packumentCache full:https://registry.npmjs.org/@babel%2fparser set size:714217 disposed:false
1272 silly fetch manifest @types/babel__template@*
1273 silly packumentCache full:https://registry.npmjs.org/@types%2fbabel__template cache-miss
1274 http fetch GET 200 https://registry.npmjs.org/@babel%2fhelper-module-transforms 120ms (cache miss)
1275 silly packumentCache full:https://registry.npmjs.org/@babel%2fhelper-module-transforms set size:undefined disposed:false
1276 silly fetch manifest @types/babel__traverse@*
1277 silly packumentCache full:https://registry.npmjs.org/@types%2fbabel__traverse cache-miss
1278 http fetch GET 200 https://registry.npmjs.org/@babel%2fhelper-compilation-targets 102ms (cache miss)
1279 silly packumentCache full:https://registry.npmjs.org/@babel%2fhelper-compilation-targets set size:undefined disposed:false
1280 silly fetch manifest @types/babel__generator@*
1281 silly packumentCache full:https://registry.npmjs.org/@types%2fbabel__generator cache-miss
1282 http fetch GET 200 https://registry.npmjs.org/@babel%2fhelper-plugin-utils 96ms (cache miss)
1283 silly packumentCache full:https://registry.npmjs.org/@babel%2fhelper-plugin-utils set size:undefined disposed:false
1284 http fetch GET 200 https://registry.npmjs.org/@babel%2fhelper-plugin-utils 90ms (cache miss)
1285 silly packumentCache full:https://registry.npmjs.org/@babel%2fhelper-plugin-utils set size:undefined disposed:false
1286 http fetch GET 200 https://registry.npmjs.org/@types%2fbabel__template 80ms (cache miss)
1287 silly packumentCache full:https://registry.npmjs.org/@types%2fbabel__template set size:undefined disposed:false
1288 http fetch GET 200 https://registry.npmjs.org/@types%2fbabel__generator 82ms (cache miss)
1289 silly packumentCache full:https://registry.npmjs.org/@types%2fbabel__generator set size:undefined disposed:false
1290 http fetch GET 200 https://registry.npmjs.org/@types%2fbabel__traverse 134ms (cache miss)
1291 silly packumentCache full:https://registry.npmjs.org/@types%2fbabel__traverse set size:undefined disposed:false
1292 silly fetch manifest semver@^6.3.1
1293 silly packumentCache full:https://registry.npmjs.org/semver cache-miss
1294 http cache https://registry.npmjs.org/semver 4ms (cache hit)
1295 silly packumentCache full:https://registry.npmjs.org/semver set size:229678 disposed:false
1296 silly fetch manifest @babel/template@^7.28.6
1297 silly packumentCache full:https://registry.npmjs.org/@babel%2ftemplate cache-miss
1298 http fetch GET 200 https://registry.npmjs.org/@babel%2ftemplate 83ms (cache miss)
1299 silly packumentCache full:https://registry.npmjs.org/@babel%2ftemplate set size:undefined disposed:false
1300 silly fetch manifest @babel/core@^7.0.0
1301 silly packumentCache full:https://registry.npmjs.org/@babel%2fcore cache-miss
1302 http cache https://registry.npmjs.org/@babel%2fcore 4ms (cache hit)
1303 silly packumentCache full:https://registry.npmjs.org/@babel%2fcore set size:756140 disposed:false
1304 silly placeDep ROOT @babel/generator@7.29.1 OK for: @babel/core@7.29.0 want: ^7.29.0
1305 silly placeDep ROOT @babel/helper-compilation-targets@7.28.6 OK for: @babel/core@7.29.0 want: ^7.28.6
1306 silly placeDep ROOT @babel/helper-module-transforms@7.28.6 OK for: @babel/core@7.29.0 want: ^7.28.6
1307 silly placeDep ROOT @babel/helpers@7.28.6 OK for: @babel/core@7.29.0 want: ^7.28.6
1308 silly placeDep ROOT @babel/parser@7.29.0 OK for: @babel/core@7.29.0 want: ^7.29.0
1309 silly placeDep ROOT @babel/template@7.28.6 OK for: @babel/core@7.29.0 want: ^7.28.6
1310 silly placeDep ROOT @babel/traverse@7.29.0 OK for: @babel/core@7.29.0 want: ^7.29.0
1311 silly placeDep ROOT @babel/types@7.29.0 OK for: @babel/core@7.29.0 want: ^7.29.0
1312 silly placeDep ROOT convert-source-map@2.0.0 OK for: @babel/core@7.29.0 want: ^2.0.0
1313 silly placeDep ROOT debug@4.4.3 OK for: @babel/core@7.29.0 want: ^4.1.0
1314 silly placeDep ROOT gensync@1.0.0-beta.2 OK for: @babel/core@7.29.0 want: ^1.0.0-beta.2
1315 silly placeDep ROOT json5@2.2.3 OK for: @babel/core@7.29.0 want: ^2.2.3
1316 silly placeDep ROOT semver@6.3.1 OK for: @babel/core@7.29.0 want: ^6.3.1
1317 silly fetch manifest jsesc@^3.0.2
1318 silly packumentCache full:https://registry.npmjs.org/jsesc cache-miss
1319 silly fetch manifest lru-cache@^5.1.1
1320 silly packumentCache full:https://registry.npmjs.org/lru-cache cache-miss
1321 silly fetch manifest browserslist@^4.24.0
1322 silly packumentCache full:https://registry.npmjs.org/browserslist cache-miss
1323 silly fetch manifest @babel/compat-data@^7.28.6
1324 silly packumentCache full:https://registry.npmjs.org/@babel%2fcompat-data cache-miss
1325 silly fetch manifest @babel/helper-validator-option@^7.27.1
1326 silly packumentCache full:https://registry.npmjs.org/@babel%2fhelper-validator-option cache-miss
1327 silly fetch manifest @babel/traverse@^7.28.6
1328 silly packumentCache full:https://registry.npmjs.org/@babel%2ftraverse cache-miss
1329 silly fetch manifest @babel/helper-module-imports@^7.28.6
1330 silly packumentCache full:https://registry.npmjs.org/@babel%2fhelper-module-imports cache-miss
1331 http cache https://registry.npmjs.org/@babel%2ftraverse 6ms (cache hit)
1332 silly packumentCache full:https://registry.npmjs.org/@babel%2ftraverse set size:546499 disposed:false
1333 silly fetch manifest @babel/types@^7.28.6
1334 silly packumentCache full:https://registry.npmjs.org/@babel%2ftypes cache-hit
1335 silly fetch manifest debug@^4.3.1
1336 silly packumentCache full:https://registry.npmjs.org/debug cache-hit
1337 silly fetch manifest @babel/helper-globals@^7.28.0
1338 silly packumentCache full:https://registry.npmjs.org/@babel%2fhelper-globals cache-miss
1339 http fetch GET 200 https://registry.npmjs.org/jsesc 73ms (cache miss)
1340 silly packumentCache full:https://registry.npmjs.org/jsesc set size:undefined disposed:false
1341 silly fetch manifest @babel/helper-string-parser@^7.27.1
1342 silly packumentCache full:https://registry.npmjs.org/@babel%2fhelper-string-parser cache-miss
1343 http fetch GET 200 https://registry.npmjs.org/browserslist 100ms (cache miss)
1344 silly packumentCache full:https://registry.npmjs.org/browserslist set size:undefined disposed:false
1345 silly fetch manifest ms@^2.1.3
1346 silly packumentCache full:https://registry.npmjs.org/ms cache-miss
1347 http fetch GET 200 https://registry.npmjs.org/lru-cache 152ms (cache miss)
1348 silly packumentCache full:https://registry.npmjs.org/lru-cache set size:undefined disposed:false
1349 http fetch GET 200 https://registry.npmjs.org/@babel%2fhelper-validator-option 252ms (cache miss)
1350 silly packumentCache full:https://registry.npmjs.org/@babel%2fhelper-validator-option set size:undefined disposed:false
1351 http fetch GET 200 https://registry.npmjs.org/@babel%2fcompat-data 276ms (cache miss)
1352 silly packumentCache full:https://registry.npmjs.org/@babel%2fcompat-data set size:undefined disposed:false
1353 http fetch GET 200 https://registry.npmjs.org/ms 221ms (cache miss)
1354 silly packumentCache full:https://registry.npmjs.org/ms set size:undefined disposed:false
1355 http fetch GET 200 https://registry.npmjs.org/@babel%2fhelper-string-parser 252ms (cache miss)
1356 silly packumentCache full:https://registry.npmjs.org/@babel%2fhelper-string-parser set size:undefined disposed:false
1357 http fetch GET 200 https://registry.npmjs.org/@babel%2fhelper-globals 449ms (cache miss)
1358 silly packumentCache full:https://registry.npmjs.org/@babel%2fhelper-globals set size:undefined disposed:false
1359 silly placeDep ROOT jsesc@3.1.0 OK for: @babel/generator@7.29.1 want: ^3.0.2
1360 silly placeDep ROOT @babel/compat-data@7.29.0 OK for: @babel/helper-compilation-targets@7.28.6 want: ^7.28.6
1361 silly placeDep ROOT @babel/helper-validator-option@7.27.1 OK for: @babel/helper-compilation-targets@7.28.6 want: ^7.27.1
1362 silly placeDep ROOT browserslist@4.28.1 OK for: @babel/helper-compilation-targets@7.28.6 want: ^4.24.0
1363 silly placeDep ROOT lru-cache@5.1.1 OK for: @babel/helper-compilation-targets@7.28.6 want: ^5.1.1
1364 silly fetch manifest baseline-browser-mapping@^2.9.0
1365 silly packumentCache full:https://registry.npmjs.org/baseline-browser-mapping cache-miss
1366 silly fetch manifest caniuse-lite@^1.0.30001759
1367 silly packumentCache full:https://registry.npmjs.org/caniuse-lite cache-miss
1368 silly fetch manifest electron-to-chromium@^1.5.263
1369 silly packumentCache full:https://registry.npmjs.org/electron-to-chromium cache-miss
1370 silly fetch manifest node-releases@^2.0.27
1371 silly packumentCache full:https://registry.npmjs.org/node-releases cache-miss
1372 silly fetch manifest update-browserslist-db@^1.2.0
1373 silly packumentCache full:https://registry.npmjs.org/update-browserslist-db cache-miss
1374 silly fetch manifest yallist@^3.0.2
1375 silly packumentCache full:https://registry.npmjs.org/yallist cache-miss
1376 http cache https://registry.npmjs.org/node-releases 6ms (cache hit)
1377 silly packumentCache full:https://registry.npmjs.org/node-releases set size:269192 disposed:false
1378 http cache https://registry.npmjs.org/caniuse-lite 11ms (cache hit)
1379 silly packumentCache full:https://registry.npmjs.org/caniuse-lite set size:2262783 disposed:false
1380 http cache https://registry.npmjs.org/yallist 20ms (cache hit)
1381 silly packumentCache full:https://registry.npmjs.org/yallist set size:34610 disposed:false
1382 http cache https://registry.npmjs.org/update-browserslist-db 22ms (cache hit)
1383 silly packumentCache full:https://registry.npmjs.org/update-browserslist-db set size:62000 disposed:false
1384 http cache https://registry.npmjs.org/baseline-browser-mapping 30ms (cache hit)
1385 silly packumentCache full:https://registry.npmjs.org/baseline-browser-mapping set size:393828 disposed:false
1386 http cache https://registry.npmjs.org/electron-to-chromium 37ms (cache hit)
1387 silly packumentCache full:https://registry.npmjs.org/electron-to-chromium set size:4721700 disposed:false
1388 silly fetch manifest @babel/helper-module-imports@^7.28.6
1389 silly packumentCache full:https://registry.npmjs.org/@babel%2fhelper-module-imports cache-miss
1390 http cache https://registry.npmjs.org/@babel%2fhelper-module-imports 8ms (cache hit)
1391 silly packumentCache full:https://registry.npmjs.org/@babel%2fhelper-module-imports set size:191525 disposed:false
1392 silly placeDep ROOT @babel/helper-module-imports@7.28.6 OK for: @babel/helper-module-transforms@7.28.6 want: ^7.28.6
1393 silly placeDep ROOT @babel/helper-plugin-utils@7.28.6 OK for: @babel/plugin-transform-react-jsx-self@7.27.1 want: ^7.27.1
1394 silly placeDep ROOT @babel/helper-globals@7.28.0 OK for: @babel/traverse@7.29.0 want: ^7.28.0
1395 silly placeDep ROOT @babel/helper-string-parser@7.27.1 OK for: @babel/types@7.29.0 want: ^7.27.1
1396 silly placeDep ROOT @types/babel__generator@7.27.0 OK for: @types/babel__core@7.20.5 want: *
1397 silly placeDep ROOT @types/babel__template@7.4.4 OK for: @types/babel__core@7.20.5 want: *
1398 silly placeDep ROOT @types/babel__traverse@7.28.0 OK for: @types/babel__core@7.20.5 want: *
1399 silly placeDep ROOT dequal@2.0.3 OK for: aria-query@5.3.0 want: ^2.0.3
1400 silly fetch manifest browserslist@>= 4.21.0
1401 silly packumentCache full:https://registry.npmjs.org/browserslist cache-miss
1402 http cache https://registry.npmjs.org/browserslist 2ms (cache hit)
1403 silly packumentCache full:https://registry.npmjs.org/browserslist set size:502989 disposed:false
1404 silly placeDep ROOT baseline-browser-mapping@2.10.0 OK for: browserslist@4.28.1 want: ^2.9.0
1405 silly placeDep ROOT caniuse-lite@1.0.30001776 OK for: browserslist@4.28.1 want: ^1.0.30001759
1406 silly placeDep ROOT electron-to-chromium@1.5.307 OK for: browserslist@4.28.1 want: ^1.5.263
1407 silly placeDep ROOT node-releases@2.0.27 OK for: browserslist@4.28.1 want: ^2.0.27
1408 silly placeDep ROOT update-browserslist-db@1.2.3 OK for: browserslist@4.28.1 want: ^1.2.0
1409 silly fetch manifest escalade@^3.2.0
1410 silly packumentCache full:https://registry.npmjs.org/escalade cache-miss
1411 http cache https://registry.npmjs.org/escalade 3ms (cache hit)
1412 silly packumentCache full:https://registry.npmjs.org/escalade set size:33724 disposed:false
1413 silly placeDep ROOT cheerio-select@2.1.0 OK for: cheerio@1.2.0 want: ^2.1.0
1414 silly placeDep ROOT dom-serializer@2.0.0 OK for: cheerio@1.2.0 want: ^2.0.0
1415 silly placeDep ROOT domhandler@5.0.3 OK for: cheerio@1.2.0 want: ^5.0.3
1416 silly placeDep ROOT domutils@3.2.2 OK for: cheerio@1.2.0 want: ^3.2.2
1417 silly placeDep ROOT encoding-sniffer@0.2.1 OK for: cheerio@1.2.0 want: ^0.2.1
1418 silly placeDep ROOT htmlparser2@10.1.0 OK for: cheerio@1.2.0 want: ^10.1.0
1419 silly placeDep ROOT parse5@7.3.0 OK for: cheerio@1.2.0 want: ^7.3.0
1420 silly placeDep ROOT parse5-htmlparser2-tree-adapter@7.1.0 OK for: cheerio@1.2.0 want: ^7.1.0
1421 silly placeDep ROOT parse5-parser-stream@7.1.2 OK for: cheerio@1.2.0 want: ^7.1.2
1422 silly placeDep ROOT undici@7.22.0 OK for: cheerio@1.2.0 want: ^7.19.0
1423 silly placeDep ROOT whatwg-mimetype@4.0.0 OK for: cheerio@1.2.0 want: ^4.0.0
1424 silly fetch manifest boolbase@^1.0.0
1425 silly packumentCache full:https://registry.npmjs.org/boolbase cache-miss
1426 silly fetch manifest css-what@^6.1.0
1427 silly packumentCache full:https://registry.npmjs.org/css-what cache-miss
1428 silly fetch manifest domutils@^3.0.1
1429 silly packumentCache full:https://registry.npmjs.org/domutils cache-miss
1430 silly fetch manifest css-select@^5.1.0
1431 silly packumentCache full:https://registry.npmjs.org/css-select cache-miss
1432 silly fetch manifest domelementtype@^2.3.0
1433 silly packumentCache full:https://registry.npmjs.org/domelementtype cache-miss
1434 silly fetch manifest entities@^4.2.0
1435 silly packumentCache full:https://registry.npmjs.org/entities cache-miss
1436 silly fetch manifest domhandler@^5.0.2
1437 silly packumentCache full:https://registry.npmjs.org/domhandler cache-miss
1438 http cache https://registry.npmjs.org/css-what 5ms (cache hit)
1439 silly packumentCache full:https://registry.npmjs.org/css-what set size:79769 disposed:false
1440 silly fetch manifest domelementtype@^2.3.0
1441 silly packumentCache full:https://registry.npmjs.org/domelementtype cache-miss
1442 http cache https://registry.npmjs.org/boolbase 7ms (cache hit)
1443 silly packumentCache full:https://registry.npmjs.org/boolbase set size:2451 disposed:false
1444 silly fetch manifest domelementtype@^2.3.0
1445 silly packumentCache full:https://registry.npmjs.org/domelementtype cache-miss
1446 http cache https://registry.npmjs.org/css-select 8ms (cache hit)
1447 silly packumentCache full:https://registry.npmjs.org/css-select set size:108853 disposed:false
1448 silly fetch manifest domelementtype@^2.3.0
1449 silly packumentCache full:https://registry.npmjs.org/domelementtype cache-miss
1450 http cache https://registry.npmjs.org/domelementtype 9ms (cache hit)
1451 silly packumentCache full:https://registry.npmjs.org/domelementtype set size:30945 disposed:false
1452 silly fetch manifest iconv-lite@^0.6.3
1453 silly packumentCache full:https://registry.npmjs.org/iconv-lite cache-miss
1454 http cache https://registry.npmjs.org/entities 10ms (cache hit)
1455 silly packumentCache full:https://registry.npmjs.org/entities set size:99036 disposed:false
1456 silly fetch manifest entities@^7.0.1
1457 silly packumentCache full:https://registry.npmjs.org/entities cache-hit
1458 silly fetch manifest entities@^6.0.0
1459 silly packumentCache full:https://registry.npmjs.org/entities cache-hit
1460 http cache https://registry.npmjs.org/domhandler 11ms (cache hit)
1461 silly packumentCache full:https://registry.npmjs.org/domhandler set size:73300 disposed:false
1462 http cache https://registry.npmjs.org/domutils 12ms (cache hit)
1463 silly packumentCache full:https://registry.npmjs.org/domutils set size:102772 disposed:false
1464 http cache https://registry.npmjs.org/domelementtype 9ms (cache hit)
1465 silly packumentCache full:https://registry.npmjs.org/domelementtype set size:30945 disposed:false
1466 silly packumentCache full:https://registry.npmjs.org/domelementtype dispose
1467 http cache https://registry.npmjs.org/domelementtype 7ms (cache hit)
1468 silly packumentCache full:https://registry.npmjs.org/domelementtype set size:30945 disposed:true
1469 silly packumentCache full:https://registry.npmjs.org/domelementtype dispose
1470 http cache https://registry.npmjs.org/iconv-lite 8ms (cache hit)
1471 silly packumentCache full:https://registry.npmjs.org/iconv-lite set size:120557 disposed:false
1472 http cache https://registry.npmjs.org/domelementtype 11ms (cache hit)
1473 silly packumentCache full:https://registry.npmjs.org/domelementtype set size:30945 disposed:true
1474 silly packumentCache full:https://registry.npmjs.org/domelementtype dispose
1475 silly placeDep ROOT boolbase@1.0.0 OK for: cheerio-select@2.1.0 want: ^1.0.0
1476 silly placeDep ROOT css-select@5.2.2 OK for: cheerio-select@2.1.0 want: ^5.1.0
1477 silly placeDep ROOT css-what@6.2.2 OK for: cheerio-select@2.1.0 want: ^6.1.0
1478 silly placeDep ROOT domelementtype@2.3.0 OK for: cheerio-select@2.1.0 want: ^2.3.0
1479 silly fetch manifest nth-check@^2.0.1
1480 silly packumentCache full:https://registry.npmjs.org/nth-check cache-miss
1481 http cache https://registry.npmjs.org/nth-check 2ms (cache hit)
1482 silly packumentCache full:https://registry.npmjs.org/nth-check set size:22973 disposed:false
1483 silly placeDep ROOT nth-check@2.1.1 OK for: css-select@5.2.2 want: ^2.0.1
1484 silly placeDep ROOT ms@2.1.3 OK for: debug@4.4.3 want: ^2.1.3
1485 silly placeDep ROOT entities@4.5.0 OK for: dom-serializer@2.0.0 want: ^4.2.0
1486 silly placeDep ROOT iconv-lite@0.6.3 OK for: encoding-sniffer@0.2.1 want: ^0.6.3
1487 silly placeDep ROOT whatwg-encoding@3.1.1 OK for: encoding-sniffer@0.2.1 want: ^3.1.1
1488 silly fetch manifest safer-buffer@>= 2.1.2 < 3.0.0
1489 silly packumentCache full:https://registry.npmjs.org/safer-buffer cache-miss
1490 http cache https://registry.npmjs.org/safer-buffer 2ms (cache hit)
1491 silly packumentCache full:https://registry.npmjs.org/safer-buffer set size:18521 disposed:false
1492 silly placeDep ROOT graceful-fs@4.2.11 OK for: enhanced-resolve@5.20.0 want: ^4.2.4
1493 silly placeDep ROOT tapable@2.3.0 OK for: enhanced-resolve@5.20.0 want: ^2.3.0
1494 silly fetch manifest eslint@^6.0.0 || ^7.0.0 || >=8.0.0
1495 silly packumentCache full:https://registry.npmjs.org/eslint cache-miss
1496 http cache https://registry.npmjs.org/eslint 5ms (cache hit)
1497 silly packumentCache full:https://registry.npmjs.org/eslint set size:1949507 disposed:false
1498 silly placeDep ROOT @eslint-community/eslint-utils@4.9.1 OK for: eslint@9.39.3 want: ^4.8.0
1499 silly placeDep ROOT @eslint-community/regexpp@4.12.2 OK for: eslint@9.39.3 want: ^4.12.1
1500 silly placeDep ROOT @eslint/config-array@0.21.1 OK for: eslint@9.39.3 want: ^0.21.1
1501 silly placeDep ROOT @eslint/config-helpers@0.4.2 OK for: eslint@9.39.3 want: ^0.4.2
1502 silly placeDep ROOT @eslint/core@0.17.0 OK for: eslint@9.39.3 want: ^0.17.0
1503 silly placeDep ROOT @eslint/eslintrc@3.3.4 OK for: eslint@9.39.3 want: ^3.3.1
1504 silly placeDep ROOT @eslint/js@9.39.3 OK for: eslint@9.39.3 want: 9.39.3
1505 silly placeDep ROOT @eslint/plugin-kit@0.4.1 OK for: eslint@9.39.3 want: ^0.4.1
1506 silly placeDep ROOT @humanfs/node@0.16.7 OK for: eslint@9.39.3 want: ^0.16.6
1507 silly placeDep ROOT @humanwhocodes/module-importer@1.0.1 OK for: eslint@9.39.3 want: ^1.0.1
1508 silly placeDep ROOT @humanwhocodes/retry@0.4.3 OK for: eslint@9.39.3 want: ^0.4.2
1509 silly placeDep ROOT @types/estree@1.0.8 OK for: eslint@9.39.3 want: ^1.0.6
1510 silly placeDep ROOT ajv@6.14.0 OK for: eslint@9.39.3 want: ^6.12.4
1511 silly placeDep ROOT chalk@4.1.2 OK for: eslint@9.39.3 want: ^4.0.0
1512 silly placeDep ROOT cross-spawn@7.0.6 OK for: eslint@9.39.3 want: ^7.0.6
1513 silly placeDep ROOT escape-string-regexp@4.0.0 OK for: eslint@9.39.3 want: ^4.0.0
1514 silly placeDep ROOT eslint-scope@8.4.0 OK for: eslint@9.39.3 want: ^8.4.0
1515 silly placeDep ROOT eslint-visitor-keys@4.2.1 OK for: eslint@9.39.3 want: ^4.2.1
1516 silly placeDep ROOT espree@10.4.0 OK for: eslint@9.39.3 want: ^10.4.0
1517 silly placeDep ROOT esquery@1.7.0 OK for: eslint@9.39.3 want: ^1.5.0
1518 silly placeDep ROOT esutils@2.0.3 OK for: eslint@9.39.3 want: ^2.0.2
1519 silly placeDep ROOT fast-deep-equal@3.1.3 OK for: eslint@9.39.3 want: ^3.1.3
1520 silly placeDep ROOT file-entry-cache@8.0.0 OK for: eslint@9.39.3 want: ^8.0.0
1521 silly placeDep ROOT find-up@5.0.0 OK for: eslint@9.39.3 want: ^5.0.0
1522 silly placeDep ROOT glob-parent@6.0.2 OK for: eslint@9.39.3 want: ^6.0.2
1523 silly placeDep ROOT ignore@5.3.2 OK for: eslint@9.39.3 want: ^5.2.0
1524 silly placeDep ROOT imurmurhash@0.1.4 OK for: eslint@9.39.3 want: ^0.1.4
1525 silly placeDep ROOT is-glob@4.0.3 OK for: eslint@9.39.3 want: ^4.0.0
1526 silly placeDep ROOT json-stable-stringify-without-jsonify@1.0.1 OK for: eslint@9.39.3 want: ^1.0.1
1527 silly placeDep ROOT lodash.merge@4.6.2 OK for: eslint@9.39.3 want: ^4.6.2
1528 silly placeDep ROOT minimatch@3.1.5 OK for: eslint@9.39.3 want: ^3.1.2
1529 silly placeDep ROOT natural-compare@1.4.0 OK for: eslint@9.39.3 want: ^1.4.0
1530 silly placeDep ROOT optionator@0.9.4 OK for: eslint@9.39.3 want: ^0.9.3
1531 silly fetch manifest eslint-visitor-keys@^3.4.3
1532 silly packumentCache full:https://registry.npmjs.org/eslint-visitor-keys cache-miss
1533 silly fetch manifest @eslint/object-schema@^2.1.7
1534 silly packumentCache full:https://registry.npmjs.org/@eslint%2fobject-schema cache-miss
1535 silly fetch manifest @types/json-schema@^7.0.15
1536 silly packumentCache full:https://registry.npmjs.org/@types%2fjson-schema cache-miss
1537 silly fetch manifest ajv@^6.14.0
1538 silly packumentCache full:https://registry.npmjs.org/ajv cache-miss
1539 silly fetch manifest espree@^10.0.1
1540 silly packumentCache full:https://registry.npmjs.org/espree cache-miss
1541 silly fetch manifest globals@^14.0.0
1542 silly packumentCache full:https://registry.npmjs.org/globals cache-miss
1543 silly fetch manifest import-fresh@^3.2.1
1544 silly packumentCache full:https://registry.npmjs.org/import-fresh cache-miss
1545 http cache https://registry.npmjs.org/@types%2fjson-schema 7ms (cache hit)
1546 silly packumentCache full:https://registry.npmjs.org/@types%2fjson-schema set size:44704 disposed:false
1547 silly fetch manifest js-yaml@^4.1.1
1548 silly packumentCache full:https://registry.npmjs.org/js-yaml cache-miss
1549 http cache https://registry.npmjs.org/ajv 9ms (cache hit)
1550 silly packumentCache full:https://registry.npmjs.org/ajv set size:1120197 disposed:false
1551 silly fetch manifest minimatch@^3.1.3
1552 silly packumentCache full:https://registry.npmjs.org/minimatch cache-miss
1553 http cache https://registry.npmjs.org/globals 17ms (cache hit)
1554 silly packumentCache full:https://registry.npmjs.org/globals set size:308609 disposed:false
1555 silly fetch manifest strip-json-comments@^3.1.1
1556 silly packumentCache full:https://registry.npmjs.org/strip-json-comments cache-miss
1557 http cache https://registry.npmjs.org/eslint-visitor-keys 22ms (cache hit)
1558 silly packumentCache full:https://registry.npmjs.org/eslint-visitor-keys set size:69949 disposed:false
1559 silly fetch manifest levn@^0.4.1
1560 silly packumentCache full:https://registry.npmjs.org/levn cache-miss
1561 http cache https://registry.npmjs.org/espree 22ms (cache hit)
1562 silly packumentCache full:https://registry.npmjs.org/espree set size:323320 disposed:false
1563 silly fetch manifest @humanwhocodes/retry@^0.4.0
1564 silly packumentCache full:https://registry.npmjs.org/@humanwhocodes%2fretry cache-miss
1565 http cache https://registry.npmjs.org/@eslint%2fobject-schema 26ms (cache hit)
1566 silly packumentCache full:https://registry.npmjs.org/@eslint%2fobject-schema set size:29255 disposed:false
1567 silly fetch manifest @humanfs/core@^0.19.1
1568 silly packumentCache full:https://registry.npmjs.org/@humanfs%2fcore cache-miss
1569 http cache https://registry.npmjs.org/levn 10ms (cache hit)
1570 silly packumentCache full:https://registry.npmjs.org/levn set size:28223 disposed:false
1571 silly fetch manifest fast-deep-equal@^3.1.1
1572 silly packumentCache full:https://registry.npmjs.org/fast-deep-equal cache-miss
1573 http cache https://registry.npmjs.org/minimatch 18ms (cache hit)
1574 silly packumentCache full:https://registry.npmjs.org/minimatch set size:352359 disposed:false
1575 silly fetch manifest fast-json-stable-stringify@^2.0.0
1576 silly packumentCache full:https://registry.npmjs.org/fast-json-stable-stringify cache-miss
1577 http cache https://registry.npmjs.org/strip-json-comments 22ms (cache hit)
1578 silly packumentCache full:https://registry.npmjs.org/strip-json-comments set size:43569 disposed:false
1579 silly fetch manifest json-schema-traverse@^0.4.1
1580 silly packumentCache full:https://registry.npmjs.org/json-schema-traverse cache-miss
1581 http cache https://registry.npmjs.org/@humanfs%2fcore 18ms (cache hit)
1582 silly packumentCache full:https://registry.npmjs.org/@humanfs%2fcore set size:35472 disposed:false
1583 silly fetch manifest uri-js@^4.2.2
1584 silly packumentCache full:https://registry.npmjs.org/uri-js cache-miss
1585 http cache https://registry.npmjs.org/@humanwhocodes%2fretry 20ms (cache hit)
1586 silly packumentCache full:https://registry.npmjs.org/@humanwhocodes%2fretry set size:42348 disposed:false
1587 silly fetch manifest ansi-styles@^4.1.0
1588 silly packumentCache full:https://registry.npmjs.org/ansi-styles cache-miss
1589 http cache https://registry.npmjs.org/fast-json-stable-stringify 11ms (cache hit)
1590 silly packumentCache full:https://registry.npmjs.org/fast-json-stable-stringify set size:11337 disposed:false
1591 silly fetch manifest supports-color@^7.1.0
1592 silly packumentCache full:https://registry.npmjs.org/supports-color cache-miss
1593 http cache https://registry.npmjs.org/fast-deep-equal 17ms (cache hit)
1594 silly packumentCache full:https://registry.npmjs.org/fast-deep-equal set size:48634 disposed:false
1595 silly fetch manifest which@^2.0.1
1596 silly packumentCache full:https://registry.npmjs.org/which cache-miss
1597 http cache https://registry.npmjs.org/json-schema-traverse 8ms (cache hit)
1598 silly packumentCache full:https://registry.npmjs.org/json-schema-traverse set size:23537 disposed:false
1599 silly fetch manifest path-key@^3.1.0
1600 silly packumentCache full:https://registry.npmjs.org/path-key cache-miss
1601 http cache https://registry.npmjs.org/uri-js 7ms (cache hit)
1602 silly packumentCache full:https://registry.npmjs.org/uri-js set size:42559 disposed:false
1603 silly fetch manifest shebang-command@^2.0.0
1604 silly packumentCache full:https://registry.npmjs.org/shebang-command cache-miss
1605 http cache https://registry.npmjs.org/ansi-styles 7ms (cache hit)
1606 silly packumentCache full:https://registry.npmjs.org/ansi-styles set size:63233 disposed:false
1607 silly fetch manifest esrecurse@^4.3.0
1608 silly packumentCache full:https://registry.npmjs.org/esrecurse cache-miss
1609 http cache https://registry.npmjs.org/supports-color 6ms (cache hit)
1610 silly packumentCache full:https://registry.npmjs.org/supports-color set size:118680 disposed:false
1611 silly fetch manifest estraverse@^5.2.0
1612 silly packumentCache full:https://registry.npmjs.org/estraverse cache-miss
1613 http cache https://registry.npmjs.org/path-key 6ms (cache hit)
1614 silly packumentCache full:https://registry.npmjs.org/path-key set size:16975 disposed:false
1615 silly fetch manifest acorn@^8.15.0
1616 silly packumentCache full:https://registry.npmjs.org/acorn cache-miss
1617 http cache https://registry.npmjs.org/shebang-command 7ms (cache hit)
1618 silly packumentCache full:https://registry.npmjs.org/shebang-command set size:8525 disposed:false
1619 silly fetch manifest acorn-jsx@^5.3.2
1620 silly packumentCache full:https://registry.npmjs.org/acorn-jsx cache-miss
1621 http cache https://registry.npmjs.org/esrecurse 6ms (cache hit)
1622 silly packumentCache full:https://registry.npmjs.org/esrecurse set size:29005 disposed:false
1623 silly fetch manifest estraverse@^5.1.0
1624 silly packumentCache full:https://registry.npmjs.org/estraverse cache-miss
1625 http cache https://registry.npmjs.org/which 10ms (cache hit)
1626 silly packumentCache full:https://registry.npmjs.org/which set size:67805 disposed:false
1627 silly fetch manifest flat-cache@^4.0.0
1628 silly packumentCache full:https://registry.npmjs.org/flat-cache cache-miss
1629 http cache https://registry.npmjs.org/estraverse 7ms (cache hit)
1630 silly packumentCache full:https://registry.npmjs.org/estraverse set size:62412 disposed:false
1631 silly fetch manifest locate-path@^6.0.0
1632 silly packumentCache full:https://registry.npmjs.org/locate-path cache-miss
1633 http cache https://registry.npmjs.org/acorn-jsx 7ms (cache hit)
1634 silly packumentCache full:https://registry.npmjs.org/acorn-jsx set size:71068 disposed:false
1635 silly fetch manifest path-exists@^4.0.0
1636 silly packumentCache full:https://registry.npmjs.org/path-exists cache-miss
1637 http cache https://registry.npmjs.org/acorn 9ms (cache hit)
1638 silly packumentCache full:https://registry.npmjs.org/acorn set size:379626 disposed:false
1639 silly fetch manifest is-glob@^4.0.3
1640 silly packumentCache full:https://registry.npmjs.org/is-glob cache-miss
1641 http cache https://registry.npmjs.org/estraverse 11ms (cache hit)
1642 silly packumentCache full:https://registry.npmjs.org/estraverse set size:62412 disposed:false
1643 silly packumentCache full:https://registry.npmjs.org/estraverse dispose
1644 silly fetch manifest is-extglob@^2.1.1
1645 silly packumentCache full:https://registry.npmjs.org/is-extglob cache-miss
1646 http cache https://registry.npmjs.org/flat-cache 11ms (cache hit)
1647 silly packumentCache full:https://registry.npmjs.org/flat-cache set size:164041 disposed:false
1648 silly fetch manifest brace-expansion@^1.1.7
1649 silly packumentCache full:https://registry.npmjs.org/brace-expansion cache-miss
1650 http cache https://registry.npmjs.org/locate-path 12ms (cache hit)
1651 silly packumentCache full:https://registry.npmjs.org/locate-path set size:31329 disposed:false
1652 silly fetch manifest prelude-ls@^1.2.1
1653 silly packumentCache full:https://registry.npmjs.org/prelude-ls cache-miss
1654 http cache https://registry.npmjs.org/is-extglob 7ms (cache hit)
1655 silly packumentCache full:https://registry.npmjs.org/is-extglob set size:11766 disposed:false
1656 silly fetch manifest deep-is@^0.1.3
1657 silly packumentCache full:https://registry.npmjs.org/deep-is cache-miss
1658 http fetch GET 200 https://registry.npmjs.org/import-fresh 78ms (cache miss)
1659 silly packumentCache full:https://registry.npmjs.org/import-fresh set size:undefined disposed:false
1660 silly fetch manifest word-wrap@^1.2.5
1661 silly packumentCache full:https://registry.npmjs.org/word-wrap cache-miss
1662 http cache https://registry.npmjs.org/is-glob 9ms (cache hit)
1663 silly packumentCache full:https://registry.npmjs.org/is-glob set size:40530 disposed:false
1664 silly fetch manifest type-check@^0.4.0
1665 silly packumentCache full:https://registry.npmjs.org/type-check cache-miss
1666 http cache https://registry.npmjs.org/path-exists 14ms (cache hit)
1667 silly packumentCache full:https://registry.npmjs.org/path-exists set size:13704 disposed:false
1668 silly fetch manifest fast-levenshtein@^2.0.6
1669 silly packumentCache full:https://registry.npmjs.org/fast-levenshtein cache-miss
1670 http cache https://registry.npmjs.org/brace-expansion 7ms (cache hit)
1671 silly packumentCache full:https://registry.npmjs.org/brace-expansion set size:55744 disposed:false
1672 http cache https://registry.npmjs.org/deep-is 7ms (cache hit)
1673 silly packumentCache full:https://registry.npmjs.org/deep-is set size:10205 disposed:false
1674 http cache https://registry.npmjs.org/word-wrap 7ms (cache hit)
1675 silly packumentCache full:https://registry.npmjs.org/word-wrap set size:37835 disposed:false
1676 http cache https://registry.npmjs.org/prelude-ls 10ms (cache hit)
1677 silly packumentCache full:https://registry.npmjs.org/prelude-ls set size:25777 disposed:false
1678 http cache https://registry.npmjs.org/type-check 8ms (cache hit)
1679 silly packumentCache full:https://registry.npmjs.org/type-check set size:21221 disposed:false
1680 http cache https://registry.npmjs.org/fast-levenshtein 7ms (cache hit)
1681 silly packumentCache full:https://registry.npmjs.org/fast-levenshtein set size:39317 disposed:false
1682 http fetch GET 200 https://registry.npmjs.org/js-yaml 87ms (cache miss)
1683 silly packumentCache full:https://registry.npmjs.org/js-yaml set size:undefined disposed:false
1684 silly placeDep node_modules/@eslint-community/eslint-utils eslint-visitor-keys@3.4.3 OK for: @eslint-community/eslint-utils@4.9.1 want: ^3.4.3
1685 silly placeDep ROOT @eslint/object-schema@2.1.7 OK for: @eslint/config-array@0.21.1 want: ^2.1.7
1686 silly placeDep ROOT @types/json-schema@7.0.15 OK for: @eslint/core@0.17.0 want: ^7.0.15
1687 silly placeDep ROOT globals@14.0.0 OK for: @eslint/eslintrc@3.3.4 want: ^14.0.0
1688 silly placeDep ROOT import-fresh@3.3.1 OK for: @eslint/eslintrc@3.3.4 want: ^3.2.1
1689 silly placeDep ROOT js-yaml@4.1.1 OK for: @eslint/eslintrc@3.3.4 want: ^4.1.1
1690 silly placeDep ROOT strip-json-comments@3.1.1 OK for: @eslint/eslintrc@3.3.4 want: ^3.1.1
1691 silly fetch manifest resolve-from@^4.0.0
1692 silly packumentCache full:https://registry.npmjs.org/resolve-from cache-miss
1693 silly fetch manifest parent-module@^1.0.0
1694 silly packumentCache full:https://registry.npmjs.org/parent-module cache-miss
1695 silly fetch manifest argparse@^2.0.1
1696 silly packumentCache full:https://registry.npmjs.org/argparse cache-miss
1697 http fetch GET 200 https://registry.npmjs.org/parent-module 75ms (cache miss)
1698 silly packumentCache full:https://registry.npmjs.org/parent-module set size:undefined disposed:false
1699 http fetch GET 200 https://registry.npmjs.org/argparse 88ms (cache miss)
1700 silly packumentCache full:https://registry.npmjs.org/argparse set size:undefined disposed:false
1701 http fetch GET 200 https://registry.npmjs.org/resolve-from 323ms (cache miss)
1702 silly packumentCache full:https://registry.npmjs.org/resolve-from set size:undefined disposed:false
1703 silly placeDep ROOT levn@0.4.1 OK for: @eslint/plugin-kit@0.4.1 want: ^0.4.1
1704 silly fetch manifest type-check@~0.4.0
1705 silly packumentCache full:https://registry.npmjs.org/type-check cache-hit
1706 silly placeDep ROOT @humanfs/core@0.19.1 OK for: @humanfs/node@0.16.7 want: ^0.19.1
1707 silly placeDep ROOT fast-json-stable-stringify@2.1.0 OK for: ajv@6.14.0 want: ^2.0.0
1708 silly placeDep ROOT json-schema-traverse@0.4.1 OK for: ajv@6.14.0 want: ^0.4.1
1709 silly placeDep ROOT uri-js@4.4.1 OK for: ajv@6.14.0 want: ^4.2.2
1710 silly fetch manifest punycode@^2.1.0
1711 silly packumentCache full:https://registry.npmjs.org/punycode cache-miss
1712 silly placeDep ROOT ansi-styles@4.3.0 OK for: chalk@4.1.2 want: ^4.1.0
1713 silly placeDep ROOT supports-color@7.2.0 OK for: chalk@4.1.2 want: ^7.1.0
1714 silly fetch manifest color-convert@^2.0.1
1715 silly packumentCache full:https://registry.npmjs.org/color-convert cache-miss
1716 silly fetch manifest has-flag@^4.0.0
1717 silly packumentCache full:https://registry.npmjs.org/has-flag cache-miss
1718 http cache https://registry.npmjs.org/color-convert 3ms (cache hit)
1719 silly packumentCache full:https://registry.npmjs.org/color-convert set size:72663 disposed:false
1720 http cache https://registry.npmjs.org/has-flag 4ms (cache hit)
1721 silly packumentCache full:https://registry.npmjs.org/has-flag set size:15180 disposed:false
1722 silly placeDep ROOT color-convert@2.0.1 OK for: ansi-styles@4.3.0 want: ^2.0.1
1723 silly fetch manifest color-name@~1.1.4
1724 silly packumentCache full:https://registry.npmjs.org/color-name cache-miss
1725 http cache https://registry.npmjs.org/color-name 2ms (cache hit)
1726 silly packumentCache full:https://registry.npmjs.org/color-name set size:19467 disposed:false
1727 silly placeDep ROOT color-name@1.1.4 OK for: color-convert@2.0.1 want: ~1.1.4
1728 silly placeDep ROOT path-key@3.1.1 OK for: cross-spawn@7.0.6 want: ^3.1.0
1729 silly placeDep ROOT shebang-command@2.0.0 OK for: cross-spawn@7.0.6 want: ^2.0.0
1730 silly placeDep ROOT which@2.0.2 OK for: cross-spawn@7.0.6 want: ^2.0.1
1731 silly fetch manifest shebang-regex@^3.0.0
1732 silly packumentCache full:https://registry.npmjs.org/shebang-regex cache-miss
1733 silly fetch manifest isexe@^2.0.0
1734 silly packumentCache full:https://registry.npmjs.org/isexe cache-miss
1735 http cache https://registry.npmjs.org/isexe 2ms (cache hit)
1736 silly packumentCache full:https://registry.npmjs.org/isexe set size:31756 disposed:false
1737 http cache https://registry.npmjs.org/shebang-regex 3ms (cache hit)
1738 silly packumentCache full:https://registry.npmjs.org/shebang-regex set size:9763 disposed:false
1739 silly fetch manifest eslint@^7.23.0 || ^8.0.0 || ^9.0.0
1740 silly packumentCache full:https://registry.npmjs.org/eslint cache-miss
1741 http cache https://registry.npmjs.org/eslint 4ms (cache hit)
1742 silly packumentCache full:https://registry.npmjs.org/eslint set size:1949507 disposed:false
1743 silly fetch manifest typescript@>=3.3.1
1744 silly packumentCache full:https://registry.npmjs.org/typescript cache-miss
1745 http cache https://registry.npmjs.org/typescript 30ms (cache hit)
1746 silly packumentCache full:https://registry.npmjs.org/typescript set size:15310184 disposed:false
1747 silly fetch manifest eslint-plugin-import-x@*
1748 silly packumentCache full:https://registry.npmjs.org/eslint-plugin-import-x cache-miss
1749 http fetch GET 200 https://registry.npmjs.org/eslint-plugin-import-x 224ms (cache miss)
1750 silly packumentCache full:https://registry.npmjs.org/eslint-plugin-import-x set size:undefined disposed:false
1751 silly fetch manifest @typescript-eslint/utils@^8.0.0
1752 silly packumentCache full:https://registry.npmjs.org/@typescript-eslint%2futils cache-miss
1753 http cache https://registry.npmjs.org/@typescript-eslint%2futils 14ms (cache hit)
1754 silly packumentCache full:https://registry.npmjs.org/@typescript-eslint%2futils set size:9744861 disposed:false
1755 silly placeDep ROOT @next/eslint-plugin-next@15.1.6 OK for: eslint-config-next@15.1.6 want: 15.1.6
1756 silly placeDep ROOT @rushstack/eslint-patch@1.16.1 OK for: eslint-config-next@15.1.6 want: ^1.10.3
1757 silly placeDep ROOT @typescript-eslint/eslint-plugin@8.56.1 OK for: eslint-config-next@15.1.6 want: ^5.4.2 || ^6.0.0 || ^7.0.0 || ^8.0.0
1758 silly placeDep ROOT @typescript-eslint/parser@8.56.1 OK for: @typescript-eslint/eslint-plugin@8.56.1 want: ^8.56.1
1759 silly placeDep ROOT eslint-import-resolver-node@0.3.9 OK for: eslint-config-next@15.1.6 want: ^0.3.6
1760 silly placeDep ROOT eslint-import-resolver-typescript@3.10.1 OK for: eslint-config-next@15.1.6 want: ^3.5.2
1761 silly placeDep ROOT eslint-plugin-import@2.32.0 OK for: eslint-config-next@15.1.6 want: ^2.31.0
1762 silly placeDep ROOT eslint-plugin-jsx-a11y@6.10.2 OK for: eslint-config-next@15.1.6 want: ^6.10.0
1763 silly placeDep ROOT eslint-plugin-react@7.37.5 OK for: eslint-config-next@15.1.6 want: ^7.37.0
1764 silly placeDep ROOT eslint-plugin-react-hooks@5.2.0 OK for: eslint-config-next@15.1.6 want: ^5.0.0
1765 silly fetch manifest fast-glob@3.3.1
1766 silly packumentCache full:https://registry.npmjs.org/fast-glob cache-miss
1767 silly fetch manifest ignore@^7.0.5
1768 silly packumentCache full:https://registry.npmjs.org/ignore cache-miss
1769 silly fetch manifest ts-api-utils@^2.4.0
1770 silly packumentCache full:https://registry.npmjs.org/ts-api-utils cache-miss
1771 silly fetch manifest @typescript-eslint/utils@8.56.1
1772 silly packumentCache full:https://registry.npmjs.org/@typescript-eslint%2futils cache-miss
1773 silly fetch manifest @typescript-eslint/type-utils@8.56.1
1774 silly packumentCache full:https://registry.npmjs.org/@typescript-eslint%2ftype-utils cache-miss
1775 silly fetch manifest @typescript-eslint/visitor-keys@8.56.1
1776 silly packumentCache full:https://registry.npmjs.org/@typescript-eslint%2fvisitor-keys cache-miss
1777 silly fetch manifest @typescript-eslint/scope-manager@8.56.1
1778 silly packumentCache full:https://registry.npmjs.org/@typescript-eslint%2fscope-manager cache-miss
1779 http cache https://registry.npmjs.org/fast-glob 15ms (cache hit)
1780 silly packumentCache full:https://registry.npmjs.org/fast-glob set size:220556 disposed:false
1781 silly fetch manifest @typescript-eslint/types@8.56.1
1782 silly packumentCache full:https://registry.npmjs.org/@typescript-eslint%2ftypes cache-miss
1783 http cache https://registry.npmjs.org/ts-api-utils 18ms (cache hit)
1784 silly packumentCache full:https://registry.npmjs.org/ts-api-utils set size:220519 disposed:false
1785 silly fetch manifest @typescript-eslint/visitor-keys@8.56.1
1786 silly packumentCache full:https://registry.npmjs.org/@typescript-eslint%2fvisitor-keys cache-miss
1787 http cache https://registry.npmjs.org/@typescript-eslint%2ftype-utils 31ms (cache hit)
1788 silly packumentCache full:https://registry.npmjs.org/@typescript-eslint%2ftype-utils set size:8953217 disposed:false
1789 silly fetch manifest @typescript-eslint/scope-manager@8.56.1
1790 silly packumentCache full:https://registry.npmjs.org/@typescript-eslint%2fscope-manager cache-miss
1791 http cache https://registry.npmjs.org/@typescript-eslint%2futils 77ms (cache hit)
1792 silly packumentCache full:https://registry.npmjs.org/@typescript-eslint%2futils set size:9744861 disposed:false
1793 silly fetch manifest @typescript-eslint/typescript-estree@8.56.1
1794 silly packumentCache full:https://registry.npmjs.org/@typescript-eslint%2ftypescript-estree cache-miss
1795 http cache https://registry.npmjs.org/@typescript-eslint%2fvisitor-keys 129ms (cache hit)
1796 silly packumentCache full:https://registry.npmjs.org/@typescript-eslint%2fvisitor-keys set size:11508148 disposed:false
1797 silly fetch manifest debug@^3.2.7
1798 silly packumentCache full:https://registry.npmjs.org/debug cache-hit
1799 silly fetch manifest is-core-module@^2.13.0
1800 silly packumentCache full:https://registry.npmjs.org/is-core-module cache-miss
1801 http cache https://registry.npmjs.org/ignore 183ms (cache hit)
1802 silly packumentCache full:https://registry.npmjs.org/ignore set size:237380 disposed:false
1803 silly fetch manifest resolve@^1.22.4
1804 silly packumentCache full:https://registry.npmjs.org/resolve cache-miss
1805 http cache https://registry.npmjs.org/resolve 13ms (cache hit)
1806 silly packumentCache full:https://registry.npmjs.org/resolve set size:238156 disposed:false
1807 silly fetch manifest tinyglobby@^0.2.13
1808 silly packumentCache full:https://registry.npmjs.org/tinyglobby cache-hit
1809 silly fetch manifest stable-hash@^0.0.5
1810 silly packumentCache full:https://registry.npmjs.org/stable-hash cache-miss
1811 http cache https://registry.npmjs.org/is-core-module 21ms (cache hit)
1812 silly packumentCache full:https://registry.npmjs.org/is-core-module set size:71788 disposed:false
1813 silly fetch manifest get-tsconfig@^4.10.0
1814 silly packumentCache full:https://registry.npmjs.org/get-tsconfig cache-miss
1815 http cache https://registry.npmjs.org/@typescript-eslint%2fvisitor-keys 197ms (cache hit)
1816 silly packumentCache full:https://registry.npmjs.org/@typescript-eslint%2fvisitor-keys set size:11508148 disposed:false
1817 silly fetch manifest is-bun-module@^2.0.0
1818 silly packumentCache full:https://registry.npmjs.org/is-bun-module cache-miss
1819 http cache https://registry.npmjs.org/is-bun-module 4ms (cache hit)
1820 silly packumentCache full:https://registry.npmjs.org/is-bun-module set size:19768 disposed:false
1821 silly fetch manifest unrs-resolver@^1.6.2
1822 silly packumentCache full:https://registry.npmjs.org/unrs-resolver cache-miss
1823 http cache https://registry.npmjs.org/stable-hash 61ms (cache hit)
1824 silly packumentCache full:https://registry.npmjs.org/stable-hash set size:18359 disposed:false
1825 silly fetch manifest @nolyfill/is-core-module@1.0.39
1826 silly packumentCache full:https://registry.npmjs.org/@nolyfill%2fis-core-module cache-miss
1827 http cache https://registry.npmjs.org/get-tsconfig 61ms (cache hit)
1828 silly packumentCache full:https://registry.npmjs.org/get-tsconfig set size:112628 disposed:false
1829 silly fetch manifest @rtsao/scc@^1.1.0
1830 silly packumentCache full:https://registry.npmjs.org/@rtsao%2fscc cache-miss
1831 http cache https://registry.npmjs.org/unrs-resolver 6ms (cache hit)
1832 silly packumentCache full:https://registry.npmjs.org/unrs-resolver set size:142730 disposed:false
1833 silly fetch manifest array-includes@^3.1.9
1834 silly packumentCache full:https://registry.npmjs.org/array-includes cache-miss
1835 http cache https://registry.npmjs.org/@rtsao%2fscc 6ms (cache hit)
1836 silly packumentCache full:https://registry.npmjs.org/@rtsao%2fscc set size:6332 disposed:false
1837 silly fetch manifest array.prototype.findlastindex@^1.2.6
1838 silly packumentCache full:https://registry.npmjs.org/array.prototype.findlastindex cache-miss
1839 http cache https://registry.npmjs.org/array.prototype.findlastindex 5ms (cache hit)
1840 silly packumentCache full:https://registry.npmjs.org/array.prototype.findlastindex set size:44828 disposed:false
1841 silly fetch manifest array.prototype.flat@^1.3.3
1842 silly packumentCache full:https://registry.npmjs.org/array.prototype.flat cache-miss
1843 http cache https://registry.npmjs.org/array-includes 8ms (cache hit)
1844 silly packumentCache full:https://registry.npmjs.org/array-includes set size:77143 disposed:false
1845 silly fetch manifest array.prototype.flatmap@^1.3.3
1846 silly packumentCache full:https://registry.npmjs.org/array.prototype.flatmap cache-miss
1847 http cache https://registry.npmjs.org/array.prototype.flat 9ms (cache hit)
1848 silly packumentCache full:https://registry.npmjs.org/array.prototype.flat set size:38327 disposed:false
1849 silly fetch manifest doctrine@^2.1.0
1850 silly packumentCache full:https://registry.npmjs.org/doctrine cache-miss
1851 http fetch GET 200 https://registry.npmjs.org/@typescript-eslint%2fscope-manager 663ms (cache miss)
1852 silly packumentCache full:https://registry.npmjs.org/@typescript-eslint%2fscope-manager set size:undefined disposed:false
1853 silly fetch manifest eslint-module-utils@^2.12.1
1854 silly packumentCache full:https://registry.npmjs.org/eslint-module-utils cache-miss
1855 http fetch GET 200 https://registry.npmjs.org/@nolyfill%2fis-core-module 448ms (cache miss)
1856 silly packumentCache full:https://registry.npmjs.org/@nolyfill%2fis-core-module set size:undefined disposed:false
1857 silly fetch manifest hasown@^2.0.2
1858 silly packumentCache full:https://registry.npmjs.org/hasown cache-miss
1859 http fetch GET 200 https://registry.npmjs.org/array.prototype.flatmap 589ms (cache miss)
1860 silly packumentCache full:https://registry.npmjs.org/array.prototype.flatmap set size:undefined disposed:false
1861 silly fetch manifest is-core-module@^2.16.1
1862 silly packumentCache full:https://registry.npmjs.org/is-core-module cache-hit
1863 silly fetch manifest object.fromentries@^2.0.8
1864 silly packumentCache full:https://registry.npmjs.org/object.fromentries cache-miss
1865 http fetch GET 200 https://registry.npmjs.org/hasown 162ms (cache miss)
1866 silly packumentCache full:https://registry.npmjs.org/hasown set size:undefined disposed:false
1867 silly fetch manifest object.groupby@^1.0.3
1868 silly packumentCache full:https://registry.npmjs.org/object.groupby cache-miss
1869 http cache https://registry.npmjs.org/object.fromentries 5ms (cache hit)
1870 silly packumentCache full:https://registry.npmjs.org/object.fromentries set size:37686 disposed:false
1871 silly fetch manifest object.values@^1.2.1
1872 silly packumentCache full:https://registry.npmjs.org/object.values cache-miss
1873 http fetch GET 200 https://registry.npmjs.org/eslint-module-utils 222ms (cache miss)
1874 silly packumentCache full:https://registry.npmjs.org/eslint-module-utils set size:undefined disposed:false
1875 silly fetch manifest string.prototype.trimend@^1.0.9
1876 silly packumentCache full:https://registry.npmjs.org/string.prototype.trimend cache-miss
1877 http fetch GET 200 https://registry.npmjs.org/object.groupby 616ms (cache miss)
1878 silly packumentCache full:https://registry.npmjs.org/object.groupby set size:undefined disposed:false
1879 silly fetch manifest tsconfig-paths@^3.15.0
1880 silly packumentCache full:https://registry.npmjs.org/tsconfig-paths cache-miss
1881 http fetch GET 200 https://registry.npmjs.org/string.prototype.trimend 667ms (cache miss)
1882 silly packumentCache full:https://registry.npmjs.org/string.prototype.trimend set size:undefined disposed:false
1883 silly fetch manifest aria-query@^5.3.2
1884 silly packumentCache full:https://registry.npmjs.org/aria-query cache-hit
1885 silly fetch manifest array-includes@^3.1.8
1886 silly packumentCache full:https://registry.npmjs.org/array-includes cache-hit
1887 silly fetch manifest array.prototype.flatmap@^1.3.2
1888 silly packumentCache full:https://registry.npmjs.org/array.prototype.flatmap cache-miss
1889 http cache https://registry.npmjs.org/array.prototype.flatmap 2ms (cache hit)
1890 silly packumentCache full:https://registry.npmjs.org/array.prototype.flatmap set size:51458 disposed:false
1891 silly fetch manifest ast-types-flow@^0.0.8
1892 silly packumentCache full:https://registry.npmjs.org/ast-types-flow cache-miss
1893 http fetch GET 200 https://registry.npmjs.org/object.values 731ms (cache miss)
1894 silly packumentCache full:https://registry.npmjs.org/object.values set size:undefined disposed:false
1895 silly fetch manifest axe-core@^4.10.0
1896 silly packumentCache full:https://registry.npmjs.org/axe-core cache-miss
1897 http fetch GET 200 https://registry.npmjs.org/doctrine 1580ms (cache miss)
1898 silly packumentCache full:https://registry.npmjs.org/doctrine set size:undefined disposed:false
1899 silly fetch manifest axobject-query@^4.1.0
1900 silly packumentCache full:https://registry.npmjs.org/axobject-query cache-miss
1901 http fetch GET 200 https://registry.npmjs.org/ast-types-flow 391ms (cache miss)
1902 silly packumentCache full:https://registry.npmjs.org/ast-types-flow set size:undefined disposed:false
1903 silly fetch manifest damerau-levenshtein@^1.0.8
1904 silly packumentCache full:https://registry.npmjs.org/damerau-levenshtein cache-miss
1905 http fetch GET 200 https://registry.npmjs.org/@typescript-eslint%2ftypes 2077ms (cache miss)
1906 silly packumentCache full:https://registry.npmjs.org/@typescript-eslint%2ftypes set size:undefined disposed:false
1907 silly fetch manifest emoji-regex@^9.2.2
1908 silly packumentCache full:https://registry.npmjs.org/emoji-regex cache-miss
1909 http cache https://registry.npmjs.org/emoji-regex 11ms (cache hit)
1910 silly packumentCache full:https://registry.npmjs.org/emoji-regex set size:89088 disposed:false
1911 silly fetch manifest jsx-ast-utils@^3.3.5
1912 silly packumentCache full:https://registry.npmjs.org/jsx-ast-utils cache-miss
1913 http cache https://registry.npmjs.org/jsx-ast-utils 9ms (cache hit)
1914 silly packumentCache full:https://registry.npmjs.org/jsx-ast-utils set size:115998 disposed:false
1915 silly fetch manifest language-tags@^1.0.9
1916 silly packumentCache full:https://registry.npmjs.org/language-tags cache-miss
1917 http fetch GET 200 https://registry.npmjs.org/axobject-query 309ms (cache miss)
1918 silly packumentCache full:https://registry.npmjs.org/axobject-query set size:undefined disposed:false
1919 silly fetch manifest safe-regex-test@^1.0.3
1920 silly packumentCache full:https://registry.npmjs.org/safe-regex-test cache-miss
1921 http fetch GET 200 https://registry.npmjs.org/damerau-levenshtein 272ms (cache miss)
1922 silly packumentCache full:https://registry.npmjs.org/damerau-levenshtein set size:undefined disposed:false
1923 silly fetch manifest string.prototype.includes@^2.0.1
1924 silly packumentCache full:https://registry.npmjs.org/string.prototype.includes cache-miss
1925 http fetch GET 200 https://registry.npmjs.org/language-tags 125ms (cache miss)
1926 silly packumentCache full:https://registry.npmjs.org/language-tags set size:undefined disposed:false
1927 silly fetch manifest array.prototype.findlast@^1.2.5
1928 silly packumentCache full:https://registry.npmjs.org/array.prototype.findlast cache-miss
1929 http cache https://registry.npmjs.org/array.prototype.findlast 2ms (cache hit)
1930 silly packumentCache full:https://registry.npmjs.org/array.prototype.findlast set size:40323 disposed:false
1931 silly fetch manifest array.prototype.tosorted@^1.1.4
1932 silly packumentCache full:https://registry.npmjs.org/array.prototype.tosorted cache-miss
1933 http cache https://registry.npmjs.org/array.prototype.tosorted 1ms (cache hit)
1934 silly packumentCache full:https://registry.npmjs.org/array.prototype.tosorted set size:24661 disposed:false
1935 silly fetch manifest es-iterator-helpers@^1.2.1
1936 silly packumentCache full:https://registry.npmjs.org/es-iterator-helpers cache-miss
1937 http fetch GET 200 https://registry.npmjs.org/safe-regex-test 142ms (cache miss)
1938 silly packumentCache full:https://registry.npmjs.org/safe-regex-test set size:undefined disposed:false
1939 silly fetch manifest estraverse@^5.3.0
1940 silly packumentCache full:https://registry.npmjs.org/estraverse cache-hit
1941 silly fetch manifest jsx-ast-utils@^2.4.1 || ^3.0.0
1942 silly packumentCache full:https://registry.npmjs.org/jsx-ast-utils cache-hit
1943 silly fetch manifest object.entries@^1.1.9
1944 silly packumentCache full:https://registry.npmjs.org/object.entries cache-miss
1945 http fetch GET 200 https://registry.npmjs.org/string.prototype.includes 99ms (cache miss)
1946 silly packumentCache full:https://registry.npmjs.org/string.prototype.includes set size:undefined disposed:false
1947 silly fetch manifest prop-types@^15.8.1
1948 silly packumentCache full:https://registry.npmjs.org/prop-types cache-miss
1949 http fetch GET 200 https://registry.npmjs.org/es-iterator-helpers 149ms (cache miss)
1950 silly packumentCache full:https://registry.npmjs.org/es-iterator-helpers set size:undefined disposed:false
1951 silly fetch manifest resolve@^2.0.0-next.5
1952 silly packumentCache full:https://registry.npmjs.org/resolve cache-hit
1953 silly fetch manifest string.prototype.matchall@^4.0.12
1954 silly packumentCache full:https://registry.npmjs.org/string.prototype.matchall cache-miss
1955 http cache https://registry.npmjs.org/string.prototype.matchall 3ms (cache hit)
1956 silly packumentCache full:https://registry.npmjs.org/string.prototype.matchall set size:63239 disposed:false
1957 silly fetch manifest string.prototype.repeat@^1.0.0
1958 silly packumentCache full:https://registry.npmjs.org/string.prototype.repeat cache-miss
1959 http cache https://registry.npmjs.org/string.prototype.repeat 3ms (cache hit)
1960 silly packumentCache full:https://registry.npmjs.org/string.prototype.repeat set size:8608 disposed:false
1961 http fetch GET 200 https://registry.npmjs.org/object.entries 148ms (cache miss)
1962 silly packumentCache full:https://registry.npmjs.org/object.entries set size:undefined disposed:false
1963 http fetch GET 200 https://registry.npmjs.org/@typescript-eslint%2fscope-manager 2455ms (cache miss)
1964 silly packumentCache full:https://registry.npmjs.org/@typescript-eslint%2fscope-manager set size:undefined disposed:false
1965 http fetch GET 200 https://registry.npmjs.org/prop-types 200ms (cache miss)
1966 silly packumentCache full:https://registry.npmjs.org/prop-types set size:undefined disposed:false
1967 http fetch GET 200 https://registry.npmjs.org/@typescript-eslint%2ftypescript-estree 3612ms (cache miss)
1968 silly packumentCache full:https://registry.npmjs.org/@typescript-eslint%2ftypescript-estree set size:undefined disposed:false
1969 http fetch GET 200 https://registry.npmjs.org/axe-core 2199ms (cache miss)
1970 silly packumentCache full:https://registry.npmjs.org/axe-core set size:undefined disposed:false
1971 http fetch GET https://registry.npmjs.org/tsconfig-paths attempt 1 failed with ETIMEDOUT
1972 http fetch GET 200 https://registry.npmjs.org/tsconfig-paths 21093ms attempt #2 (cache miss)
1973 silly packumentCache full:https://registry.npmjs.org/tsconfig-paths set size:undefined disposed:false
1974 silly placeDep ROOT fast-glob@3.3.1 OK for: @next/eslint-plugin-next@15.1.6 want: 3.3.1
1975 silly fetch manifest merge2@^1.3.0
1976 silly packumentCache full:https://registry.npmjs.org/merge2 cache-miss
1977 silly fetch manifest micromatch@^4.0.4
1978 silly packumentCache full:https://registry.npmjs.org/micromatch cache-miss
1979 silly fetch manifest glob-parent@^5.1.2
1980 silly packumentCache full:https://registry.npmjs.org/glob-parent cache-miss
1981 silly fetch manifest @nodelib/fs.stat@^2.0.2
1982 silly packumentCache full:https://registry.npmjs.org/@nodelib%2ffs.stat cache-miss
1983 silly fetch manifest @nodelib/fs.walk@^1.2.3
1984 silly packumentCache full:https://registry.npmjs.org/@nodelib%2ffs.walk cache-miss
1985 http cache https://registry.npmjs.org/merge2 5ms (cache hit)
1986 silly packumentCache full:https://registry.npmjs.org/merge2 set size:46159 disposed:false
1987 http cache https://registry.npmjs.org/glob-parent 6ms (cache hit)
1988 silly packumentCache full:https://registry.npmjs.org/glob-parent set size:42445 disposed:false
1989 http cache https://registry.npmjs.org/micromatch 7ms (cache hit)
1990 silly packumentCache full:https://registry.npmjs.org/micromatch set size:240630 disposed:false
1991 http cache https://registry.npmjs.org/@nodelib%2ffs.stat 8ms (cache hit)
1992 silly packumentCache full:https://registry.npmjs.org/@nodelib%2ffs.stat set size:36993 disposed:false
1993 http cache https://registry.npmjs.org/@nodelib%2ffs.walk 9ms (cache hit)
1994 silly packumentCache full:https://registry.npmjs.org/@nodelib%2ffs.walk set size:41589 disposed:false
1995 silly fetch manifest typescript@>=4.8.4 <6.0.0
1996 silly packumentCache full:https://registry.npmjs.org/typescript cache-miss
1997 http cache https://registry.npmjs.org/typescript 25ms (cache hit)
1998 silly packumentCache full:https://registry.npmjs.org/typescript set size:15310184 disposed:false
1999 silly fetch manifest eslint@^8.57.0 || ^9.0.0 || ^10.0.0
2000 silly packumentCache full:https://registry.npmjs.org/eslint cache-miss
2001 http cache https://registry.npmjs.org/eslint 12ms (cache hit)
2002 silly packumentCache full:https://registry.npmjs.org/eslint set size:1949507 disposed:false
2003 silly placeDep ROOT @typescript-eslint/scope-manager@8.56.1 OK for: @typescript-eslint/eslint-plugin@8.56.1 want: 8.56.1
2004 silly placeDep ROOT @typescript-eslint/type-utils@8.56.1 OK for: @typescript-eslint/eslint-plugin@8.56.1 want: 8.56.1
2005 silly placeDep ROOT @typescript-eslint/utils@8.56.1 OK for: @typescript-eslint/eslint-plugin@8.56.1 want: 8.56.1
2006 silly placeDep ROOT @typescript-eslint/visitor-keys@8.56.1 OK for: @typescript-eslint/eslint-plugin@8.56.1 want: 8.56.1
2007 silly placeDep node_modules/@typescript-eslint/eslint-plugin ignore@7.0.5 OK for: @typescript-eslint/eslint-plugin@8.56.1 want: ^7.0.5
2008 silly placeDep ROOT ts-api-utils@2.4.0 OK for: @typescript-eslint/eslint-plugin@8.56.1 want: ^2.4.0
2009 silly fetch manifest eslint-visitor-keys@^5.0.0
2010 silly packumentCache full:https://registry.npmjs.org/eslint-visitor-keys cache-hit
2011 silly placeDep ROOT @typescript-eslint/types@8.56.1 OK for: @typescript-eslint/parser@8.56.1 want: 8.56.1
2012 silly placeDep ROOT @typescript-eslint/typescript-estree@8.56.1 OK for: @typescript-eslint/parser@8.56.1 want: 8.56.1
2013 silly fetch manifest semver@^7.7.3
2014 silly packumentCache full:https://registry.npmjs.org/semver cache-hit
2015 silly fetch manifest minimatch@^10.2.2
2016 silly packumentCache full:https://registry.npmjs.org/minimatch cache-hit
2017 silly fetch manifest @typescript-eslint/tsconfig-utils@8.56.1
2018 silly packumentCache full:https://registry.npmjs.org/@typescript-eslint%2ftsconfig-utils cache-miss
2019 silly fetch manifest @typescript-eslint/project-service@8.56.1
2020 silly packumentCache full:https://registry.npmjs.org/@typescript-eslint%2fproject-service cache-miss
2021 http cache https://registry.npmjs.org/@typescript-eslint%2ftsconfig-utils 5ms (cache hit)
2022 silly packumentCache full:https://registry.npmjs.org/@typescript-eslint%2ftsconfig-utils set size:914816 disposed:false
2023 http cache https://registry.npmjs.org/@typescript-eslint%2fproject-service 11ms (cache hit)
2024 silly packumentCache full:https://registry.npmjs.org/@typescript-eslint%2fproject-service set size:972626 disposed:false
2025 silly placeDep ROOT @typescript-eslint/project-service@8.56.1 OK for: @typescript-eslint/typescript-estree@8.56.1 want: 8.56.1
2026 silly placeDep ROOT @typescript-eslint/tsconfig-utils@8.56.1 OK for: @typescript-eslint/typescript-estree@8.56.1 want: 8.56.1
2027 silly placeDep node_modules/@typescript-eslint/typescript-estree minimatch@10.2.4 OK for: @typescript-eslint/typescript-estree@8.56.1 want: ^10.2.2
2028 silly placeDep node_modules/@typescript-eslint/typescript-estree semver@7.7.4 OK for: @typescript-eslint/typescript-estree@8.56.1 want: ^7.7.3
2029 silly placeDep ROOT tinyglobby@0.2.15 OK for: @typescript-eslint/typescript-estree@8.56.1 want: ^0.2.15
2030 silly fetch manifest @typescript-eslint/tsconfig-utils@^8.56.1
2031 silly packumentCache full:https://registry.npmjs.org/@typescript-eslint%2ftsconfig-utils cache-hit
2032 silly fetch manifest brace-expansion@^5.0.2
2033 silly packumentCache full:https://registry.npmjs.org/brace-expansion cache-hit
2034 silly placeDep node_modules/@typescript-eslint/visitor-keys eslint-visitor-keys@5.0.1 OK for: @typescript-eslint/visitor-keys@8.56.1 want: ^5.0.0
2035 silly placeDep node_modules/eslint-import-resolver-node debug@3.2.7 OK for: eslint-import-resolver-node@0.3.9 want: ^3.2.7
2036 silly placeDep ROOT is-core-module@2.16.1 OK for: eslint-import-resolver-node@0.3.9 want: ^2.13.0
2037 silly placeDep ROOT resolve@1.22.11 OK for: eslint-import-resolver-node@0.3.9 want: ^1.22.4
2038 silly fetch manifest path-parse@^1.0.7
2039 silly packumentCache full:https://registry.npmjs.org/path-parse cache-miss
2040 silly fetch manifest supports-preserve-symlinks-flag@^1.0.0
2041 silly packumentCache full:https://registry.npmjs.org/supports-preserve-symlinks-flag cache-miss
2042 http cache https://registry.npmjs.org/supports-preserve-symlinks-flag 3ms (cache hit)
2043 silly packumentCache full:https://registry.npmjs.org/supports-preserve-symlinks-flag set size:6802 disposed:false
2044 http cache https://registry.npmjs.org/path-parse 5ms (cache hit)
2045 silly packumentCache full:https://registry.npmjs.org/path-parse set size:14523 disposed:false
2046 silly placeDep ROOT @nolyfill/is-core-module@1.0.39 OK for: eslint-import-resolver-typescript@3.10.1 want: 1.0.39
2047 silly placeDep ROOT get-tsconfig@4.13.6 OK for: eslint-import-resolver-typescript@3.10.1 want: ^4.10.0
2048 silly placeDep ROOT is-bun-module@2.0.0 OK for: eslint-import-resolver-typescript@3.10.1 want: ^2.0.0
2049 silly placeDep ROOT stable-hash@0.0.5 OK for: eslint-import-resolver-typescript@3.10.1 want: ^0.0.5
2050 silly placeDep ROOT unrs-resolver@1.11.1 OK for: eslint-import-resolver-typescript@3.10.1 want: ^1.6.2
2051 silly fetch manifest resolve-pkg-maps@^1.0.0
2052 silly packumentCache full:https://registry.npmjs.org/resolve-pkg-maps cache-miss
2053 silly fetch manifest semver@^7.7.1
2054 silly packumentCache full:https://registry.npmjs.org/semver cache-hit
2055 silly fetch manifest napi-postinstall@^0.3.0
2056 silly packumentCache full:https://registry.npmjs.org/napi-postinstall cache-miss
2057 silly fetch manifest @unrs/resolver-binding-win32-x64-msvc@1.11.1
2058 silly packumentCache full:https://registry.npmjs.org/@unrs%2fresolver-binding-win32-x64-msvc cache-miss
2059 silly fetch manifest @unrs/resolver-binding-win32-arm64-msvc@1.11.1
2060 silly packumentCache full:https://registry.npmjs.org/@unrs%2fresolver-binding-win32-arm64-msvc cache-miss
2061 silly fetch manifest @unrs/resolver-binding-win32-ia32-msvc@1.11.1
2062 silly packumentCache full:https://registry.npmjs.org/@unrs%2fresolver-binding-win32-ia32-msvc cache-miss
2063 silly fetch manifest @unrs/resolver-binding-linux-x64-gnu@1.11.1
2064 silly packumentCache full:https://registry.npmjs.org/@unrs%2fresolver-binding-linux-x64-gnu cache-miss
2065 silly fetch manifest @unrs/resolver-binding-linux-x64-musl@1.11.1
2066 silly packumentCache full:https://registry.npmjs.org/@unrs%2fresolver-binding-linux-x64-musl cache-miss
2067 http cache https://registry.npmjs.org/resolve-pkg-maps 7ms (cache hit)
2068 silly packumentCache full:https://registry.npmjs.org/resolve-pkg-maps set size:11615 disposed:false
2069 silly fetch manifest @unrs/resolver-binding-freebsd-x64@1.11.1
2070 silly packumentCache full:https://registry.npmjs.org/@unrs%2fresolver-binding-freebsd-x64 cache-miss
2071 http cache https://registry.npmjs.org/@unrs%2fresolver-binding-win32-x64-msvc 7ms (cache hit)
2072 silly packumentCache full:https://registry.npmjs.org/@unrs%2fresolver-binding-win32-x64-msvc set size:58760 disposed:false
2073 silly fetch manifest @unrs/resolver-binding-android-arm64@1.11.1
2074 silly packumentCache full:https://registry.npmjs.org/@unrs%2fresolver-binding-android-arm64 cache-miss
2075 http cache https://registry.npmjs.org/napi-postinstall 8ms (cache hit)
2076 silly packumentCache full:https://registry.npmjs.org/napi-postinstall set size:41400 disposed:false
2077 silly fetch manifest @unrs/resolver-binding-linux-arm64-gnu@1.11.1
2078 silly packumentCache full:https://registry.npmjs.org/@unrs%2fresolver-binding-linux-arm64-gnu cache-miss
2079 http cache https://registry.npmjs.org/@unrs%2fresolver-binding-linux-x64-gnu 9ms (cache hit)
2080 silly packumentCache full:https://registry.npmjs.org/@unrs%2fresolver-binding-linux-x64-gnu set size:59167 disposed:false
2081 silly fetch manifest @unrs/resolver-binding-linux-arm64-musl@1.11.1
2082 silly packumentCache full:https://registry.npmjs.org/@unrs%2fresolver-binding-linux-arm64-musl cache-miss
2083 http cache https://registry.npmjs.org/@unrs%2fresolver-binding-linux-x64-musl 9ms (cache hit)
2084 silly packumentCache full:https://registry.npmjs.org/@unrs%2fresolver-binding-linux-x64-musl set size:59364 disposed:false
2085 silly fetch manifest @unrs/resolver-binding-android-arm-eabi@1.11.1
2086 silly packumentCache full:https://registry.npmjs.org/@unrs%2fresolver-binding-android-arm-eabi cache-miss
2087 http cache https://registry.npmjs.org/@unrs%2fresolver-binding-win32-arm64-msvc 11ms (cache hit)
2088 silly packumentCache full:https://registry.npmjs.org/@unrs%2fresolver-binding-win32-arm64-msvc set size:59292 disposed:false
2089 silly fetch manifest @unrs/resolver-binding-linux-arm-gnueabihf@1.11.1
2090 silly packumentCache full:https://registry.npmjs.org/@unrs%2fresolver-binding-linux-arm-gnueabihf cache-miss
2091 http cache https://registry.npmjs.org/@unrs%2fresolver-binding-win32-ia32-msvc 12ms (cache hit)
2092 silly packumentCache full:https://registry.npmjs.org/@unrs%2fresolver-binding-win32-ia32-msvc set size:59023 disposed:false
2093 silly fetch manifest @unrs/resolver-binding-linux-arm-musleabihf@1.11.1
2094 silly packumentCache full:https://registry.npmjs.org/@unrs%2fresolver-binding-linux-arm-musleabihf cache-miss
2095 http cache https://registry.npmjs.org/@unrs%2fresolver-binding-android-arm64 8ms (cache hit)
2096 silly packumentCache full:https://registry.npmjs.org/@unrs%2fresolver-binding-android-arm64 set size:12351 disposed:false
2097 silly fetch manifest @unrs/resolver-binding-linux-ppc64-gnu@1.11.1
2098 silly packumentCache full:https://registry.npmjs.org/@unrs%2fresolver-binding-linux-ppc64-gnu cache-miss
2099 http cache https://registry.npmjs.org/@unrs%2fresolver-binding-freebsd-x64 10ms (cache hit)
2100 silly packumentCache full:https://registry.npmjs.org/@unrs%2fresolver-binding-freebsd-x64 set size:58172 disposed:false
2101 silly fetch manifest @unrs/resolver-binding-linux-riscv64-gnu@1.11.1
2102 silly packumentCache full:https://registry.npmjs.org/@unrs%2fresolver-binding-linux-riscv64-gnu cache-miss
2103 http cache https://registry.npmjs.org/@unrs%2fresolver-binding-linux-arm64-gnu 9ms (cache hit)
2104 silly packumentCache full:https://registry.npmjs.org/@unrs%2fresolver-binding-linux-arm64-gnu set size:59697 disposed:false
2105 silly fetch manifest @unrs/resolver-binding-linux-riscv64-musl@1.11.1
2106 silly packumentCache full:https://registry.npmjs.org/@unrs%2fresolver-binding-linux-riscv64-musl cache-miss
2107 http cache https://registry.npmjs.org/@unrs%2fresolver-binding-android-arm-eabi 8ms (cache hit)
2108 silly packumentCache full:https://registry.npmjs.org/@unrs%2fresolver-binding-android-arm-eabi set size:12473 disposed:false
2109 silly fetch manifest @unrs/resolver-binding-linux-s390x-gnu@1.11.1
2110 silly packumentCache full:https://registry.npmjs.org/@unrs%2fresolver-binding-linux-s390x-gnu cache-miss
2111 http cache https://registry.npmjs.org/@unrs%2fresolver-binding-linux-arm-musleabihf 7ms (cache hit)
2112 silly packumentCache full:https://registry.npmjs.org/@unrs%2fresolver-binding-linux-arm-musleabihf set size:60135 disposed:false
2113 silly fetch manifest @unrs/resolver-binding-darwin-x64@1.11.1
2114 silly packumentCache full:https://registry.npmjs.org/@unrs%2fresolver-binding-darwin-x64 cache-miss
2115 http cache https://registry.npmjs.org/@unrs%2fresolver-binding-linux-arm-gnueabihf 9ms (cache hit)
2116 silly packumentCache full:https://registry.npmjs.org/@unrs%2fresolver-binding-linux-arm-gnueabihf set size:59902 disposed:false
2117 silly fetch manifest @unrs/resolver-binding-darwin-arm64@1.11.1
2118 silly packumentCache full:https://registry.npmjs.org/@unrs%2fresolver-binding-darwin-arm64 cache-miss
2119 http cache https://registry.npmjs.org/@unrs%2fresolver-binding-linux-arm64-musl 11ms (cache hit)
2120 silly packumentCache full:https://registry.npmjs.org/@unrs%2fresolver-binding-linux-arm64-musl set size:59889 disposed:false
2121 silly fetch manifest @unrs/resolver-binding-wasm32-wasi@1.11.1
2122 silly packumentCache full:https://registry.npmjs.org/@unrs%2fresolver-binding-wasm32-wasi cache-miss
2123 http cache https://registry.npmjs.org/@unrs%2fresolver-binding-linux-ppc64-gnu 8ms (cache hit)
2124 silly packumentCache full:https://registry.npmjs.org/@unrs%2fresolver-binding-linux-ppc64-gnu set size:59704 disposed:false
2125 http cache https://registry.npmjs.org/@unrs%2fresolver-binding-linux-s390x-gnu 6ms (cache hit)
2126 silly packumentCache full:https://registry.npmjs.org/@unrs%2fresolver-binding-linux-s390x-gnu set size:59697 disposed:false
2127 http cache https://registry.npmjs.org/@unrs%2fresolver-binding-linux-riscv64-gnu 8ms (cache hit)
2128 silly packumentCache full:https://registry.npmjs.org/@unrs%2fresolver-binding-linux-riscv64-gnu set size:50987 disposed:false
2129 http cache https://registry.npmjs.org/@unrs%2fresolver-binding-linux-riscv64-musl 9ms (cache hit)
2130 silly packumentCache full:https://registry.npmjs.org/@unrs%2fresolver-binding-linux-riscv64-musl set size:40293 disposed:false
2131 http cache https://registry.npmjs.org/@unrs%2fresolver-binding-darwin-arm64 6ms (cache hit)
2132 silly packumentCache full:https://registry.npmjs.org/@unrs%2fresolver-binding-darwin-arm64 set size:58434 disposed:false
2133 http cache https://registry.npmjs.org/@unrs%2fresolver-binding-darwin-x64 8ms (cache hit)
2134 silly packumentCache full:https://registry.npmjs.org/@unrs%2fresolver-binding-darwin-x64 set size:57901 disposed:false
2135 http cache https://registry.npmjs.org/@unrs%2fresolver-binding-wasm32-wasi 7ms (cache hit)
2136 silly packumentCache full:https://registry.npmjs.org/@unrs%2fresolver-binding-wasm32-wasi set size:61704 disposed:false
2137 silly placeDep ROOT @rtsao/scc@1.1.0 OK for: eslint-plugin-import@2.32.0 want: ^1.1.0
2138 silly placeDep ROOT array-includes@3.1.9 OK for: eslint-plugin-import@2.32.0 want: ^3.1.9
2139 silly placeDep ROOT array.prototype.findlastindex@1.2.6 OK for: eslint-plugin-import@2.32.0 want: ^1.2.6
2140 silly placeDep ROOT array.prototype.flat@1.3.3 OK for: eslint-plugin-import@2.32.0 want: ^1.3.3
2141 silly placeDep ROOT array.prototype.flatmap@1.3.3 OK for: eslint-plugin-import@2.32.0 want: ^1.3.3
2142 silly placeDep node_modules/eslint-plugin-import debug@3.2.7 OK for: eslint-plugin-import@2.32.0 want: ^3.2.7
2143 silly placeDep ROOT doctrine@2.1.0 OK for: eslint-plugin-import@2.32.0 want: ^2.1.0
2144 silly placeDep ROOT eslint-module-utils@2.12.1 OK for: eslint-plugin-import@2.32.0 want: ^2.12.1
2145 silly placeDep ROOT hasown@2.0.2 OK for: eslint-plugin-import@2.32.0 want: ^2.0.2
2146 silly placeDep ROOT object.fromentries@2.0.8 OK for: eslint-plugin-import@2.32.0 want: ^2.0.8
2147 silly placeDep ROOT object.groupby@1.0.3 OK for: eslint-plugin-import@2.32.0 want: ^1.0.3
2148 silly placeDep ROOT object.values@1.2.1 OK for: eslint-plugin-import@2.32.0 want: ^1.2.1
2149 silly placeDep ROOT string.prototype.trimend@1.0.9 OK for: eslint-plugin-import@2.32.0 want: ^1.0.9
2150 silly placeDep ROOT tsconfig-paths@3.15.0 OK for: eslint-plugin-import@2.32.0 want: ^3.15.0
2151 silly fetch manifest call-bind@^1.0.8
2152 silly packumentCache full:https://registry.npmjs.org/call-bind cache-miss
2153 silly fetch manifest call-bound@^1.0.4
2154 silly packumentCache full:https://registry.npmjs.org/call-bound cache-miss
2155 silly fetch manifest define-properties@^1.2.1
2156 silly packumentCache full:https://registry.npmjs.org/define-properties cache-miss
2157 silly fetch manifest es-abstract@^1.24.0
2158 silly packumentCache full:https://registry.npmjs.org/es-abstract cache-miss
2159 silly fetch manifest es-object-atoms@^1.1.1
2160 silly packumentCache full:https://registry.npmjs.org/es-object-atoms cache-miss
2161 silly fetch manifest get-intrinsic@^1.3.0
2162 silly packumentCache full:https://registry.npmjs.org/get-intrinsic cache-miss
2163 silly fetch manifest is-string@^1.1.1
2164 silly packumentCache full:https://registry.npmjs.org/is-string cache-miss
2165 http cache https://registry.npmjs.org/es-object-atoms 66ms (cache hit)
2166 silly packumentCache full:https://registry.npmjs.org/es-object-atoms set size:15304 disposed:false
2167 silly fetch manifest math-intrinsics@^1.1.0
2168 silly packumentCache full:https://registry.npmjs.org/math-intrinsics cache-miss
2169 http cache https://registry.npmjs.org/define-properties 67ms (cache hit)
2170 silly packumentCache full:https://registry.npmjs.org/define-properties set size:31491 disposed:false
2171 silly fetch manifest call-bind@^1.0.8
2172 silly packumentCache full:https://registry.npmjs.org/call-bind cache-miss
2173 http cache https://registry.npmjs.org/call-bind 70ms (cache hit)
2174 silly packumentCache full:https://registry.npmjs.org/call-bind set size:30096 disposed:false
2175 silly fetch manifest call-bound@^1.0.4
2176 silly packumentCache full:https://registry.npmjs.org/call-bound cache-miss
2177 http cache https://registry.npmjs.org/es-abstract 72ms (cache hit)
2178 silly packumentCache full:https://registry.npmjs.org/es-abstract set size:378584 disposed:false
2179 silly fetch manifest es-abstract@^1.23.9
2180 silly packumentCache full:https://registry.npmjs.org/es-abstract cache-hit
2181 silly fetch manifest es-errors@^1.3.0
2182 silly packumentCache full:https://registry.npmjs.org/es-errors cache-miss
2183 http cache https://registry.npmjs.org/is-string 102ms (cache hit)
2184 silly packumentCache full:https://registry.npmjs.org/is-string set size:29636 disposed:false
2185 silly fetch manifest es-shim-unscopables@^1.1.0
2186 silly packumentCache full:https://registry.npmjs.org/es-shim-unscopables cache-miss
2187 http cache https://registry.npmjs.org/call-bound 107ms (cache hit)
2188 silly packumentCache full:https://registry.npmjs.org/call-bound set size:15317 disposed:false
2189 silly fetch manifest es-abstract@^1.23.5
2190 silly packumentCache full:https://registry.npmjs.org/es-abstract cache-hit
2191 silly fetch manifest es-shim-unscopables@^1.0.2
2192 silly packumentCache full:https://registry.npmjs.org/es-shim-unscopables cache-miss
2193 http cache https://registry.npmjs.org/get-intrinsic 107ms (cache hit)
2194 silly packumentCache full:https://registry.npmjs.org/get-intrinsic set size:60985 disposed:false
2195 silly fetch manifest es-shim-unscopables@^1.0.2
2196 silly packumentCache full:https://registry.npmjs.org/es-shim-unscopables cache-miss
2197 http cache https://registry.npmjs.org/math-intrinsics 51ms (cache hit)
2198 silly packumentCache full:https://registry.npmjs.org/math-intrinsics set size:9265 disposed:false
2199 silly fetch manifest function-bind@^1.1.2
2200 silly packumentCache full:https://registry.npmjs.org/function-bind cache-miss
2201 http cache https://registry.npmjs.org/call-bound 51ms (cache hit)
2202 silly packumentCache full:https://registry.npmjs.org/call-bound set size:15317 disposed:false
2203 silly packumentCache full:https://registry.npmjs.org/call-bound dispose
2204 silly fetch manifest call-bind@^1.0.7
2205 silly packumentCache full:https://registry.npmjs.org/call-bind cache-hit
2206 silly fetch manifest es-abstract@^1.23.2
2207 silly packumentCache full:https://registry.npmjs.org/es-abstract cache-hit
2208 silly fetch manifest es-object-atoms@^1.0.0
2209 silly packumentCache full:https://registry.npmjs.org/es-object-atoms cache-hit
2210 silly fetch manifest call-bound@^1.0.3
2211 silly packumentCache full:https://registry.npmjs.org/call-bound cache-hit
2212 silly fetch manifest call-bound@^1.0.2
2213 silly packumentCache full:https://registry.npmjs.org/call-bound cache-hit
2214 silly fetch manifest json5@^1.0.2
2215 silly packumentCache full:https://registry.npmjs.org/json5 cache-miss
2216 http cache https://registry.npmjs.org/call-bind 60ms (cache hit)
2217 silly packumentCache full:https://registry.npmjs.org/call-bind set size:30096 disposed:false
2218 silly packumentCache full:https://registry.npmjs.org/call-bind dispose
2219 silly fetch manifest minimist@^1.2.6
2220 silly packumentCache full:https://registry.npmjs.org/minimist cache-miss
2221 http cache https://registry.npmjs.org/es-errors 28ms (cache hit)
2222 silly packumentCache full:https://registry.npmjs.org/es-errors set size:16918 disposed:false
2223 silly fetch manifest strip-bom@^3.0.0
2224 silly packumentCache full:https://registry.npmjs.org/strip-bom cache-miss
2225 http cache https://registry.npmjs.org/es-shim-unscopables 27ms (cache hit)
2226 silly packumentCache full:https://registry.npmjs.org/es-shim-unscopables set size:13965 disposed:false
2227 silly fetch manifest @types/json5@^0.0.29
2228 silly packumentCache full:https://registry.npmjs.org/@types%2fjson5 cache-miss
2229 http cache https://registry.npmjs.org/es-shim-unscopables 27ms (cache hit)
2230 silly packumentCache full:https://registry.npmjs.org/es-shim-unscopables set size:13965 disposed:false
2231 silly packumentCache full:https://registry.npmjs.org/es-shim-unscopables dispose
2232 http cache https://registry.npmjs.org/es-shim-unscopables 27ms (cache hit)
2233 silly packumentCache full:https://registry.npmjs.org/es-shim-unscopables set size:13965 disposed:true
2234 silly packumentCache full:https://registry.npmjs.org/es-shim-unscopables dispose
2235 http cache https://registry.npmjs.org/function-bind 32ms (cache hit)
2236 silly packumentCache full:https://registry.npmjs.org/function-bind set size:15733 disposed:false
2237 http cache https://registry.npmjs.org/minimist 25ms (cache hit)
2238 silly packumentCache full:https://registry.npmjs.org/minimist set size:77082 disposed:false
2239 http cache https://registry.npmjs.org/json5 30ms (cache hit)
2240 silly packumentCache full:https://registry.npmjs.org/json5 set size:86136 disposed:false
2241 http cache https://registry.npmjs.org/strip-bom 29ms (cache hit)
2242 silly packumentCache full:https://registry.npmjs.org/strip-bom set size:19359 disposed:false
2243 http cache https://registry.npmjs.org/@types%2fjson5 36ms (cache hit)
2244 silly packumentCache full:https://registry.npmjs.org/@types%2fjson5 set size:19581 disposed:false
2245 silly placeDep ROOT call-bind@1.0.8 OK for: array-includes@3.1.9 want: ^1.0.8
2246 silly placeDep ROOT call-bound@1.0.4 OK for: array-includes@3.1.9 want: ^1.0.4
2247 silly placeDep ROOT define-properties@1.2.1 OK for: array-includes@3.1.9 want: ^1.2.1
2248 silly placeDep ROOT es-abstract@1.24.1 OK for: array-includes@3.1.9 want: ^1.24.0
2249 silly placeDep ROOT es-object-atoms@1.1.1 OK for: array-includes@3.1.9 want: ^1.1.1
2250 silly placeDep ROOT get-intrinsic@1.3.0 OK for: array-includes@3.1.9 want: ^1.3.0
2251 silly placeDep ROOT is-string@1.1.1 OK for: array-includes@3.1.9 want: ^1.1.1
2252 silly placeDep ROOT math-intrinsics@1.1.0 OK for: array-includes@3.1.9 want: ^1.1.0
2253 silly fetch manifest call-bind-apply-helpers@^1.0.0
2254 silly packumentCache full:https://registry.npmjs.org/call-bind-apply-helpers cache-miss
2255 silly fetch manifest es-define-property@^1.0.0
2256 silly packumentCache full:https://registry.npmjs.org/es-define-property cache-miss
2257 silly fetch manifest get-intrinsic@^1.2.4
2258 silly packumentCache full:https://registry.npmjs.org/get-intrinsic cache-hit
2259 silly fetch manifest set-function-length@^1.2.2
2260 silly packumentCache full:https://registry.npmjs.org/set-function-length cache-miss
2261 silly fetch manifest call-bind-apply-helpers@^1.0.2
2262 silly packumentCache full:https://registry.npmjs.org/call-bind-apply-helpers cache-miss
2263 silly fetch manifest define-data-property@^1.0.1
2264 silly packumentCache full:https://registry.npmjs.org/define-data-property cache-miss
2265 silly fetch manifest has-property-descriptors@^1.0.0
2266 silly packumentCache full:https://registry.npmjs.org/has-property-descriptors cache-miss
2267 silly fetch manifest object-keys@^1.1.1
2268 silly packumentCache full:https://registry.npmjs.org/object-keys cache-miss
2269 http cache https://registry.npmjs.org/es-define-property 11ms (cache hit)
2270 silly packumentCache full:https://registry.npmjs.org/es-define-property set size:8542 disposed:false
2271 silly fetch manifest array-buffer-byte-length@^1.0.2
2272 silly packumentCache full:https://registry.npmjs.org/array-buffer-byte-length cache-miss
2273 http cache https://registry.npmjs.org/define-data-property 10ms (cache hit)
2274 silly packumentCache full:https://registry.npmjs.org/define-data-property set size:28048 disposed:false
2275 silly fetch manifest arraybuffer.prototype.slice@^1.0.4
2276 silly packumentCache full:https://registry.npmjs.org/arraybuffer.prototype.slice cache-miss
2277 http cache https://registry.npmjs.org/set-function-length 13ms (cache hit)
2278 silly packumentCache full:https://registry.npmjs.org/set-function-length set size:24261 disposed:false
2279 silly fetch manifest available-typed-arrays@^1.0.7
2280 silly packumentCache full:https://registry.npmjs.org/available-typed-arrays cache-miss
2281 http cache https://registry.npmjs.org/call-bind-apply-helpers 16ms (cache hit)
2282 silly packumentCache full:https://registry.npmjs.org/call-bind-apply-helpers set size:12744 disposed:false
2283 silly fetch manifest data-view-buffer@^1.0.2
2284 silly packumentCache full:https://registry.npmjs.org/data-view-buffer cache-miss
2285 http cache https://registry.npmjs.org/call-bind-apply-helpers 15ms (cache hit)
2286 silly packumentCache full:https://registry.npmjs.org/call-bind-apply-helpers set size:12744 disposed:false
2287 silly packumentCache full:https://registry.npmjs.org/call-bind-apply-helpers dispose
2288 silly fetch manifest data-view-byte-length@^1.0.2
2289 silly packumentCache full:https://registry.npmjs.org/data-view-byte-length cache-miss
2290 http cache https://registry.npmjs.org/has-property-descriptors 15ms (cache hit)
2291 silly packumentCache full:https://registry.npmjs.org/has-property-descriptors set size:12452 disposed:false
2292 silly fetch manifest data-view-byte-offset@^1.0.1
2293 silly packumentCache full:https://registry.npmjs.org/data-view-byte-offset cache-miss
2294 http cache https://registry.npmjs.org/object-keys 15ms (cache hit)
2295 silly packumentCache full:https://registry.npmjs.org/object-keys set size:67744 disposed:false
2296 silly fetch manifest es-define-property@^1.0.1
2297 silly packumentCache full:https://registry.npmjs.org/es-define-property cache-hit
2298 silly fetch manifest es-set-tostringtag@^2.1.0
2299 silly packumentCache full:https://registry.npmjs.org/es-set-tostringtag cache-miss
2300 http cache https://registry.npmjs.org/array-buffer-byte-length 16ms (cache hit)
2301 silly packumentCache full:https://registry.npmjs.org/array-buffer-byte-length set size:13099 disposed:false
2302 silly fetch manifest es-to-primitive@^1.3.0
2303 silly packumentCache full:https://registry.npmjs.org/es-to-primitive cache-miss
2304 http cache https://registry.npmjs.org/data-view-buffer 14ms (cache hit)
2305 silly packumentCache full:https://registry.npmjs.org/data-view-buffer set size:11789 disposed:false
2306 silly fetch manifest function.prototype.name@^1.1.8
2307 silly packumentCache full:https://registry.npmjs.org/function.prototype.name cache-miss
2308 http cache https://registry.npmjs.org/available-typed-arrays 16ms (cache hit)
2309 silly packumentCache full:https://registry.npmjs.org/available-typed-arrays set size:31390 disposed:false
2310 silly fetch manifest get-proto@^1.0.1
2311 silly packumentCache full:https://registry.npmjs.org/get-proto cache-miss
2312 http cache https://registry.npmjs.org/arraybuffer.prototype.slice 19ms (cache hit)
2313 silly packumentCache full:https://registry.npmjs.org/arraybuffer.prototype.slice set size:20917 disposed:false
2314 silly fetch manifest get-symbol-description@^1.1.0
2315 silly packumentCache full:https://registry.npmjs.org/get-symbol-description cache-miss
2316 http cache https://registry.npmjs.org/es-set-tostringtag 12ms (cache hit)
2317 silly packumentCache full:https://registry.npmjs.org/es-set-tostringtag set size:22094 disposed:false
2318 silly fetch manifest globalthis@^1.0.4
2319 silly packumentCache full:https://registry.npmjs.org/globalthis cache-miss
2320 http cache https://registry.npmjs.org/data-view-byte-length 18ms (cache hit)
2321 silly packumentCache full:https://registry.npmjs.org/data-view-byte-length set size:12269 disposed:false
2322 silly fetch manifest gopd@^1.2.0
2323 silly packumentCache full:https://registry.npmjs.org/gopd cache-miss
2324 http cache https://registry.npmjs.org/data-view-byte-offset 17ms (cache hit)
2325 silly packumentCache full:https://registry.npmjs.org/data-view-byte-offset set size:9200 disposed:false
2326 silly fetch manifest has-property-descriptors@^1.0.2
2327 silly packumentCache full:https://registry.npmjs.org/has-property-descriptors cache-hit
2328 silly fetch manifest has-proto@^1.2.0
2329 silly packumentCache full:https://registry.npmjs.org/has-proto cache-miss
2330 http cache https://registry.npmjs.org/gopd 11ms (cache hit)
2331 silly packumentCache full:https://registry.npmjs.org/gopd set size:11458 disposed:false
2332 silly fetch manifest has-symbols@^1.1.0
2333 silly packumentCache full:https://registry.npmjs.org/has-symbols cache-miss
2334 http cache https://registry.npmjs.org/get-symbol-description 14ms (cache hit)
2335 silly packumentCache full:https://registry.npmjs.org/get-symbol-description set size:15540 disposed:false
2336 silly fetch manifest internal-slot@^1.1.0
2337 silly packumentCache full:https://registry.npmjs.org/internal-slot cache-miss
2338 http cache https://registry.npmjs.org/es-to-primitive 21ms (cache hit)
2339 silly packumentCache full:https://registry.npmjs.org/es-to-primitive set size:22465 disposed:false
2340 silly fetch manifest is-array-buffer@^3.0.5
2341 silly packumentCache full:https://registry.npmjs.org/is-array-buffer cache-miss
2342 http cache https://registry.npmjs.org/globalthis 16ms (cache hit)
2343 silly packumentCache full:https://registry.npmjs.org/globalthis set size:22522 disposed:false
2344 silly fetch manifest is-callable@^1.2.7
2345 silly packumentCache full:https://registry.npmjs.org/is-callable cache-miss
2346 http cache https://registry.npmjs.org/function.prototype.name 21ms (cache hit)
2347 silly packumentCache full:https://registry.npmjs.org/function.prototype.name set size:44756 disposed:false
2348 silly fetch manifest is-data-view@^1.0.2
2349 silly packumentCache full:https://registry.npmjs.org/is-data-view cache-miss
2350 http cache https://registry.npmjs.org/get-proto 22ms (cache hit)
2351 silly packumentCache full:https://registry.npmjs.org/get-proto set size:8300 disposed:false
2352 silly fetch manifest is-negative-zero@^2.0.3
2353 silly packumentCache full:https://registry.npmjs.org/is-negative-zero cache-miss
2354 http cache https://registry.npmjs.org/has-proto 19ms (cache hit)
2355 silly packumentCache full:https://registry.npmjs.org/has-proto set size:21527 disposed:false
2356 silly fetch manifest is-regex@^1.2.1
2357 silly packumentCache full:https://registry.npmjs.org/is-regex cache-miss
2358 http cache https://registry.npmjs.org/has-symbols 16ms (cache hit)
2359 silly packumentCache full:https://registry.npmjs.org/has-symbols set size:21550 disposed:false
2360 silly fetch manifest is-set@^2.0.3
2361 silly packumentCache full:https://registry.npmjs.org/is-set cache-miss
2362 http cache https://registry.npmjs.org/is-callable 16ms (cache hit)
2363 silly packumentCache full:https://registry.npmjs.org/is-callable set size:66606 disposed:false
2364 silly fetch manifest is-shared-array-buffer@^1.0.4
2365 silly packumentCache full:https://registry.npmjs.org/is-shared-array-buffer cache-miss
2366 http cache https://registry.npmjs.org/internal-slot 20ms (cache hit)
2367 silly packumentCache full:https://registry.npmjs.org/internal-slot set size:30267 disposed:false
2368 silly fetch manifest is-typed-array@^1.1.15
2369 silly packumentCache full:https://registry.npmjs.org/is-typed-array cache-miss
2370 http cache https://registry.npmjs.org/is-array-buffer 21ms (cache hit)
2371 silly packumentCache full:https://registry.npmjs.org/is-array-buffer set size:33562 disposed:false
2372 silly fetch manifest is-weakref@^1.1.1
2373 silly packumentCache full:https://registry.npmjs.org/is-weakref cache-miss
2374 http cache https://registry.npmjs.org/is-data-view 20ms (cache hit)
2375 silly packumentCache full:https://registry.npmjs.org/is-data-view set size:13756 disposed:false
2376 silly fetch manifest object-inspect@^1.13.4
2377 silly packumentCache full:https://registry.npmjs.org/object-inspect cache-miss
2378 http cache https://registry.npmjs.org/is-negative-zero 21ms (cache hit)
2379 silly packumentCache full:https://registry.npmjs.org/is-negative-zero set size:22152 disposed:false
2380 silly fetch manifest object.assign@^4.1.7
2381 silly packumentCache full:https://registry.npmjs.org/object.assign cache-miss
2382 http cache https://registry.npmjs.org/is-regex 20ms (cache hit)
2383 silly packumentCache full:https://registry.npmjs.org/is-regex set size:42924 disposed:false
2384 silly fetch manifest own-keys@^1.0.1
2385 silly packumentCache full:https://registry.npmjs.org/own-keys cache-miss
2386 http cache https://registry.npmjs.org/is-shared-array-buffer 19ms (cache hit)
2387 silly packumentCache full:https://registry.npmjs.org/is-shared-array-buffer set size:19880 disposed:false
2388 silly fetch manifest regexp.prototype.flags@^1.5.4
2389 silly packumentCache full:https://registry.npmjs.org/regexp.prototype.flags cache-miss
2390 http cache https://registry.npmjs.org/is-set 24ms (cache hit)
2391 silly packumentCache full:https://registry.npmjs.org/is-set set size:16614 disposed:false
2392 silly fetch manifest safe-array-concat@^1.1.3
2393 silly packumentCache full:https://registry.npmjs.org/safe-array-concat cache-miss
2394 http cache https://registry.npmjs.org/is-typed-array 21ms (cache hit)
2395 silly packumentCache full:https://registry.npmjs.org/is-typed-array set size:79965 disposed:false
2396 silly fetch manifest safe-push-apply@^1.0.0
2397 silly packumentCache full:https://registry.npmjs.org/safe-push-apply cache-miss
2398 http cache https://registry.npmjs.org/is-weakref 21ms (cache hit)
2399 silly packumentCache full:https://registry.npmjs.org/is-weakref set size:18473 disposed:false
2400 silly fetch manifest safe-regex-test@^1.1.0
2401 silly packumentCache full:https://registry.npmjs.org/safe-regex-test cache-miss
2402 http cache https://registry.npmjs.org/object.assign 19ms (cache hit)
2403 silly packumentCache full:https://registry.npmjs.org/object.assign set size:85907 disposed:false
2404 silly fetch manifest set-proto@^1.0.0
2405 silly packumentCache full:https://registry.npmjs.org/set-proto cache-miss
2406 http cache https://registry.npmjs.org/object-inspect 23ms (cache hit)
2407 silly packumentCache full:https://registry.npmjs.org/object-inspect set size:101912 disposed:false
2408 silly fetch manifest stop-iteration-iterator@^1.1.0
2409 silly packumentCache full:https://registry.npmjs.org/stop-iteration-iterator cache-miss
2410 http cache https://registry.npmjs.org/own-keys 21ms (cache hit)
2411 silly packumentCache full:https://registry.npmjs.org/own-keys set size:8735 disposed:false
2412 silly fetch manifest string.prototype.trim@^1.2.10
2413 silly packumentCache full:https://registry.npmjs.org/string.prototype.trim cache-miss
2414 http cache https://registry.npmjs.org/safe-array-concat 16ms (cache hit)
2415 silly packumentCache full:https://registry.npmjs.org/safe-array-concat set size:22426 disposed:false
2416 silly fetch manifest string.prototype.trimstart@^1.0.8
2417 silly packumentCache full:https://registry.npmjs.org/string.prototype.trimstart cache-miss
2418 http cache https://registry.npmjs.org/regexp.prototype.flags 19ms (cache hit)
2419 silly packumentCache full:https://registry.npmjs.org/regexp.prototype.flags set size:60621 disposed:false
2420 silly fetch manifest typed-array-buffer@^1.0.3
2421 silly packumentCache full:https://registry.npmjs.org/typed-array-buffer cache-miss
2422 http cache https://registry.npmjs.org/safe-push-apply 16ms (cache hit)
2423 silly packumentCache full:https://registry.npmjs.org/safe-push-apply set size:5759 disposed:false
2424 silly fetch manifest typed-array-byte-length@^1.0.3
2425 silly packumentCache full:https://registry.npmjs.org/typed-array-byte-length cache-miss
2426 http cache https://registry.npmjs.org/safe-regex-test 16ms (cache hit)
2427 silly packumentCache full:https://registry.npmjs.org/safe-regex-test set size:17412 disposed:false
2428 silly fetch manifest typed-array-byte-offset@^1.0.4
2429 silly packumentCache full:https://registry.npmjs.org/typed-array-byte-offset cache-miss
2430 http cache https://registry.npmjs.org/set-proto 13ms (cache hit)
2431 silly packumentCache full:https://registry.npmjs.org/set-proto set size:5334 disposed:false
2432 silly fetch manifest typed-array-length@^1.0.7
2433 silly packumentCache full:https://registry.npmjs.org/typed-array-length cache-miss
2434 http cache https://registry.npmjs.org/string.prototype.trim 11ms (cache hit)
2435 silly packumentCache full:https://registry.npmjs.org/string.prototype.trim set size:54116 disposed:false
2436 silly fetch manifest unbox-primitive@^1.1.0
2437 silly packumentCache full:https://registry.npmjs.org/unbox-primitive cache-miss
2438 http cache https://registry.npmjs.org/stop-iteration-iterator 14ms (cache hit)
2439 silly packumentCache full:https://registry.npmjs.org/stop-iteration-iterator set size:9160 disposed:false
2440 silly fetch manifest which-typed-array@^1.1.19
2441 silly packumentCache full:https://registry.npmjs.org/which-typed-array cache-miss
2442 http cache https://registry.npmjs.org/string.prototype.trimstart 11ms (cache hit)
2443 silly packumentCache full:https://registry.npmjs.org/string.prototype.trimstart set size:38291 disposed:false
2444 silly fetch manifest has-tostringtag@^1.0.2
2445 silly packumentCache full:https://registry.npmjs.org/has-tostringtag cache-miss
2446 http cache https://registry.npmjs.org/typed-array-byte-offset 9ms (cache hit)
2447 silly packumentCache full:https://registry.npmjs.org/typed-array-byte-offset set size:21714 disposed:false
2448 http cache https://registry.npmjs.org/typed-array-buffer 11ms (cache hit)
2449 silly packumentCache full:https://registry.npmjs.org/typed-array-buffer set size:14045 disposed:false
2450 http cache https://registry.npmjs.org/typed-array-length 10ms (cache hit)
2451 silly packumentCache full:https://registry.npmjs.org/typed-array-length set size:32113 disposed:false
2452 http cache https://registry.npmjs.org/typed-array-byte-length 12ms (cache hit)
2453 silly packumentCache full:https://registry.npmjs.org/typed-array-byte-length set size:18382 disposed:false
2454 http cache https://registry.npmjs.org/unbox-primitive 10ms (cache hit)
2455 silly packumentCache full:https://registry.npmjs.org/unbox-primitive set size:15669 disposed:false
2456 http cache https://registry.npmjs.org/which-typed-array 9ms (cache hit)
2457 silly packumentCache full:https://registry.npmjs.org/which-typed-array set size:93605 disposed:false
2458 http cache https://registry.npmjs.org/has-tostringtag 7ms (cache hit)
2459 silly packumentCache full:https://registry.npmjs.org/has-tostringtag set size:13945 disposed:false
2460 silly placeDep ROOT es-errors@1.3.0 OK for: array.prototype.findlastindex@1.2.6 want: ^1.3.0
2461 silly placeDep ROOT es-shim-unscopables@1.1.0 OK for: array.prototype.findlastindex@1.2.6 want: ^1.1.0
2462 silly placeDep ROOT call-bind-apply-helpers@1.0.2 OK for: call-bind@1.0.8 want: ^1.0.0
2463 silly placeDep ROOT es-define-property@1.0.1 OK for: call-bind@1.0.8 want: ^1.0.0
2464 silly placeDep ROOT set-function-length@1.2.2 OK for: call-bind@1.0.8 want: ^1.2.2
2465 silly fetch manifest define-data-property@^1.1.4
2466 silly packumentCache full:https://registry.npmjs.org/define-data-property cache-hit
2467 silly fetch manifest gopd@^1.0.1
2468 silly packumentCache full:https://registry.npmjs.org/gopd cache-hit
2469 silly placeDep ROOT function-bind@1.1.2 OK for: call-bind-apply-helpers@1.0.2 want: ^1.1.2
2470 silly placeDep ROOT define-data-property@1.1.4 OK for: define-properties@1.2.1 want: ^1.0.1
2471 silly placeDep ROOT has-property-descriptors@1.0.2 OK for: define-properties@1.2.1 want: ^1.0.0
2472 silly placeDep ROOT object-keys@1.1.1 OK for: define-properties@1.2.1 want: ^1.1.1
2473 silly placeDep ROOT gopd@1.2.0 OK for: define-data-property@1.1.4 want: ^1.0.1
2474 silly placeDep ROOT array-buffer-byte-length@1.0.2 OK for: es-abstract@1.24.1 want: ^1.0.2
2475 silly placeDep ROOT arraybuffer.prototype.slice@1.0.4 OK for: es-abstract@1.24.1 want: ^1.0.4
2476 silly placeDep ROOT available-typed-arrays@1.0.7 OK for: es-abstract@1.24.1 want: ^1.0.7
2477 silly placeDep ROOT data-view-buffer@1.0.2 OK for: es-abstract@1.24.1 want: ^1.0.2
2478 silly placeDep ROOT data-view-byte-length@1.0.2 OK for: es-abstract@1.24.1 want: ^1.0.2
2479 silly placeDep ROOT data-view-byte-offset@1.0.1 OK for: es-abstract@1.24.1 want: ^1.0.1
2480 silly placeDep ROOT es-set-tostringtag@2.1.0 OK for: es-abstract@1.24.1 want: ^2.1.0
2481 silly placeDep ROOT es-to-primitive@1.3.0 OK for: es-abstract@1.24.1 want: ^1.3.0
2482 silly placeDep ROOT function.prototype.name@1.1.8 OK for: es-abstract@1.24.1 want: ^1.1.8
2483 silly placeDep ROOT get-proto@1.0.1 OK for: es-abstract@1.24.1 want: ^1.0.1
2484 silly placeDep ROOT get-symbol-description@1.1.0 OK for: es-abstract@1.24.1 want: ^1.1.0
2485 silly placeDep ROOT globalthis@1.0.4 OK for: es-abstract@1.24.1 want: ^1.0.4
2486 silly placeDep ROOT has-proto@1.2.0 OK for: es-abstract@1.24.1 want: ^1.2.0
2487 silly placeDep ROOT has-symbols@1.1.0 OK for: es-abstract@1.24.1 want: ^1.1.0
2488 silly placeDep ROOT internal-slot@1.1.0 OK for: es-abstract@1.24.1 want: ^1.1.0
2489 silly placeDep ROOT is-array-buffer@3.0.5 OK for: es-abstract@1.24.1 want: ^3.0.5
2490 silly placeDep ROOT is-callable@1.2.7 OK for: es-abstract@1.24.1 want: ^1.2.7
2491 silly placeDep ROOT is-data-view@1.0.2 OK for: es-abstract@1.24.1 want: ^1.0.2
2492 silly placeDep ROOT is-negative-zero@2.0.3 OK for: es-abstract@1.24.1 want: ^2.0.3
2493 silly placeDep ROOT is-regex@1.2.1 OK for: es-abstract@1.24.1 want: ^1.2.1
2494 silly placeDep ROOT is-set@2.0.3 OK for: es-abstract@1.24.1 want: ^2.0.3
2495 silly placeDep ROOT is-shared-array-buffer@1.0.4 OK for: es-abstract@1.24.1 want: ^1.0.4
2496 silly placeDep ROOT is-typed-array@1.1.15 OK for: es-abstract@1.24.1 want: ^1.1.15
2497 silly placeDep ROOT is-weakref@1.1.1 OK for: es-abstract@1.24.1 want: ^1.1.1
2498 silly placeDep ROOT object-inspect@1.13.4 OK for: es-abstract@1.24.1 want: ^1.13.4
2499 silly placeDep ROOT object.assign@4.1.7 OK for: es-abstract@1.24.1 want: ^4.1.7
2500 silly placeDep ROOT own-keys@1.0.1 OK for: es-abstract@1.24.1 want: ^1.0.1
2501 silly placeDep ROOT regexp.prototype.flags@1.5.4 OK for: es-abstract@1.24.1 want: ^1.5.4
2502 silly placeDep ROOT safe-array-concat@1.1.3 OK for: es-abstract@1.24.1 want: ^1.1.3
2503 silly placeDep ROOT safe-push-apply@1.0.0 OK for: es-abstract@1.24.1 want: ^1.0.0
2504 silly placeDep ROOT safe-regex-test@1.1.0 OK for: es-abstract@1.24.1 want: ^1.1.0
2505 silly placeDep ROOT set-proto@1.0.0 OK for: es-abstract@1.24.1 want: ^1.0.0
2506 silly placeDep ROOT stop-iteration-iterator@1.1.0 OK for: es-abstract@1.24.1 want: ^1.1.0
2507 silly placeDep ROOT string.prototype.trim@1.2.10 OK for: es-abstract@1.24.1 want: ^1.2.10
2508 silly placeDep ROOT string.prototype.trimstart@1.0.8 OK for: es-abstract@1.24.1 want: ^1.0.8
2509 silly placeDep ROOT typed-array-buffer@1.0.3 OK for: es-abstract@1.24.1 want: ^1.0.3
2510 silly placeDep ROOT typed-array-byte-length@1.0.3 OK for: es-abstract@1.24.1 want: ^1.0.3
2511 silly placeDep ROOT typed-array-byte-offset@1.0.4 OK for: es-abstract@1.24.1 want: ^1.0.4
2512 silly placeDep ROOT typed-array-length@1.0.7 OK for: es-abstract@1.24.1 want: ^1.0.7
2513 silly placeDep ROOT unbox-primitive@1.1.0 OK for: es-abstract@1.24.1 want: ^1.1.0
2514 silly placeDep ROOT which-typed-array@1.1.20 OK for: es-abstract@1.24.1 want: ^1.1.19
2515 silly fetch manifest is-array-buffer@^3.0.4
2516 silly packumentCache full:https://registry.npmjs.org/is-array-buffer cache-hit
2517 silly fetch manifest possible-typed-array-names@^1.0.0
2518 silly packumentCache full:https://registry.npmjs.org/possible-typed-array-names cache-miss
2519 silly fetch manifest is-data-view@^1.0.1
2520 silly packumentCache full:https://registry.npmjs.org/is-data-view cache-hit
2521 silly fetch manifest is-date-object@^1.0.5
2522 silly packumentCache full:https://registry.npmjs.org/is-date-object cache-miss
2523 silly fetch manifest is-symbol@^1.0.4
2524 silly packumentCache full:https://registry.npmjs.org/is-symbol cache-miss
2525 silly fetch manifest functions-have-names@^1.2.3
2526 silly packumentCache full:https://registry.npmjs.org/functions-have-names cache-miss
2527 silly fetch manifest dunder-proto@^1.0.1
2528 silly packumentCache full:https://registry.npmjs.org/dunder-proto cache-miss
2529 silly fetch manifest dunder-proto@^1.0.0
2530 silly packumentCache full:https://registry.npmjs.org/dunder-proto cache-miss
2531 silly fetch manifest side-channel@^1.1.0
2532 silly packumentCache full:https://registry.npmjs.org/side-channel cache-miss
2533 http cache https://registry.npmjs.org/dunder-proto 5ms (cache hit)
2534 silly packumentCache full:https://registry.npmjs.org/dunder-proto set size:8256 disposed:false
2535 silly fetch manifest is-typed-array@^1.1.13
2536 silly packumentCache full:https://registry.npmjs.org/is-typed-array cache-hit
2537 silly fetch manifest which-typed-array@^1.1.16
2538 silly packumentCache full:https://registry.npmjs.org/which-typed-array cache-hit
2539 silly fetch manifest set-function-name@^2.0.2
2540 silly packumentCache full:https://registry.npmjs.org/set-function-name cache-miss
2541 http cache https://registry.npmjs.org/is-date-object 8ms (cache hit)
2542 silly packumentCache full:https://registry.npmjs.org/is-date-object set size:25050 disposed:false
2543 silly fetch manifest isarray@^2.0.5
2544 silly packumentCache full:https://registry.npmjs.org/isarray cache-miss
2545 http cache https://registry.npmjs.org/possible-typed-array-names 10ms (cache hit)
2546 silly packumentCache full:https://registry.npmjs.org/possible-typed-array-names set size:9167 disposed:false
2547 silly fetch manifest isarray@^2.0.5
2548 silly packumentCache full:https://registry.npmjs.org/isarray cache-miss
2549 http cache https://registry.npmjs.org/is-symbol 9ms (cache hit)
2550 silly packumentCache full:https://registry.npmjs.org/is-symbol set size:22675 disposed:false
2551 silly fetch manifest for-each@^0.3.3
2552 silly packumentCache full:https://registry.npmjs.org/for-each cache-miss
2553 http cache https://registry.npmjs.org/functions-have-names 10ms (cache hit)
2554 silly packumentCache full:https://registry.npmjs.org/functions-have-names set size:24196 disposed:false
2555 silly fetch manifest for-each@^0.3.3
2556 silly packumentCache full:https://registry.npmjs.org/for-each cache-miss
2557 http cache https://registry.npmjs.org/dunder-proto 10ms (cache hit)
2558 silly packumentCache full:https://registry.npmjs.org/dunder-proto set size:8256 disposed:false
2559 silly packumentCache full:https://registry.npmjs.org/dunder-proto dispose
2560 silly fetch manifest reflect.getprototypeof@^1.0.9
2561 silly packumentCache full:https://registry.npmjs.org/reflect.getprototypeof cache-miss
2562 http cache https://registry.npmjs.org/side-channel 10ms (cache hit)
2563 silly packumentCache full:https://registry.npmjs.org/side-channel set size:24660 disposed:false
2564 silly fetch manifest for-each@^0.3.3
2565 silly packumentCache full:https://registry.npmjs.org/for-each cache-miss
2566 http cache https://registry.npmjs.org/set-function-name 9ms (cache hit)
2567 silly packumentCache full:https://registry.npmjs.org/set-function-name set size:13766 disposed:false
2568 silly fetch manifest reflect.getprototypeof@^1.0.6
2569 silly packumentCache full:https://registry.npmjs.org/reflect.getprototypeof cache-miss
2570 http cache https://registry.npmjs.org/isarray 10ms (cache hit)
2571 silly packumentCache full:https://registry.npmjs.org/isarray set size:17392 disposed:false
2572 silly fetch manifest has-bigints@^1.0.2
2573 silly packumentCache full:https://registry.npmjs.org/has-bigints cache-miss
2574 http cache https://registry.npmjs.org/reflect.getprototypeof 8ms (cache hit)
2575 silly packumentCache full:https://registry.npmjs.org/reflect.getprototypeof set size:44083 disposed:false
2576 silly fetch manifest which-boxed-primitive@^1.1.1
2577 silly packumentCache full:https://registry.npmjs.org/which-boxed-primitive cache-miss
2578 http cache https://registry.npmjs.org/for-each 8ms (cache hit)
2579 silly packumentCache full:https://registry.npmjs.org/for-each set size:14327 disposed:false
2580 silly fetch manifest for-each@^0.3.5
2581 silly packumentCache full:https://registry.npmjs.org/for-each cache-hit
2582 http cache https://registry.npmjs.org/isarray 11ms (cache hit)
2583 silly packumentCache full:https://registry.npmjs.org/isarray set size:17392 disposed:false
2584 silly packumentCache full:https://registry.npmjs.org/isarray dispose
2585 http cache https://registry.npmjs.org/for-each 9ms (cache hit)
2586 silly packumentCache full:https://registry.npmjs.org/for-each set size:14327 disposed:false
2587 silly packumentCache full:https://registry.npmjs.org/for-each dispose
2588 http cache https://registry.npmjs.org/for-each 11ms (cache hit)
2589 silly packumentCache full:https://registry.npmjs.org/for-each set size:14327 disposed:true
2590 silly packumentCache full:https://registry.npmjs.org/for-each dispose
2591 http cache https://registry.npmjs.org/reflect.getprototypeof 5ms (cache hit)
2592 silly packumentCache full:https://registry.npmjs.org/reflect.getprototypeof set size:44083 disposed:false
2593 silly packumentCache full:https://registry.npmjs.org/reflect.getprototypeof dispose
2594 http cache https://registry.npmjs.org/has-bigints 6ms (cache hit)
2595 silly packumentCache full:https://registry.npmjs.org/has-bigints set size:14176 disposed:false
2596 http cache https://registry.npmjs.org/which-boxed-primitive 6ms (cache hit)
2597 silly packumentCache full:https://registry.npmjs.org/which-boxed-primitive set size:19407 disposed:false
2598 silly placeDep ROOT possible-typed-array-names@1.1.0 OK for: available-typed-arrays@1.0.7 want: ^1.0.0
2599 silly placeDep ROOT has-tostringtag@1.0.2 OK for: es-set-tostringtag@2.1.0 want: ^1.0.2
2600 silly placeDep ROOT is-date-object@1.1.0 OK for: es-to-primitive@1.3.0 want: ^1.0.5
2601 silly placeDep ROOT is-symbol@1.1.1 OK for: es-to-primitive@1.3.0 want: ^1.0.4
2602 silly placeDep node_modules/eslint-module-utils debug@3.2.7 OK for: eslint-module-utils@2.12.1 want: ^3.2.7
2603 silly placeDep node_modules/eslint-plugin-jsx-a11y aria-query@5.3.2 OK for: eslint-plugin-jsx-a11y@6.10.2 want: ^5.3.2
2604 silly placeDep ROOT ast-types-flow@0.0.8 OK for: eslint-plugin-jsx-a11y@6.10.2 want: ^0.0.8
2605 silly placeDep ROOT axe-core@4.11.1 OK for: eslint-plugin-jsx-a11y@6.10.2 want: ^4.10.0
2606 silly placeDep ROOT axobject-query@4.1.0 OK for: eslint-plugin-jsx-a11y@6.10.2 want: ^4.1.0
2607 silly placeDep ROOT damerau-levenshtein@1.0.8 OK for: eslint-plugin-jsx-a11y@6.10.2 want: ^1.0.8
2608 silly placeDep ROOT emoji-regex@9.2.2 OK for: eslint-plugin-jsx-a11y@6.10.2 want: ^9.2.2
2609 silly placeDep ROOT jsx-ast-utils@3.3.5 OK for: eslint-plugin-jsx-a11y@6.10.2 want: ^3.3.5
2610 silly placeDep ROOT language-tags@1.0.9 OK for: eslint-plugin-jsx-a11y@6.10.2 want: ^1.0.9
2611 silly placeDep ROOT string.prototype.includes@2.0.1 OK for: eslint-plugin-jsx-a11y@6.10.2 want: ^2.0.1
2612 silly fetch manifest language-subtag-registry@^0.3.20
2613 silly packumentCache full:https://registry.npmjs.org/language-subtag-registry cache-miss
2614 http cache https://registry.npmjs.org/language-subtag-registry 2ms (cache hit)
2615 silly packumentCache full:https://registry.npmjs.org/language-subtag-registry set size:46437 disposed:false
2616 silly placeDep ROOT array.prototype.findlast@1.2.5 OK for: eslint-plugin-react@7.37.5 want: ^1.2.5
2617 silly placeDep ROOT array.prototype.tosorted@1.1.4 OK for: eslint-plugin-react@7.37.5 want: ^1.1.4
2618 silly placeDep ROOT es-iterator-helpers@1.2.2 OK for: eslint-plugin-react@7.37.5 want: ^1.2.1
2619 silly placeDep ROOT estraverse@5.3.0 OK for: eslint-plugin-react@7.37.5 want: ^5.3.0
2620 silly placeDep ROOT object.entries@1.1.9 OK for: eslint-plugin-react@7.37.5 want: ^1.1.9
2621 silly placeDep ROOT prop-types@15.8.1 OK for: eslint-plugin-react@7.37.5 want: ^15.8.1
2622 silly placeDep node_modules/eslint-plugin-react resolve@2.0.0-next.6 OK for: eslint-plugin-react@7.37.5 want: ^2.0.0-next.5
2623 silly placeDep ROOT string.prototype.matchall@4.0.12 OK for: eslint-plugin-react@7.37.5 want: ^4.0.12
2624 silly placeDep ROOT string.prototype.repeat@1.0.0 OK for: eslint-plugin-react@7.37.5 want: ^1.0.0
2625 silly fetch manifest iterator.prototype@^1.1.5
2626 silly packumentCache full:https://registry.npmjs.org/iterator.prototype cache-miss
2627 silly fetch manifest loose-envify@^1.4.0
2628 silly packumentCache full:https://registry.npmjs.org/loose-envify cache-miss
2629 silly fetch manifest object-assign@^4.1.1
2630 silly packumentCache full:https://registry.npmjs.org/object-assign cache-miss
2631 silly fetch manifest react-is@^16.13.1
2632 silly packumentCache full:https://registry.npmjs.org/react-is cache-miss
2633 silly fetch manifest node-exports-info@^1.6.0
2634 silly packumentCache full:https://registry.npmjs.org/node-exports-info cache-miss
2635 http cache https://registry.npmjs.org/iterator.prototype 4ms (cache hit)
2636 silly packumentCache full:https://registry.npmjs.org/iterator.prototype set size:26870 disposed:false
2637 http cache https://registry.npmjs.org/object-assign 5ms (cache hit)
2638 silly packumentCache full:https://registry.npmjs.org/object-assign set size:28988 disposed:false
2639 http cache https://registry.npmjs.org/loose-envify 5ms (cache hit)
2640 silly packumentCache full:https://registry.npmjs.org/loose-envify set size:12559 disposed:false
2641 http cache https://registry.npmjs.org/react-is 13ms (cache hit)
2642 silly packumentCache full:https://registry.npmjs.org/react-is set size:5282126 disposed:false
2643 http cache https://registry.npmjs.org/node-exports-info 52ms (cache hit)
2644 silly packumentCache full:https://registry.npmjs.org/node-exports-info set size:58723 disposed:false
2645 silly placeDep ROOT iterator.prototype@1.1.5 OK for: es-iterator-helpers@1.2.2 want: ^1.1.5
2646 silly placeDep ROOT esrecurse@4.3.0 OK for: eslint-scope@8.4.0 want: ^4.3.0
2647 silly placeDep ROOT acorn@8.16.0 OK for: espree@10.4.0 want: ^8.15.0
2648 silly placeDep ROOT acorn-jsx@5.3.2 OK for: espree@10.4.0 want: ^5.3.2
2649 silly placeDep ROOT @nodelib/fs.stat@2.0.5 OK for: fast-glob@3.3.1 want: ^2.0.2
2650 silly placeDep ROOT @nodelib/fs.walk@1.2.8 OK for: fast-glob@3.3.1 want: ^1.2.3
2651 silly placeDep node_modules/fast-glob glob-parent@5.1.2 OK for: fast-glob@3.3.1 want: ^5.1.2
2652 silly placeDep ROOT merge2@1.4.1 OK for: fast-glob@3.3.1 want: ^1.3.0
2653 silly placeDep ROOT micromatch@4.0.8 OK for: fast-glob@3.3.1 want: ^4.0.4
2654 silly fetch manifest fastq@^1.6.0
2655 silly packumentCache full:https://registry.npmjs.org/fastq cache-miss
2656 silly fetch manifest @nodelib/fs.scandir@2.1.5
2657 silly packumentCache full:https://registry.npmjs.org/@nodelib%2ffs.scandir cache-miss
2658 silly fetch manifest braces@^3.0.3
2659 silly packumentCache full:https://registry.npmjs.org/braces cache-miss
2660 silly fetch manifest picomatch@^2.3.1
2661 silly packumentCache full:https://registry.npmjs.org/picomatch cache-hit
2662 http cache https://registry.npmjs.org/@nodelib%2ffs.scandir 4ms (cache hit)
2663 silly packumentCache full:https://registry.npmjs.org/@nodelib%2ffs.scandir set size:49256 disposed:false
2664 http cache https://registry.npmjs.org/braces 4ms (cache hit)
2665 silly packumentCache full:https://registry.npmjs.org/braces set size:114529 disposed:false
2666 http cache https://registry.npmjs.org/fastq 6ms (cache hit)
2667 silly packumentCache full:https://registry.npmjs.org/fastq set size:78301 disposed:false
2668 silly placeDep ROOT @nodelib/fs.scandir@2.1.5 OK for: @nodelib/fs.walk@1.2.8 want: 2.1.5
2669 silly placeDep ROOT fastq@1.20.1 OK for: @nodelib/fs.walk@1.2.8 want: ^1.6.0
2670 silly fetch manifest run-parallel@^1.1.9
2671 silly packumentCache full:https://registry.npmjs.org/run-parallel cache-miss
2672 silly fetch manifest reusify@^1.0.4
2673 silly packumentCache full:https://registry.npmjs.org/reusify cache-miss
2674 http cache https://registry.npmjs.org/reusify 3ms (cache hit)
2675 silly packumentCache full:https://registry.npmjs.org/reusify set size:14249 disposed:false
2676 http cache https://registry.npmjs.org/run-parallel 3ms (cache hit)
2677 silly packumentCache full:https://registry.npmjs.org/run-parallel set size:35172 disposed:false
2678 silly placeDep ROOT run-parallel@1.2.0 OK for: @nodelib/fs.scandir@2.1.5 want: ^1.1.9
2679 silly fetch manifest queue-microtask@^1.2.2
2680 silly packumentCache full:https://registry.npmjs.org/queue-microtask cache-miss
2681 http cache https://registry.npmjs.org/queue-microtask 2ms (cache hit)
2682 silly packumentCache full:https://registry.npmjs.org/queue-microtask set size:36088 disposed:false
2683 silly placeDep ROOT reusify@1.1.0 OK for: fastq@1.20.1 want: ^1.0.4
2684 silly placeDep ROOT flat-cache@4.0.1 OK for: file-entry-cache@8.0.0 want: ^4.0.0
2685 silly fetch manifest keyv@^4.5.4
2686 silly packumentCache full:https://registry.npmjs.org/keyv cache-miss
2687 silly fetch manifest flatted@^3.2.9
2688 silly packumentCache full:https://registry.npmjs.org/flatted cache-miss
2689 http cache https://registry.npmjs.org/flatted 2ms (cache hit)
2690 silly packumentCache full:https://registry.npmjs.org/flatted set size:129359 disposed:false
2691 http cache https://registry.npmjs.org/keyv 4ms (cache hit)
2692 silly packumentCache full:https://registry.npmjs.org/keyv set size:210435 disposed:false
2693 silly placeDep ROOT locate-path@6.0.0 OK for: find-up@5.0.0 want: ^6.0.0
2694 silly placeDep ROOT path-exists@4.0.0 OK for: find-up@5.0.0 want: ^4.0.0
2695 silly fetch manifest p-locate@^5.0.0
2696 silly packumentCache full:https://registry.npmjs.org/p-locate cache-miss
2697 http cache https://registry.npmjs.org/p-locate 2ms (cache hit)
2698 silly packumentCache full:https://registry.npmjs.org/p-locate set size:22488 disposed:false
2699 silly placeDep ROOT flatted@3.3.4 OK for: flat-cache@4.0.1 want: ^3.2.9
2700 silly placeDep ROOT keyv@4.5.4 OK for: flat-cache@4.0.1 want: ^4.5.4
2701 silly fetch manifest json-buffer@3.0.1
2702 silly packumentCache full:https://registry.npmjs.org/json-buffer cache-miss
2703 http cache https://registry.npmjs.org/json-buffer 2ms (cache hit)
2704 silly packumentCache full:https://registry.npmjs.org/json-buffer set size:23474 disposed:false
2705 silly placeDep ROOT functions-have-names@1.2.3 OK for: function.prototype.name@1.1.8 want: ^1.2.3
2706 silly placeDep ROOT dunder-proto@1.0.1 OK for: get-proto@1.0.1 want: ^1.0.1
2707 silly placeDep ROOT resolve-pkg-maps@1.0.0 OK for: get-tsconfig@4.13.6 want: ^1.0.0
2708 silly placeDep node_modules/htmlparser2 entities@7.0.1 OK for: htmlparser2@10.1.0 want: ^7.0.1
2709 silly placeDep ROOT safer-buffer@2.1.2 OK for: iconv-lite@0.6.3 want: >= 2.1.2 < 3.0.0
2710 silly placeDep ROOT parent-module@1.0.1 OK for: import-fresh@3.3.1 want: ^1.0.0
2711 silly placeDep ROOT resolve-from@4.0.0 OK for: import-fresh@3.3.1 want: ^4.0.0
2712 silly fetch manifest callsites@^3.0.0
2713 silly packumentCache full:https://registry.npmjs.org/callsites cache-miss
2714 http cache https://registry.npmjs.org/callsites 1ms (cache hit)
2715 silly packumentCache full:https://registry.npmjs.org/callsites set size:21349 disposed:false
2716 silly placeDep ROOT side-channel@1.1.0 OK for: internal-slot@1.1.0 want: ^1.1.0
2717 silly fetch manifest side-channel-list@^1.0.0
2718 silly packumentCache full:https://registry.npmjs.org/side-channel-list cache-miss
2719 silly fetch manifest side-channel-map@^1.0.1
2720 silly packumentCache full:https://registry.npmjs.org/side-channel-map cache-miss
2721 silly fetch manifest side-channel-weakmap@^1.0.2
2722 silly packumentCache full:https://registry.npmjs.org/side-channel-weakmap cache-miss
2723 http cache https://registry.npmjs.org/side-channel-list 2ms (cache hit)
2724 silly packumentCache full:https://registry.npmjs.org/side-channel-list set size:6005 disposed:false
2725 http cache https://registry.npmjs.org/side-channel-map 2ms (cache hit)
2726 silly packumentCache full:https://registry.npmjs.org/side-channel-map set size:9126 disposed:false
2727 http cache https://registry.npmjs.org/side-channel-weakmap 2ms (cache hit)
2728 silly packumentCache full:https://registry.npmjs.org/side-channel-weakmap set size:12620 disposed:false
2729 silly placeDep node_modules/is-bun-module semver@7.7.4 OK for: is-bun-module@2.0.0 want: ^7.7.1
2730 silly placeDep ROOT is-extglob@2.1.1 OK for: is-glob@4.0.3 want: ^2.1.1
2731 silly placeDep ROOT set-function-name@2.0.2 OK for: iterator.prototype@1.1.5 want: ^2.0.2
2732 silly placeDep ROOT argparse@2.0.1 OK for: js-yaml@4.1.1 want: ^2.0.1
2733 silly placeDep ROOT cssstyle@4.6.0 OK for: jsdom@25.0.1 want: ^4.1.0
2734 silly placeDep ROOT data-urls@5.0.0 OK for: jsdom@25.0.1 want: ^5.0.0
2735 silly placeDep ROOT decimal.js@10.6.0 OK for: jsdom@25.0.1 want: ^10.4.3
2736 silly placeDep ROOT form-data@4.0.5 OK for: jsdom@25.0.1 want: ^4.0.0
2737 silly placeDep ROOT html-encoding-sniffer@4.0.0 OK for: jsdom@25.0.1 want: ^4.0.0
2738 silly placeDep ROOT http-proxy-agent@7.0.2 OK for: jsdom@25.0.1 want: ^7.0.2
2739 silly placeDep ROOT https-proxy-agent@7.0.6 OK for: jsdom@25.0.1 want: ^7.0.5
2740 silly placeDep ROOT is-potential-custom-element-name@1.0.1 OK for: jsdom@25.0.1 want: ^1.0.1
2741 silly placeDep ROOT nwsapi@2.2.23 OK for: jsdom@25.0.1 want: ^2.2.12
2742 silly placeDep ROOT rrweb-cssom@0.7.1 OK for: jsdom@25.0.1 want: ^0.7.1
2743 silly placeDep ROOT saxes@6.0.0 OK for: jsdom@25.0.1 want: ^6.0.0
2744 silly placeDep ROOT symbol-tree@3.2.4 OK for: jsdom@25.0.1 want: ^3.2.4
2745 silly placeDep ROOT tough-cookie@5.1.2 OK for: jsdom@25.0.1 want: ^5.0.0
2746 silly placeDep ROOT w3c-xmlserializer@5.0.0 OK for: jsdom@25.0.1 want: ^5.0.0
2747 silly placeDep ROOT webidl-conversions@7.0.0 OK for: jsdom@25.0.1 want: ^7.0.0
2748 silly placeDep ROOT whatwg-url@14.2.0 OK for: jsdom@25.0.1 want: ^14.0.0
2749 silly placeDep ROOT xml-name-validator@5.0.0 OK for: jsdom@25.0.1 want: ^5.0.0
2750 silly fetch manifest rrweb-cssom@^0.8.0
2751 silly packumentCache full:https://registry.npmjs.org/rrweb-cssom cache-miss
2752 silly fetch manifest @asamuzakjp/css-color@^3.2.0
2753 silly packumentCache full:https://registry.npmjs.org/@asamuzakjp%2fcss-color cache-miss
2754 silly fetch manifest asynckit@^0.4.0
2755 silly packumentCache full:https://registry.npmjs.org/asynckit cache-miss
2756 silly fetch manifest combined-stream@^1.0.8
2757 silly packumentCache full:https://registry.npmjs.org/combined-stream cache-miss
2758 silly fetch manifest mime-types@^2.1.12
2759 silly packumentCache full:https://registry.npmjs.org/mime-types cache-miss
2760 silly fetch manifest agent-base@^7.1.0
2761 silly packumentCache full:https://registry.npmjs.org/agent-base cache-miss
2762 silly fetch manifest agent-base@^7.1.2
2763 silly packumentCache full:https://registry.npmjs.org/agent-base cache-miss
2764 http cache https://registry.npmjs.org/asynckit 4ms (cache hit)
2765 silly packumentCache full:https://registry.npmjs.org/asynckit set size:18932 disposed:false
2766 silly fetch manifest xmlchars@^2.2.0
2767 silly packumentCache full:https://registry.npmjs.org/xmlchars cache-miss
2768 http cache https://registry.npmjs.org/combined-stream 4ms (cache hit)
2769 silly packumentCache full:https://registry.npmjs.org/combined-stream set size:40337 disposed:false
2770 silly fetch manifest tldts@^6.1.32
2771 silly packumentCache full:https://registry.npmjs.org/tldts cache-miss
2772 http cache https://registry.npmjs.org/@asamuzakjp%2fcss-color 6ms (cache hit)
2773 silly packumentCache full:https://registry.npmjs.org/@asamuzakjp%2fcss-color set size:171555 disposed:false
2774 silly fetch manifest tr46@^5.1.0
2775 silly packumentCache full:https://registry.npmjs.org/tr46 cache-miss
2776 http cache https://registry.npmjs.org/agent-base 7ms (cache hit)
2777 silly packumentCache full:https://registry.npmjs.org/agent-base set size:67460 disposed:false
2778 http cache https://registry.npmjs.org/agent-base 8ms (cache hit)
2779 silly packumentCache full:https://registry.npmjs.org/agent-base set size:67460 disposed:false
2780 silly packumentCache full:https://registry.npmjs.org/agent-base dispose
2781 http cache https://registry.npmjs.org/mime-types 8ms (cache hit)
2782 silly packumentCache full:https://registry.npmjs.org/mime-types set size:139110 disposed:false
2783 http cache https://registry.npmjs.org/rrweb-cssom 11ms (cache hit)
2784 silly packumentCache full:https://registry.npmjs.org/rrweb-cssom set size:10104 disposed:false
2785 http cache https://registry.npmjs.org/xmlchars 8ms (cache hit)
2786 silly packumentCache full:https://registry.npmjs.org/xmlchars set size:33578 disposed:false
2787 http cache https://registry.npmjs.org/tr46 5ms (cache hit)
2788 silly packumentCache full:https://registry.npmjs.org/tr46 set size:47377 disposed:false
2789 http cache https://registry.npmjs.org/tldts 12ms (cache hit)
2790 silly packumentCache full:https://registry.npmjs.org/tldts set size:3380991 disposed:false
2791 silly placeDep ROOT @asamuzakjp/css-color@3.2.0 OK for: cssstyle@4.6.0 want: ^3.2.0
2792 silly placeDep node_modules/cssstyle rrweb-cssom@0.8.0 OK for: cssstyle@4.6.0 want: ^0.8.0
2793 silly fetch manifest lru-cache@^10.4.3
2794 silly packumentCache full:https://registry.npmjs.org/lru-cache cache-miss
2795 silly fetch manifest @csstools/css-calc@^2.1.3
2796 silly packumentCache full:https://registry.npmjs.org/@csstools%2fcss-calc cache-miss
2797 silly fetch manifest @csstools/css-tokenizer@^3.0.3
2798 silly packumentCache full:https://registry.npmjs.org/@csstools%2fcss-tokenizer cache-miss
2799 silly fetch manifest @csstools/css-color-parser@^3.0.9
2800 silly packumentCache full:https://registry.npmjs.org/@csstools%2fcss-color-parser cache-miss
2801 silly fetch manifest @csstools/css-parser-algorithms@^3.0.4
2802 silly packumentCache full:https://registry.npmjs.org/@csstools%2fcss-parser-algorithms cache-miss
2803 http cache https://registry.npmjs.org/@csstools%2fcss-color-parser 4ms (cache hit)
2804 silly packumentCache full:https://registry.npmjs.org/@csstools%2fcss-color-parser set size:103285 disposed:false
2805 http cache https://registry.npmjs.org/@csstools%2fcss-tokenizer 5ms (cache hit)
2806 silly packumentCache full:https://registry.npmjs.org/@csstools%2fcss-tokenizer set size:61164 disposed:false
2807 http cache https://registry.npmjs.org/@csstools%2fcss-calc 7ms (cache hit)
2808 silly packumentCache full:https://registry.npmjs.org/@csstools%2fcss-calc set size:72277 disposed:false
2809 http cache https://registry.npmjs.org/lru-cache 8ms (cache hit)
2810 silly packumentCache full:https://registry.npmjs.org/lru-cache set size:413591 disposed:false
2811 http cache https://registry.npmjs.org/@csstools%2fcss-parser-algorithms 11ms (cache hit)
2812 silly packumentCache full:https://registry.npmjs.org/@csstools%2fcss-parser-algorithms set size:66140 disposed:false
2813 silly placeDep ROOT @csstools/css-calc@2.1.4 OK for: @asamuzakjp/css-color@3.2.0 want: ^2.1.3
2814 silly placeDep ROOT @csstools/css-tokenizer@3.0.4 OK for: @csstools/css-calc@2.1.4 want: ^3.0.4
2815 silly placeDep ROOT @csstools/css-parser-algorithms@3.0.5 OK for: @csstools/css-calc@2.1.4 want: ^3.0.5
2816 silly placeDep ROOT @csstools/css-color-parser@3.1.0 OK for: @asamuzakjp/css-color@3.2.0 want: ^3.0.9
2817 silly placeDep node_modules/@asamuzakjp/css-color lru-cache@10.4.3 OK for: @asamuzakjp/css-color@3.2.0 want: ^10.4.3
2818 silly fetch manifest @csstools/color-helpers@^5.1.0
2819 silly packumentCache full:https://registry.npmjs.org/@csstools%2fcolor-helpers cache-miss
2820 http cache https://registry.npmjs.org/@csstools%2fcolor-helpers 2ms (cache hit)
2821 silly packumentCache full:https://registry.npmjs.org/@csstools%2fcolor-helpers set size:42946 disposed:false
2822 silly placeDep ROOT @csstools/color-helpers@5.1.0 OK for: @csstools/css-color-parser@3.1.0 want: ^5.1.0
2823 silly placeDep ROOT asynckit@0.4.0 OK for: form-data@4.0.5 want: ^0.4.0
2824 silly placeDep ROOT combined-stream@1.0.8 OK for: form-data@4.0.5 want: ^1.0.8
2825 silly placeDep ROOT mime-types@2.1.35 OK for: form-data@4.0.5 want: ^2.1.12
2826 silly fetch manifest delayed-stream@~1.0.0
2827 silly packumentCache full:https://registry.npmjs.org/delayed-stream cache-miss
2828 silly fetch manifest mime-db@1.52.0
2829 silly packumentCache full:https://registry.npmjs.org/mime-db cache-miss
2830 http cache https://registry.npmjs.org/delayed-stream 2ms (cache hit)
2831 silly packumentCache full:https://registry.npmjs.org/delayed-stream set size:15820 disposed:false
2832 http cache https://registry.npmjs.org/mime-db 2ms (cache hit)
2833 silly packumentCache full:https://registry.npmjs.org/mime-db set size:164953 disposed:false
2834 silly placeDep ROOT delayed-stream@1.0.0 OK for: combined-stream@1.0.8 want: ~1.0.0
2835 silly placeDep ROOT agent-base@7.1.4 OK for: http-proxy-agent@7.0.2 want: ^7.1.0
2836 silly placeDep ROOT json-buffer@3.0.1 OK for: keyv@4.5.4 want: 3.0.1
2837 silly placeDep ROOT language-subtag-registry@0.3.23 OK for: language-tags@1.0.9 want: ^0.3.20
2838 silly placeDep ROOT prelude-ls@1.2.1 OK for: levn@0.4.1 want: ^1.2.1
2839 silly placeDep ROOT type-check@0.4.0 OK for: levn@0.4.1 want: ~0.4.0
2840 silly fetch manifest lightningcss-linux-arm-gnueabihf@1.31.1
2841 silly packumentCache full:https://registry.npmjs.org/lightningcss-linux-arm-gnueabihf cache-miss
2842 http cache https://registry.npmjs.org/lightningcss-linux-arm-gnueabihf 2ms (cache hit)
2843 silly packumentCache full:https://registry.npmjs.org/lightningcss-linux-arm-gnueabihf set size:79171 disposed:false
2844 silly placeDep ROOT detect-libc@2.1.2 OK for: lightningcss@1.31.1 want: ^2.0.3
2845 silly placeDep ROOT lightningcss-android-arm64@1.31.1 OK for: lightningcss@1.31.1 want: 1.31.1
2846 silly placeDep ROOT lightningcss-darwin-arm64@1.31.1 OK for: lightningcss@1.31.1 want: 1.31.1
2847 silly placeDep ROOT lightningcss-darwin-x64@1.31.1 OK for: lightningcss@1.31.1 want: 1.31.1
2848 silly placeDep ROOT lightningcss-freebsd-x64@1.31.1 OK for: lightningcss@1.31.1 want: 1.31.1
2849 silly placeDep ROOT lightningcss-linux-arm-gnueabihf@1.31.1 OK for: lightningcss@1.31.1 want: 1.31.1
2850 silly placeDep ROOT lightningcss-linux-arm64-gnu@1.31.1 OK for: lightningcss@1.31.1 want: 1.31.1
2851 silly placeDep ROOT lightningcss-linux-arm64-musl@1.31.1 OK for: lightningcss@1.31.1 want: 1.31.1
2852 silly placeDep ROOT lightningcss-linux-x64-gnu@1.31.1 OK for: lightningcss@1.31.1 want: 1.31.1
2853 silly placeDep ROOT lightningcss-linux-x64-musl@1.31.1 OK for: lightningcss@1.31.1 want: 1.31.1
2854 silly placeDep ROOT lightningcss-win32-arm64-msvc@1.31.1 OK for: lightningcss@1.31.1 want: 1.31.1
2855 silly placeDep ROOT lightningcss-win32-x64-msvc@1.31.1 OK for: lightningcss@1.31.1 want: 1.31.1
2856 silly placeDep node_modules/lint-staged chalk@5.6.2 OK for: lint-staged@15.5.2 want: ^5.4.1
2857 silly placeDep ROOT commander@13.1.0 OK for: lint-staged@15.5.2 want: ^13.1.0
2858 silly placeDep ROOT execa@8.0.1 OK for: lint-staged@15.5.2 want: ^8.0.1
2859 silly placeDep ROOT lilconfig@3.1.3 OK for: lint-staged@15.5.2 want: ^3.1.3
2860 silly placeDep ROOT listr2@8.3.3 OK for: lint-staged@15.5.2 want: ^8.2.5
2861 silly placeDep ROOT pidtree@0.6.0 OK for: lint-staged@15.5.2 want: ^0.6.0
2862 silly placeDep ROOT string-argv@0.3.2 OK for: lint-staged@15.5.2 want: ^0.3.2
2863 silly placeDep ROOT yaml@2.8.2 OK for: lint-staged@15.5.2 want: ^2.7.0
2864 silly fetch manifest onetime@^6.0.0
2865 silly packumentCache full:https://registry.npmjs.org/onetime cache-miss
2866 silly fetch manifest is-stream@^3.0.0
2867 silly packumentCache full:https://registry.npmjs.org/is-stream cache-miss
2868 silly fetch manifest get-stream@^8.0.1
2869 silly packumentCache full:https://registry.npmjs.org/get-stream cache-miss
2870 silly fetch manifest signal-exit@^4.1.0
2871 silly packumentCache full:https://registry.npmjs.org/signal-exit cache-miss
2872 silly fetch manifest merge-stream@^2.0.0
2873 silly packumentCache full:https://registry.npmjs.org/merge-stream cache-miss
2874 silly fetch manifest npm-run-path@^5.1.0
2875 silly packumentCache full:https://registry.npmjs.org/npm-run-path cache-miss
2876 silly fetch manifest human-signals@^5.0.0
2877 silly packumentCache full:https://registry.npmjs.org/human-signals cache-miss
2878 http cache https://registry.npmjs.org/signal-exit 4ms (cache hit)
2879 silly packumentCache full:https://registry.npmjs.org/signal-exit set size:53489 disposed:false
2880 silly fetch manifest strip-final-newline@^3.0.0
2881 silly packumentCache full:https://registry.npmjs.org/strip-final-newline cache-miss
2882 http cache https://registry.npmjs.org/onetime 6ms (cache hit)
2883 silly packumentCache full:https://registry.npmjs.org/onetime set size:32314 disposed:false
2884 silly fetch manifest rfdc@^1.4.1
2885 silly packumentCache full:https://registry.npmjs.org/rfdc cache-miss
2886 http cache https://registry.npmjs.org/is-stream 7ms (cache hit)
2887 silly packumentCache full:https://registry.npmjs.org/is-stream set size:18582 disposed:false
2888 silly fetch manifest colorette@^2.0.20
2889 silly packumentCache full:https://registry.npmjs.org/colorette cache-miss
2890 http cache https://registry.npmjs.org/merge-stream 6ms (cache hit)
2891 silly packumentCache full:https://registry.npmjs.org/merge-stream set size:22168 disposed:false
2892 silly fetch manifest wrap-ansi@^9.0.0
2893 silly packumentCache full:https://registry.npmjs.org/wrap-ansi cache-miss
2894 http cache https://registry.npmjs.org/human-signals 7ms (cache hit)
2895 silly packumentCache full:https://registry.npmjs.org/human-signals set size:47322 disposed:false
2896 silly fetch manifest log-update@^6.1.0
2897 silly packumentCache full:https://registry.npmjs.org/log-update cache-miss
2898 http cache https://registry.npmjs.org/get-stream 9ms (cache hit)
2899 silly packumentCache full:https://registry.npmjs.org/get-stream set size:57536 disposed:false
2900 silly fetch manifest cli-truncate@^4.0.0
2901 silly packumentCache full:https://registry.npmjs.org/cli-truncate cache-miss
2902 http cache https://registry.npmjs.org/npm-run-path 9ms (cache hit)
2903 silly packumentCache full:https://registry.npmjs.org/npm-run-path set size:33596 disposed:false
2904 silly fetch manifest eventemitter3@^5.0.1
2905 silly packumentCache full:https://registry.npmjs.org/eventemitter3 cache-miss
2906 http cache https://registry.npmjs.org/strip-final-newline 9ms (cache hit)
2907 silly packumentCache full:https://registry.npmjs.org/strip-final-newline set size:9328 disposed:false
2908 http cache https://registry.npmjs.org/cli-truncate 9ms (cache hit)
2909 silly packumentCache full:https://registry.npmjs.org/cli-truncate set size:33290 disposed:false
2910 http cache https://registry.npmjs.org/rfdc 14ms (cache hit)
2911 silly packumentCache full:https://registry.npmjs.org/rfdc set size:45382 disposed:false
2912 http cache https://registry.npmjs.org/log-update 11ms (cache hit)
2913 silly packumentCache full:https://registry.npmjs.org/log-update set size:58473 disposed:false
2914 http cache https://registry.npmjs.org/colorette 14ms (cache hit)
2915 silly packumentCache full:https://registry.npmjs.org/colorette set size:92733 disposed:false
2916 http cache https://registry.npmjs.org/wrap-ansi 14ms (cache hit)
2917 silly packumentCache full:https://registry.npmjs.org/wrap-ansi set size:55299 disposed:false
2918 http cache https://registry.npmjs.org/eventemitter3 11ms (cache hit)
2919 silly packumentCache full:https://registry.npmjs.org/eventemitter3 set size:92292 disposed:false
2920 silly placeDep ROOT get-stream@8.0.1 OK for: execa@8.0.1 want: ^8.0.1
2921 silly placeDep ROOT human-signals@5.0.0 OK for: execa@8.0.1 want: ^5.0.0
2922 silly placeDep ROOT is-stream@3.0.0 OK for: execa@8.0.1 want: ^3.0.0
2923 silly placeDep ROOT merge-stream@2.0.0 OK for: execa@8.0.1 want: ^2.0.0
2924 silly placeDep ROOT npm-run-path@5.3.0 OK for: execa@8.0.1 want: ^5.1.0
2925 silly placeDep ROOT onetime@6.0.0 OK for: execa@8.0.1 want: ^6.0.0
2926 silly placeDep ROOT signal-exit@4.1.0 OK for: execa@8.0.1 want: ^4.1.0
2927 silly placeDep ROOT strip-final-newline@3.0.0 OK for: execa@8.0.1 want: ^3.0.0
2928 silly fetch manifest path-key@^4.0.0
2929 silly packumentCache full:https://registry.npmjs.org/path-key cache-hit
2930 silly fetch manifest mimic-fn@^4.0.0
2931 silly packumentCache full:https://registry.npmjs.org/mimic-fn cache-miss
2932 http cache https://registry.npmjs.org/mimic-fn 2ms (cache hit)
2933 silly packumentCache full:https://registry.npmjs.org/mimic-fn set size:22257 disposed:false
2934 silly placeDep ROOT cli-truncate@4.0.0 OK for: listr2@8.3.3 want: ^4.0.0
2935 silly placeDep ROOT colorette@2.0.20 OK for: listr2@8.3.3 want: ^2.0.20
2936 silly placeDep ROOT eventemitter3@5.0.4 OK for: listr2@8.3.3 want: ^5.0.1
2937 silly placeDep ROOT log-update@6.1.0 OK for: listr2@8.3.3 want: ^6.1.0
2938 silly placeDep ROOT rfdc@1.4.1 OK for: listr2@8.3.3 want: ^1.4.1
2939 silly placeDep ROOT wrap-ansi@9.0.2 OK for: listr2@8.3.3 want: ^9.0.0
2940 silly fetch manifest slice-ansi@^5.0.0
2941 silly packumentCache full:https://registry.npmjs.org/slice-ansi cache-miss
2942 silly fetch manifest string-width@^7.0.0
2943 silly packumentCache full:https://registry.npmjs.org/string-width cache-miss
2944 silly fetch manifest cli-cursor@^5.0.0
2945 silly packumentCache full:https://registry.npmjs.org/cli-cursor cache-miss
2946 silly fetch manifest slice-ansi@^7.1.0
2947 silly packumentCache full:https://registry.npmjs.org/slice-ansi cache-miss
2948 silly fetch manifest strip-ansi@^7.1.0
2949 silly packumentCache full:https://registry.npmjs.org/strip-ansi cache-miss
2950 silly fetch manifest ansi-escapes@^7.0.0
2951 silly packumentCache full:https://registry.npmjs.org/ansi-escapes cache-miss
2952 silly fetch manifest strip-ansi@^7.1.0
2953 silly packumentCache full:https://registry.npmjs.org/strip-ansi cache-miss
2954 http cache https://registry.npmjs.org/strip-ansi 4ms (cache hit)
2955 silly packumentCache full:https://registry.npmjs.org/strip-ansi set size:44998 disposed:false
2956 silly fetch manifest ansi-styles@^6.2.1
2957 silly packumentCache full:https://registry.npmjs.org/ansi-styles cache-hit
2958 silly fetch manifest string-width@^7.0.0
2959 silly packumentCache full:https://registry.npmjs.org/string-width cache-miss
2960 http cache https://registry.npmjs.org/cli-cursor 5ms (cache hit)
2961 silly packumentCache full:https://registry.npmjs.org/cli-cursor set size:18913 disposed:false
2962 http cache https://registry.npmjs.org/string-width 5ms (cache hit)
2963 silly packumentCache full:https://registry.npmjs.org/string-width set size:68305 disposed:false
2964 http cache https://registry.npmjs.org/slice-ansi 6ms (cache hit)
2965 silly packumentCache full:https://registry.npmjs.org/slice-ansi set size:34449 disposed:false
2966 http cache https://registry.npmjs.org/strip-ansi 6ms (cache hit)
2967 silly packumentCache full:https://registry.npmjs.org/strip-ansi set size:44998 disposed:false
2968 silly packumentCache full:https://registry.npmjs.org/strip-ansi dispose
2969 http cache https://registry.npmjs.org/ansi-escapes 7ms (cache hit)
2970 silly packumentCache full:https://registry.npmjs.org/ansi-escapes set size:70915 disposed:false
2971 http cache https://registry.npmjs.org/slice-ansi 8ms (cache hit)
2972 silly packumentCache full:https://registry.npmjs.org/slice-ansi set size:34449 disposed:false
2973 silly packumentCache full:https://registry.npmjs.org/slice-ansi dispose
2974 http cache https://registry.npmjs.org/string-width 4ms (cache hit)
2975 silly packumentCache full:https://registry.npmjs.org/string-width set size:68305 disposed:false
2976 silly packumentCache full:https://registry.npmjs.org/string-width dispose
2977 silly placeDep ROOT slice-ansi@5.0.0 OK for: cli-truncate@4.0.0 want: ^5.0.0
2978 silly placeDep ROOT string-width@7.2.0 OK for: cli-truncate@4.0.0 want: ^7.0.0
2979 silly fetch manifest ansi-styles@^6.0.0
2980 silly packumentCache full:https://registry.npmjs.org/ansi-styles cache-hit
2981 silly fetch manifest is-fullwidth-code-point@^4.0.0
2982 silly packumentCache full:https://registry.npmjs.org/is-fullwidth-code-point cache-miss
2983 silly fetch manifest emoji-regex@^10.3.0
2984 silly packumentCache full:https://registry.npmjs.org/emoji-regex cache-hit
2985 silly fetch manifest get-east-asian-width@^1.0.0
2986 silly packumentCache full:https://registry.npmjs.org/get-east-asian-width cache-miss
2987 http cache https://registry.npmjs.org/is-fullwidth-code-point 4ms (cache hit)
2988 silly packumentCache full:https://registry.npmjs.org/is-fullwidth-code-point set size:14578 disposed:false
2989 http cache https://registry.npmjs.org/get-east-asian-width 4ms (cache hit)
2990 silly packumentCache full:https://registry.npmjs.org/get-east-asian-width set size:18337 disposed:false
2991 silly placeDep ROOT p-locate@5.0.0 OK for: locate-path@6.0.0 want: ^5.0.0
2992 silly fetch manifest p-limit@^3.0.2
2993 silly packumentCache full:https://registry.npmjs.org/p-limit cache-miss
2994 http cache https://registry.npmjs.org/p-limit 1ms (cache hit)
2995 silly packumentCache full:https://registry.npmjs.org/p-limit set size:61867 disposed:false
2996 silly placeDep ROOT ansi-escapes@7.3.0 OK for: log-update@6.1.0 want: ^7.0.0
2997 silly placeDep ROOT cli-cursor@5.0.0 OK for: log-update@6.1.0 want: ^5.0.0
2998 silly placeDep node_modules/log-update slice-ansi@7.1.2 OK for: log-update@6.1.0 want: ^7.1.0
2999 silly placeDep ROOT strip-ansi@7.2.0 OK for: log-update@6.1.0 want: ^7.1.0
3000 silly fetch manifest environment@^1.0.0
3001 silly packumentCache full:https://registry.npmjs.org/environment cache-miss
3002 silly fetch manifest restore-cursor@^5.0.0
3003 silly packumentCache full:https://registry.npmjs.org/restore-cursor cache-miss
3004 silly fetch manifest is-fullwidth-code-point@^5.0.0
3005 silly packumentCache full:https://registry.npmjs.org/is-fullwidth-code-point cache-hit
3006 silly fetch manifest ansi-regex@^6.2.2
3007 silly packumentCache full:https://registry.npmjs.org/ansi-regex cache-miss
3008 http cache https://registry.npmjs.org/ansi-regex 2ms (cache hit)
3009 silly packumentCache full:https://registry.npmjs.org/ansi-regex set size:43572 disposed:false
3010 http cache https://registry.npmjs.org/environment 3ms (cache hit)
3011 silly packumentCache full:https://registry.npmjs.org/environment set size:13915 disposed:false
3012 http cache https://registry.npmjs.org/restore-cursor 4ms (cache hit)
3013 silly packumentCache full:https://registry.npmjs.org/restore-cursor set size:17895 disposed:false
3014 silly placeDep ROOT environment@1.1.0 OK for: ansi-escapes@7.3.0 want: ^1.0.0
3015 silly placeDep ROOT restore-cursor@5.1.0 OK for: cli-cursor@5.0.0 want: ^5.0.0
3016 silly fetch manifest onetime@^7.0.0
3017 silly packumentCache full:https://registry.npmjs.org/onetime cache-hit
3018 silly placeDep ROOT yallist@3.1.1 OK for: lru-cache@5.1.1 want: ^3.0.2
3019 silly placeDep ROOT braces@3.0.3 OK for: micromatch@4.0.8 want: ^3.0.3
3020 silly placeDep ROOT picomatch@2.3.1 OK for: micromatch@4.0.8 want: ^2.3.1
3021 silly fetch manifest fill-range@^7.1.1
3022 silly packumentCache full:https://registry.npmjs.org/fill-range cache-miss
3023 http cache https://registry.npmjs.org/fill-range 3ms (cache hit)
3024 silly packumentCache full:https://registry.npmjs.org/fill-range set size:90212 disposed:false
3025 silly placeDep ROOT fill-range@7.1.1 OK for: braces@3.0.3 want: ^7.1.1
3026 silly fetch manifest to-regex-range@^5.0.1
3027 silly packumentCache full:https://registry.npmjs.org/to-regex-range cache-miss
3028 http cache https://registry.npmjs.org/to-regex-range 2ms (cache hit)
3029 silly packumentCache full:https://registry.npmjs.org/to-regex-range set size:61569 disposed:false
3030 silly placeDep ROOT to-regex-range@5.0.1 OK for: fill-range@7.1.1 want: ^5.0.1
3031 silly fetch manifest is-number@^7.0.0
3032 silly packumentCache full:https://registry.npmjs.org/is-number cache-miss
3033 http cache https://registry.npmjs.org/is-number 2ms (cache hit)
3034 silly packumentCache full:https://registry.npmjs.org/is-number set size:36183 disposed:false
3035 silly placeDep ROOT mime-db@1.52.0 OK for: mime-types@2.1.35 want: 1.52.0
3036 silly placeDep ROOT brace-expansion@1.1.12 OK for: minimatch@3.1.5 want: ^1.1.7
3037 silly fetch manifest concat-map@0.0.1
3038 silly packumentCache full:https://registry.npmjs.org/concat-map cache-miss
3039 silly fetch manifest balanced-match@^1.0.0
3040 silly packumentCache full:https://registry.npmjs.org/balanced-match cache-miss
3041 http cache https://registry.npmjs.org/concat-map 2ms (cache hit)
3042 silly packumentCache full:https://registry.npmjs.org/concat-map set size:9290 disposed:false
3043 http cache https://registry.npmjs.org/balanced-match 2ms (cache hit)
3044 silly packumentCache full:https://registry.npmjs.org/balanced-match set size:39082 disposed:false
3045 silly placeDep ROOT balanced-match@1.0.2 OK for: brace-expansion@1.1.12 want: ^1.0.0
3046 silly placeDep ROOT concat-map@0.0.1 OK for: brace-expansion@1.1.12 want: 0.0.1
3047 silly fetch manifest react@^18.2.0 || 19.0.0-rc-de68d2f4-20241204 || ^19.0.0
3048 silly packumentCache full:https://registry.npmjs.org/react cache-miss
3049 http cache https://registry.npmjs.org/react 11ms (cache hit)
3050 silly packumentCache full:https://registry.npmjs.org/react set size:6523821 disposed:false
3051 silly placeDep ROOT @next/env@15.1.6 OK for: next@15.1.6 want: 15.1.6
3052 silly placeDep ROOT @next/swc-darwin-arm64@15.1.6 OK for: next@15.1.6 want: 15.1.6
3053 silly placeDep ROOT @next/swc-darwin-x64@15.1.6 OK for: next@15.1.6 want: 15.1.6
3054 silly placeDep ROOT @next/swc-linux-arm64-gnu@15.1.6 OK for: next@15.1.6 want: 15.1.6
3055 silly placeDep ROOT @next/swc-linux-arm64-musl@15.1.6 OK for: next@15.1.6 want: 15.1.6
3056 silly placeDep ROOT @next/swc-linux-x64-gnu@15.1.6 OK for: next@15.1.6 want: 15.1.6
3057 silly placeDep ROOT @next/swc-linux-x64-musl@15.1.6 OK for: next@15.1.6 want: 15.1.6
3058 silly placeDep ROOT @next/swc-win32-arm64-msvc@15.1.6 OK for: next@15.1.6 want: 15.1.6
3059 silly placeDep ROOT @next/swc-win32-x64-msvc@15.1.6 OK for: next@15.1.6 want: 15.1.6
3060 silly placeDep ROOT @swc/counter@0.1.3 OK for: next@15.1.6 want: 0.1.3
3061 silly placeDep ROOT @swc/helpers@0.5.15 OK for: next@15.1.6 want: 0.5.15
3062 silly placeDep ROOT busboy@1.6.0 OK for: next@15.1.6 want: 1.6.0
3063 silly placeDep node_modules/next postcss@8.4.31 OK for: next@15.1.6 want: 8.4.31
3064 silly placeDep ROOT sharp@0.33.5 OK for: next@15.1.6 want: ^0.33.5
3065 silly placeDep ROOT styled-jsx@5.1.6 OK for: next@15.1.6 want: 5.1.6
3066 silly fetch manifest streamsearch@^1.1.0
3067 silly packumentCache full:https://registry.npmjs.org/streamsearch cache-miss
3068 silly fetch manifest nanoid@^3.3.6
3069 silly packumentCache full:https://registry.npmjs.org/nanoid cache-miss
3070 silly fetch manifest color@^4.2.3
3071 silly packumentCache full:https://registry.npmjs.org/color cache-miss
3072 silly fetch manifest semver@^7.6.3
3073 silly packumentCache full:https://registry.npmjs.org/semver cache-hit
3074 silly fetch manifest @img/sharp-wasm32@0.33.5
3075 silly packumentCache full:https://registry.npmjs.org/@img%2fsharp-wasm32 cache-miss
3076 silly fetch manifest @img/sharp-linux-arm@0.33.5
3077 silly packumentCache full:https://registry.npmjs.org/@img%2fsharp-linux-arm cache-miss
3078 silly fetch manifest @img/sharp-linux-x64@0.33.5
3079 silly packumentCache full:https://registry.npmjs.org/@img%2fsharp-linux-x64 cache-miss
3080 silly fetch manifest @img/sharp-win32-x64@0.33.5
3081 silly packumentCache full:https://registry.npmjs.org/@img%2fsharp-win32-x64 cache-miss
3082 http cache https://registry.npmjs.org/@img%2fsharp-wasm32 4ms (cache hit)
3083 silly packumentCache full:https://registry.npmjs.org/@img%2fsharp-wasm32 set size:61337 disposed:false
3084 silly fetch manifest @img/sharp-darwin-x64@0.33.5
3085 silly packumentCache full:https://registry.npmjs.org/@img%2fsharp-darwin-x64 cache-miss
3086 http cache https://registry.npmjs.org/streamsearch 6ms (cache hit)
3087 silly packumentCache full:https://registry.npmjs.org/streamsearch set size:27372 disposed:false
3088 silly fetch manifest @img/sharp-win32-ia32@0.33.5
3089 silly packumentCache full:https://registry.npmjs.org/@img%2fsharp-win32-ia32 cache-miss
3090 http cache https://registry.npmjs.org/color 6ms (cache hit)
3091 silly packumentCache full:https://registry.npmjs.org/color set size:98234 disposed:false
3092 silly fetch manifest @img/sharp-linux-arm64@0.33.5
3093 silly packumentCache full:https://registry.npmjs.org/@img%2fsharp-linux-arm64 cache-miss
3094 http cache https://registry.npmjs.org/@img%2fsharp-win32-x64 7ms (cache hit)
3095 silly packumentCache full:https://registry.npmjs.org/@img%2fsharp-win32-x64 set size:64388 disposed:false
3096 silly fetch manifest @img/sharp-linux-s390x@0.33.5
3097 silly packumentCache full:https://registry.npmjs.org/@img%2fsharp-linux-s390x cache-miss
3098 http cache https://registry.npmjs.org/@img%2fsharp-linux-x64 8ms (cache hit)
3099 silly packumentCache full:https://registry.npmjs.org/@img%2fsharp-linux-x64 set size:66311 disposed:false
3100 silly fetch manifest @img/sharp-darwin-arm64@0.33.5
3101 silly packumentCache full:https://registry.npmjs.org/@img%2fsharp-darwin-arm64 cache-miss
3102 http cache https://registry.npmjs.org/@img%2fsharp-linux-arm 9ms (cache hit)
3103 silly packumentCache full:https://registry.npmjs.org/@img%2fsharp-linux-arm set size:66643 disposed:false
3104 silly fetch manifest @img/sharp-linuxmusl-x64@0.33.5
3105 silly packumentCache full:https://registry.npmjs.org/@img%2fsharp-linuxmusl-x64 cache-miss
3106 http cache https://registry.npmjs.org/nanoid 11ms (cache hit)
3107 silly packumentCache full:https://registry.npmjs.org/nanoid set size:298419 disposed:false
3108 silly fetch manifest @img/sharp-linuxmusl-arm64@0.33.5
3109 silly packumentCache full:https://registry.npmjs.org/@img%2fsharp-linuxmusl-arm64 cache-miss
3110 http cache https://registry.npmjs.org/@img%2fsharp-linux-arm64 9ms (cache hit)
3111 silly packumentCache full:https://registry.npmjs.org/@img%2fsharp-linux-arm64 set size:67207 disposed:false
3112 silly fetch manifest @img/sharp-libvips-linux-arm@1.0.5
3113 silly packumentCache full:https://registry.npmjs.org/@img%2fsharp-libvips-linux-arm cache-miss
3114 http cache https://registry.npmjs.org/@img%2fsharp-win32-ia32 11ms (cache hit)
3115 silly packumentCache full:https://registry.npmjs.org/@img%2fsharp-win32-ia32 set size:65002 disposed:false
3116 silly fetch manifest @img/sharp-libvips-linux-x64@1.0.4
3117 silly packumentCache full:https://registry.npmjs.org/@img%2fsharp-libvips-linux-x64 cache-miss
3118 http cache https://registry.npmjs.org/@img%2fsharp-darwin-x64 12ms (cache hit)
3119 silly packumentCache full:https://registry.npmjs.org/@img%2fsharp-darwin-x64 set size:65222 disposed:false
3120 silly fetch manifest @img/sharp-libvips-darwin-x64@1.0.4
3121 silly packumentCache full:https://registry.npmjs.org/@img%2fsharp-libvips-darwin-x64 cache-miss
3122 http cache https://registry.npmjs.org/@img%2fsharp-linux-s390x 10ms (cache hit)
3123 silly packumentCache full:https://registry.npmjs.org/@img%2fsharp-linux-s390x set size:65172 disposed:false
3124 silly fetch manifest @img/sharp-libvips-linux-arm64@1.0.4
3125 silly packumentCache full:https://registry.npmjs.org/@img%2fsharp-libvips-linux-arm64 cache-miss
3126 http cache https://registry.npmjs.org/@img%2fsharp-linuxmusl-x64 9ms (cache hit)
3127 silly packumentCache full:https://registry.npmjs.org/@img%2fsharp-linuxmusl-x64 set size:67400 disposed:false
3128 silly fetch manifest @img/sharp-libvips-linux-s390x@1.0.4
3129 silly packumentCache full:https://registry.npmjs.org/@img%2fsharp-libvips-linux-s390x cache-miss
3130 http cache https://registry.npmjs.org/@img%2fsharp-linuxmusl-arm64 7ms (cache hit)
3131 silly packumentCache full:https://registry.npmjs.org/@img%2fsharp-linuxmusl-arm64 set size:68298 disposed:false
3132 silly fetch manifest @img/sharp-libvips-darwin-arm64@1.0.4
3133 silly packumentCache full:https://registry.npmjs.org/@img%2fsharp-libvips-darwin-arm64 cache-miss
3134 http cache https://registry.npmjs.org/@img%2fsharp-darwin-arm64 12ms (cache hit)
3135 silly packumentCache full:https://registry.npmjs.org/@img%2fsharp-darwin-arm64 set size:66119 disposed:false
3136 silly fetch manifest @img/sharp-libvips-linuxmusl-x64@1.0.4
3137 silly packumentCache full:https://registry.npmjs.org/@img%2fsharp-libvips-linuxmusl-x64 cache-miss
3138 http cache https://registry.npmjs.org/@img%2fsharp-libvips-darwin-x64 6ms (cache hit)
3139 silly packumentCache full:https://registry.npmjs.org/@img%2fsharp-libvips-darwin-x64 set size:51923 disposed:false
3140 silly fetch manifest @img/sharp-libvips-linuxmusl-arm64@1.0.4
3141 silly packumentCache full:https://registry.npmjs.org/@img%2fsharp-libvips-linuxmusl-arm64 cache-miss
3142 http cache https://registry.npmjs.org/@img%2fsharp-libvips-linux-arm 8ms (cache hit)
3143 silly packumentCache full:https://registry.npmjs.org/@img%2fsharp-libvips-linux-arm set size:58624 disposed:false
3144 silly fetch manifest client-only@0.0.1
3145 silly packumentCache full:https://registry.npmjs.org/client-only cache-miss
3146 http cache https://registry.npmjs.org/@img%2fsharp-libvips-linux-x64 8ms (cache hit)
3147 silly packumentCache full:https://registry.npmjs.org/@img%2fsharp-libvips-linux-x64 set size:56678 disposed:false
3148 http cache https://registry.npmjs.org/@img%2fsharp-libvips-linux-s390x 6ms (cache hit)
3149 silly packumentCache full:https://registry.npmjs.org/@img%2fsharp-libvips-linux-s390x set size:51696 disposed:false
3150 http cache https://registry.npmjs.org/@img%2fsharp-libvips-linuxmusl-x64 6ms (cache hit)
3151 silly packumentCache full:https://registry.npmjs.org/@img%2fsharp-libvips-linuxmusl-x64 set size:53685 disposed:false
3152 http cache https://registry.npmjs.org/@img%2fsharp-libvips-darwin-arm64 6ms (cache hit)
3153 silly packumentCache full:https://registry.npmjs.org/@img%2fsharp-libvips-darwin-arm64 set size:52515 disposed:false
3154 http cache https://registry.npmjs.org/@img%2fsharp-libvips-linux-arm64 8ms (cache hit)
3155 silly packumentCache full:https://registry.npmjs.org/@img%2fsharp-libvips-linux-arm64 set size:55489 disposed:false
3156 http cache https://registry.npmjs.org/client-only 4ms (cache hit)
3157 silly packumentCache full:https://registry.npmjs.org/client-only set size:2750 disposed:false
3158 http cache https://registry.npmjs.org/@img%2fsharp-libvips-linuxmusl-arm64 5ms (cache hit)
3159 silly packumentCache full:https://registry.npmjs.org/@img%2fsharp-libvips-linuxmusl-arm64 set size:54314 disposed:false
3160 silly placeDep ROOT streamsearch@1.1.0 OK for: busboy@1.6.0 want: ^1.1.0
3161 silly placeDep node_modules/npm-run-path path-key@4.0.0 OK for: npm-run-path@5.3.0 want: ^4.0.0
3162 silly placeDep ROOT mimic-fn@4.0.0 OK for: onetime@6.0.0 want: ^4.0.0
3163 silly placeDep ROOT deep-is@0.1.4 OK for: optionator@0.9.4 want: ^0.1.3
3164 silly placeDep ROOT fast-levenshtein@2.0.6 OK for: optionator@0.9.4 want: ^2.0.6
3165 silly placeDep ROOT word-wrap@1.2.5 OK for: optionator@0.9.4 want: ^1.2.5
3166 silly placeDep ROOT p-limit@3.1.0 OK for: p-locate@5.0.0 want: ^3.0.2
3167 silly fetch manifest yocto-queue@^0.1.0
3168 silly packumentCache full:https://registry.npmjs.org/yocto-queue cache-miss
3169 http cache https://registry.npmjs.org/yocto-queue 1ms (cache hit)
3170 silly packumentCache full:https://registry.npmjs.org/yocto-queue set size:20256 disposed:false
3171 silly placeDep ROOT yocto-queue@0.1.0 OK for: p-limit@3.1.0 want: ^0.1.0
3172 silly placeDep ROOT callsites@3.1.0 OK for: parent-module@1.0.1 want: ^3.0.0
3173 silly placeDep node_modules/parse5 entities@6.0.1 OK for: parse5@7.3.0 want: ^6.0.0
3174 silly placeDep ROOT nanoid@3.3.11 OK for: postcss@8.5.8 want: ^3.3.11
3175 silly placeDep ROOT ansi-regex@5.0.1 OK for: pretty-format@27.5.1 want: ^5.0.1
3176 silly placeDep node_modules/pretty-format ansi-styles@5.2.0 OK for: pretty-format@27.5.1 want: ^5.0.0
3177 silly placeDep ROOT react-is@17.0.2 OK for: pretty-format@27.5.1 want: ^17.0.1
3178 silly placeDep ROOT loose-envify@1.4.0 OK for: prop-types@15.8.1 want: ^1.4.0
3179 silly placeDep ROOT object-assign@4.1.1 OK for: prop-types@15.8.1 want: ^4.1.1
3180 silly placeDep node_modules/prop-types react-is@16.13.1 OK for: prop-types@15.8.1 want: ^16.13.1
3181 silly placeDep ROOT scheduler@0.27.0 OK for: react-dom@19.2.4 want: ^0.27.0
3182 silly placeDep ROOT indent-string@4.0.0 OK for: redent@3.0.0 want: ^4.0.0
3183 silly placeDep ROOT strip-indent@3.0.0 OK for: redent@3.0.0 want: ^3.0.0
3184 silly fetch manifest min-indent@^1.0.0
3185 silly packumentCache full:https://registry.npmjs.org/min-indent cache-miss
3186 http cache https://registry.npmjs.org/min-indent 5ms (cache hit)
3187 silly packumentCache full:https://registry.npmjs.org/min-indent set size:6021 disposed:false
3188 silly placeDep ROOT path-parse@1.0.7 OK for: resolve@1.22.11 want: ^1.0.7
3189 silly placeDep ROOT supports-preserve-symlinks-flag@1.0.0 OK for: resolve@1.22.11 want: ^1.0.0
3190 silly placeDep node_modules/restore-cursor onetime@7.0.0 OK for: restore-cursor@5.1.0 want: ^7.0.0
3191 silly fetch manifest mimic-function@^5.0.0
3192 silly packumentCache full:https://registry.npmjs.org/mimic-function cache-miss
3193 http cache https://registry.npmjs.org/mimic-function 2ms (cache hit)
3194 silly packumentCache full:https://registry.npmjs.org/mimic-function set size:6356 disposed:false
3195 silly placeDep ROOT queue-microtask@1.2.3 OK for: run-parallel@1.2.0 want: ^1.2.2
3196 silly placeDep ROOT isarray@2.0.5 OK for: safe-array-concat@1.1.3 want: ^2.0.5
3197 silly placeDep ROOT xmlchars@2.2.0 OK for: saxes@6.0.0 want: ^2.2.0
3198 silly placeDep ROOT @img/sharp-darwin-arm64@0.33.5 OK for: sharp@0.33.5 want: 0.33.5
3199 silly placeDep ROOT @img/sharp-darwin-x64@0.33.5 OK for: sharp@0.33.5 want: 0.33.5
3200 silly placeDep ROOT @img/sharp-libvips-darwin-arm64@1.0.4 OK for: sharp@0.33.5 want: 1.0.4
3201 silly placeDep ROOT @img/sharp-libvips-darwin-x64@1.0.4 OK for: sharp@0.33.5 want: 1.0.4
3202 silly placeDep ROOT @img/sharp-libvips-linux-arm@1.0.5 OK for: sharp@0.33.5 want: 1.0.5
3203 silly placeDep ROOT @img/sharp-libvips-linux-arm64@1.0.4 OK for: sharp@0.33.5 want: 1.0.4
3204 silly placeDep ROOT @img/sharp-libvips-linux-s390x@1.0.4 OK for: sharp@0.33.5 want: 1.0.4
3205 silly placeDep ROOT @img/sharp-libvips-linux-x64@1.0.4 OK for: sharp@0.33.5 want: 1.0.4
3206 silly placeDep ROOT @img/sharp-libvips-linuxmusl-arm64@1.0.4 OK for: sharp@0.33.5 want: 1.0.4
3207 silly placeDep ROOT @img/sharp-libvips-linuxmusl-x64@1.0.4 OK for: sharp@0.33.5 want: 1.0.4
3208 silly placeDep ROOT @img/sharp-linux-arm@0.33.5 OK for: sharp@0.33.5 want: 0.33.5
3209 silly placeDep ROOT @img/sharp-linux-arm64@0.33.5 OK for: sharp@0.33.5 want: 0.33.5
3210 silly placeDep ROOT @img/sharp-linux-s390x@0.33.5 OK for: sharp@0.33.5 want: 0.33.5
3211 silly placeDep ROOT @img/sharp-linux-x64@0.33.5 OK for: sharp@0.33.5 want: 0.33.5
3212 silly placeDep ROOT @img/sharp-linuxmusl-arm64@0.33.5 OK for: sharp@0.33.5 want: 0.33.5
3213 silly placeDep ROOT @img/sharp-linuxmusl-x64@0.33.5 OK for: sharp@0.33.5 want: 0.33.5
3214 silly placeDep ROOT @img/sharp-wasm32@0.33.5 OK for: sharp@0.33.5 want: 0.33.5
3215 silly placeDep ROOT @img/sharp-win32-ia32@0.33.5 OK for: sharp@0.33.5 want: 0.33.5
3216 silly placeDep ROOT @img/sharp-win32-x64@0.33.5 OK for: sharp@0.33.5 want: 0.33.5
3217 silly placeDep ROOT color@4.2.3 OK for: sharp@0.33.5 want: ^4.2.3
3218 silly placeDep node_modules/sharp semver@7.7.4 OK for: sharp@0.33.5 want: ^7.6.3
3219 silly fetch manifest @emnapi/runtime@^1.2.0
3220 silly packumentCache full:https://registry.npmjs.org/@emnapi%2fruntime cache-miss
3221 silly fetch manifest color-string@^1.9.0
3222 silly packumentCache full:https://registry.npmjs.org/color-string cache-miss
3223 http cache https://registry.npmjs.org/color-string 2ms (cache hit)
3224 silly packumentCache full:https://registry.npmjs.org/color-string set size:84418 disposed:false
3225 http cache https://registry.npmjs.org/@emnapi%2fruntime 4ms (cache hit)
3226 silly packumentCache full:https://registry.npmjs.org/@emnapi%2fruntime set size:99452 disposed:false
3227 silly placeDep ROOT @emnapi/runtime@1.8.1 OK for: @img/sharp-wasm32@0.33.5 want: ^1.2.0
3228 silly placeDep ROOT color-string@1.9.1 OK for: color@4.2.3 want: ^1.9.0
3229 silly fetch manifest simple-swizzle@^0.2.2
3230 silly packumentCache full:https://registry.npmjs.org/simple-swizzle cache-miss
3231 http cache https://registry.npmjs.org/simple-swizzle 1ms (cache hit)
3232 silly packumentCache full:https://registry.npmjs.org/simple-swizzle set size:10651 disposed:false
3233 silly placeDep ROOT simple-swizzle@0.2.4 OK for: color-string@1.9.1 want: ^0.2.2
3234 silly fetch manifest is-arrayish@^0.3.1
3235 silly packumentCache full:https://registry.npmjs.org/is-arrayish cache-miss
3236 http cache https://registry.npmjs.org/is-arrayish 1ms (cache hit)
3237 silly packumentCache full:https://registry.npmjs.org/is-arrayish set size:15371 disposed:false
3238 silly placeDep ROOT shebang-regex@3.0.0 OK for: shebang-command@2.0.0 want: ^3.0.0
3239 silly placeDep ROOT side-channel-list@1.0.0 OK for: side-channel@1.1.0 want: ^1.0.0
3240 silly placeDep ROOT side-channel-map@1.0.1 OK for: side-channel@1.1.0 want: ^1.0.1
3241 silly placeDep ROOT side-channel-weakmap@1.0.2 OK for: side-channel@1.1.0 want: ^1.0.2
3242 silly placeDep ROOT is-arrayish@0.3.4 OK for: simple-swizzle@0.2.4 want: ^0.3.1
3243 silly placeDep node_modules/slice-ansi ansi-styles@6.2.3 OK for: slice-ansi@5.0.0 want: ^6.0.0
3244 silly placeDep ROOT is-fullwidth-code-point@4.0.0 OK for: slice-ansi@5.0.0 want: ^4.0.0
3245 silly placeDep node_modules/string-width emoji-regex@10.6.0 OK for: string-width@7.2.0 want: ^10.3.0
3246 silly placeDep ROOT get-east-asian-width@1.5.0 OK for: string-width@7.2.0 want: ^1.0.0
3247 silly placeDep node_modules/strip-ansi ansi-regex@6.2.2 OK for: strip-ansi@7.2.0 want: ^6.2.2
3248 silly placeDep ROOT min-indent@1.0.1 OK for: strip-indent@3.0.0 want: ^1.0.0
3249 silly placeDep ROOT client-only@0.0.1 OK for: styled-jsx@5.1.6 want: 0.0.1
3250 silly placeDep ROOT has-flag@4.0.0 OK for: supports-color@7.2.0 want: ^4.0.0
3251 silly placeDep node_modules/tinyglobby fdir@6.5.0 OK for: tinyglobby@0.2.15 want: ^6.5.0
3252 silly placeDep node_modules/tinyglobby picomatch@4.0.3 OK for: fdir@6.5.0 want: ^3 || ^4
3253 silly placeDep ROOT is-number@7.0.0 OK for: to-regex-range@5.0.1 want: ^7.0.0
3254 silly placeDep ROOT tldts@6.1.86 OK for: tough-cookie@5.1.2 want: ^6.1.32
3255 silly fetch manifest tldts-core@^6.1.86
3256 silly packumentCache full:https://registry.npmjs.org/tldts-core cache-miss
3257 http cache https://registry.npmjs.org/tldts-core 6ms (cache hit)
3258 silly packumentCache full:https://registry.npmjs.org/tldts-core set size:3024777 disposed:false
3259 silly placeDep ROOT tldts-core@6.1.86 OK for: tldts@6.1.86 want: ^6.1.86
3260 silly placeDep ROOT @types/json5@0.0.29 OK for: tsconfig-paths@3.15.0 want: ^0.0.29
3261 silly placeDep node_modules/tsconfig-paths json5@1.0.2 OK for: tsconfig-paths@3.15.0 want: ^1.0.2
3262 silly placeDep ROOT minimist@1.2.8 OK for: tsconfig-paths@3.15.0 want: ^1.2.6
3263 silly placeDep ROOT strip-bom@3.0.0 OK for: tsconfig-paths@3.15.0 want: ^3.0.0
3264 silly fetch manifest minimist@^1.2.0
3265 silly packumentCache full:https://registry.npmjs.org/minimist cache-hit
3266 silly placeDep ROOT for-each@0.3.5 OK for: typed-array-byte-length@1.0.3 want: ^0.3.3
3267 silly placeDep ROOT reflect.getprototypeof@1.0.10 OK for: typed-array-byte-offset@1.0.4 want: ^1.0.9
3268 silly fetch manifest which-builtin-type@^1.2.1
3269 silly packumentCache full:https://registry.npmjs.org/which-builtin-type cache-miss
3270 http cache https://registry.npmjs.org/which-builtin-type 2ms (cache hit)
3271 silly packumentCache full:https://registry.npmjs.org/which-builtin-type set size:39107 disposed:false
3272 silly placeDep ROOT which-builtin-type@1.2.1 OK for: reflect.getprototypeof@1.0.10 want: ^1.2.1
3273 silly fetch manifest is-async-function@^2.0.0
3274 silly packumentCache full:https://registry.npmjs.org/is-async-function cache-miss
3275 silly fetch manifest is-finalizationregistry@^1.1.0
3276 silly packumentCache full:https://registry.npmjs.org/is-finalizationregistry cache-miss
3277 silly fetch manifest is-generator-function@^1.0.10
3278 silly packumentCache full:https://registry.npmjs.org/is-generator-function cache-miss
3279 silly fetch manifest which-boxed-primitive@^1.1.0
3280 silly packumentCache full:https://registry.npmjs.org/which-boxed-primitive cache-hit
3281 silly fetch manifest which-collection@^1.0.2
3282 silly packumentCache full:https://registry.npmjs.org/which-collection cache-miss
3283 http cache https://registry.npmjs.org/is-generator-function 3ms (cache hit)
3284 silly packumentCache full:https://registry.npmjs.org/is-generator-function set size:44643 disposed:false
3285 http cache https://registry.npmjs.org/which-collection 3ms (cache hit)
3286 silly packumentCache full:https://registry.npmjs.org/which-collection set size:13607 disposed:false
3287 http cache https://registry.npmjs.org/is-async-function 4ms (cache hit)
3288 silly packumentCache full:https://registry.npmjs.org/is-async-function set size:51614 disposed:false
3289 http cache https://registry.npmjs.org/is-finalizationregistry 5ms (cache hit)
3290 silly packumentCache full:https://registry.npmjs.org/is-finalizationregistry set size:19800 disposed:false
3291 silly placeDep ROOT has-bigints@1.1.0 OK for: unbox-primitive@1.1.0 want: ^1.0.2
3292 silly placeDep ROOT which-boxed-primitive@1.1.1 OK for: unbox-primitive@1.1.0 want: ^1.1.1
3293 silly fetch manifest is-bigint@^1.1.0
3294 silly packumentCache full:https://registry.npmjs.org/is-bigint cache-miss
3295 silly fetch manifest is-boolean-object@^1.2.1
3296 silly packumentCache full:https://registry.npmjs.org/is-boolean-object cache-miss
3297 silly fetch manifest is-number-object@^1.1.1
3298 silly packumentCache full:https://registry.npmjs.org/is-number-object cache-miss
3299 http cache https://registry.npmjs.org/is-boolean-object 2ms (cache hit)
3300 silly packumentCache full:https://registry.npmjs.org/is-boolean-object set size:31341 disposed:false
3301 http cache https://registry.npmjs.org/is-number-object 2ms (cache hit)
3302 silly packumentCache full:https://registry.npmjs.org/is-number-object set size:31189 disposed:false
3303 http cache https://registry.npmjs.org/is-bigint 3ms (cache hit)
3304 silly packumentCache full:https://registry.npmjs.org/is-bigint set size:20283 disposed:false
3305 silly placeDep ROOT @unrs/resolver-binding-android-arm-eabi@1.11.1 OK for: unrs-resolver@1.11.1 want: 1.11.1
3306 silly placeDep ROOT @unrs/resolver-binding-android-arm64@1.11.1 OK for: unrs-resolver@1.11.1 want: 1.11.1
3307 silly placeDep ROOT @unrs/resolver-binding-darwin-arm64@1.11.1 OK for: unrs-resolver@1.11.1 want: 1.11.1
3308 silly placeDep ROOT @unrs/resolver-binding-darwin-x64@1.11.1 OK for: unrs-resolver@1.11.1 want: 1.11.1
3309 silly placeDep ROOT @unrs/resolver-binding-freebsd-x64@1.11.1 OK for: unrs-resolver@1.11.1 want: 1.11.1
3310 silly placeDep ROOT @unrs/resolver-binding-linux-arm-gnueabihf@1.11.1 OK for: unrs-resolver@1.11.1 want: 1.11.1
3311 silly placeDep ROOT @unrs/resolver-binding-linux-arm-musleabihf@1.11.1 OK for: unrs-resolver@1.11.1 want: 1.11.1
3312 silly placeDep ROOT @unrs/resolver-binding-linux-arm64-gnu@1.11.1 OK for: unrs-resolver@1.11.1 want: 1.11.1
3313 silly placeDep ROOT @unrs/resolver-binding-linux-arm64-musl@1.11.1 OK for: unrs-resolver@1.11.1 want: 1.11.1
3314 silly placeDep ROOT @unrs/resolver-binding-linux-ppc64-gnu@1.11.1 OK for: unrs-resolver@1.11.1 want: 1.11.1
3315 silly placeDep ROOT @unrs/resolver-binding-linux-riscv64-gnu@1.11.1 OK for: unrs-resolver@1.11.1 want: 1.11.1
3316 silly placeDep ROOT @unrs/resolver-binding-linux-riscv64-musl@1.11.1 OK for: unrs-resolver@1.11.1 want: 1.11.1
3317 silly placeDep ROOT @unrs/resolver-binding-linux-s390x-gnu@1.11.1 OK for: unrs-resolver@1.11.1 want: 1.11.1
3318 silly placeDep ROOT @unrs/resolver-binding-linux-x64-gnu@1.11.1 OK for: unrs-resolver@1.11.1 want: 1.11.1
3319 silly placeDep ROOT @unrs/resolver-binding-linux-x64-musl@1.11.1 OK for: unrs-resolver@1.11.1 want: 1.11.1
3320 silly placeDep ROOT @unrs/resolver-binding-wasm32-wasi@1.11.1 OK for: unrs-resolver@1.11.1 want: 1.11.1
3321 silly placeDep ROOT @unrs/resolver-binding-win32-arm64-msvc@1.11.1 OK for: unrs-resolver@1.11.1 want: 1.11.1
3322 silly placeDep ROOT @unrs/resolver-binding-win32-ia32-msvc@1.11.1 OK for: unrs-resolver@1.11.1 want: 1.11.1
3323 silly placeDep ROOT @unrs/resolver-binding-win32-x64-msvc@1.11.1 OK for: unrs-resolver@1.11.1 want: 1.11.1
3324 silly placeDep ROOT napi-postinstall@0.3.4 OK for: unrs-resolver@1.11.1 want: ^0.3.0
3325 silly fetch manifest @napi-rs/wasm-runtime@^0.2.11
3326 silly packumentCache full:https://registry.npmjs.org/@napi-rs%2fwasm-runtime cache-miss
3327 http cache https://registry.npmjs.org/@napi-rs%2fwasm-runtime 2ms (cache hit)
3328 silly packumentCache full:https://registry.npmjs.org/@napi-rs%2fwasm-runtime set size:63456 disposed:false
3329 silly placeDep ROOT @napi-rs/wasm-runtime@0.2.12 OK for: @unrs/resolver-binding-wasm32-wasi@1.11.1 want: ^0.2.11
3330 silly fetch manifest @emnapi/core@^1.4.3
3331 silly packumentCache full:https://registry.npmjs.org/@emnapi%2fcore cache-miss
3332 silly fetch manifest @tybys/wasm-util@^0.10.0
3333 silly packumentCache full:https://registry.npmjs.org/@tybys%2fwasm-util cache-miss
3334 http cache https://registry.npmjs.org/@emnapi%2fcore 3ms (cache hit)
3335 silly packumentCache full:https://registry.npmjs.org/@emnapi%2fcore set size:96861 disposed:false
3336 http cache https://registry.npmjs.org/@tybys%2fwasm-util 2ms (cache hit)
3337 silly packumentCache full:https://registry.npmjs.org/@tybys%2fwasm-util set size:55410 disposed:false
3338 silly placeDep ROOT @emnapi/core@1.8.1 OK for: @napi-rs/wasm-runtime@0.2.12 want: ^1.4.3
3339 silly placeDep ROOT @tybys/wasm-util@0.10.1 OK for: @napi-rs/wasm-runtime@0.2.12 want: ^0.10.0
3340 silly fetch manifest @emnapi/wasi-threads@1.1.0
3341 silly packumentCache full:https://registry.npmjs.org/@emnapi%2fwasi-threads cache-miss
3342 http cache https://registry.npmjs.org/@emnapi%2fwasi-threads 2ms (cache hit)
3343 silly packumentCache full:https://registry.npmjs.org/@emnapi%2fwasi-threads set size:19454 disposed:false
3344 silly placeDep ROOT @emnapi/wasi-threads@1.1.0 OK for: @emnapi/core@1.8.1 want: 1.1.0
3345 silly placeDep ROOT escalade@3.2.0 OK for: update-browserslist-db@1.2.3 want: ^3.2.0
3346 silly fetch manifest punycode@^2.1.0
3347 silly packumentCache full:https://registry.npmjs.org/punycode cache-miss
3348 http cache https://registry.npmjs.org/punycode 2ms (cache hit)
3349 silly packumentCache full:https://registry.npmjs.org/punycode set size:61302 disposed:false
3350 silly placeDep ROOT punycode@2.3.1 OK for: uri-js@4.4.1 want: ^2.1.0
3351 silly placeDep ROOT esbuild@0.27.3 OK for: vite@7.3.1 want: ^0.27.0
3352 silly placeDep node_modules/vite fdir@6.5.0 OK for: vite@7.3.1 want: ^6.5.0
3353 silly placeDep node_modules/vite picomatch@4.0.3 OK for: fdir@6.5.0 want: ^3 || ^4
3354 silly placeDep ROOT fsevents@2.3.3 OK for: vite@7.3.1 want: ~2.3.3
3355 silly placeDep ROOT rollup@4.59.0 OK for: vite@7.3.1 want: ^4.43.0
3356 silly fetch manifest @esbuild/aix-ppc64@0.27.3
3357 silly packumentCache full:https://registry.npmjs.org/@esbuild%2faix-ppc64 cache-miss
3358 silly fetch manifest @esbuild/android-arm@0.27.3
3359 silly packumentCache full:https://registry.npmjs.org/@esbuild%2fandroid-arm cache-miss
3360 silly fetch manifest @esbuild/android-arm64@0.27.3
3361 silly packumentCache full:https://registry.npmjs.org/@esbuild%2fandroid-arm64 cache-miss
3362 silly fetch manifest @esbuild/android-x64@0.27.3
3363 silly packumentCache full:https://registry.npmjs.org/@esbuild%2fandroid-x64 cache-miss
3364 silly fetch manifest @esbuild/darwin-arm64@0.27.3
3365 silly packumentCache full:https://registry.npmjs.org/@esbuild%2fdarwin-arm64 cache-miss
3366 silly fetch manifest @esbuild/darwin-x64@0.27.3
3367 silly packumentCache full:https://registry.npmjs.org/@esbuild%2fdarwin-x64 cache-miss
3368 silly fetch manifest @esbuild/freebsd-arm64@0.27.3
3369 silly packumentCache full:https://registry.npmjs.org/@esbuild%2ffreebsd-arm64 cache-miss
3370 http cache https://registry.npmjs.org/@esbuild%2faix-ppc64 4ms (cache hit)
3371 silly packumentCache full:https://registry.npmjs.org/@esbuild%2faix-ppc64 set size:56029 disposed:false
3372 silly fetch manifest @esbuild/freebsd-x64@0.27.3
3373 silly packumentCache full:https://registry.npmjs.org/@esbuild%2ffreebsd-x64 cache-miss
3374 http cache https://registry.npmjs.org/@esbuild%2fdarwin-arm64 5ms (cache hit)
3375 silly packumentCache full:https://registry.npmjs.org/@esbuild%2fdarwin-arm64 set size:189596 disposed:false
3376 silly fetch manifest @esbuild/linux-arm@0.27.3
3377 silly packumentCache full:https://registry.npmjs.org/@esbuild%2flinux-arm cache-miss
3378 http cache https://registry.npmjs.org/@esbuild%2fandroid-arm 7ms (cache hit)
3379 silly packumentCache full:https://registry.npmjs.org/@esbuild%2fandroid-arm set size:213504 disposed:false
3380 silly fetch manifest @esbuild/linux-arm64@0.27.3
3381 silly packumentCache full:https://registry.npmjs.org/@esbuild%2flinux-arm64 cache-miss
3382 http cache https://registry.npmjs.org/@esbuild%2fandroid-x64 9ms (cache hit)
3383 silly packumentCache full:https://registry.npmjs.org/@esbuild%2fandroid-x64 set size:187307 disposed:false
3384 silly fetch manifest @esbuild/linux-ia32@0.27.3
3385 silly packumentCache full:https://registry.npmjs.org/@esbuild%2flinux-ia32 cache-miss
3386 http cache https://registry.npmjs.org/@esbuild%2ffreebsd-arm64 9ms (cache hit)
3387 silly packumentCache full:https://registry.npmjs.org/@esbuild%2ffreebsd-arm64 set size:190447 disposed:false
3388 silly fetch manifest @esbuild/linux-loong64@0.27.3
3389 silly packumentCache full:https://registry.npmjs.org/@esbuild%2flinux-loong64 cache-miss
3390 http cache https://registry.npmjs.org/@esbuild%2fdarwin-x64 11ms (cache hit)
3391 silly packumentCache full:https://registry.npmjs.org/@esbuild%2fdarwin-x64 set size:187924 disposed:false
3392 silly fetch manifest @esbuild/linux-mips64el@0.27.3
3393 silly packumentCache full:https://registry.npmjs.org/@esbuild%2flinux-mips64el cache-miss
3394 http cache https://registry.npmjs.org/@esbuild%2fandroid-arm64 12ms (cache hit)
3395 silly packumentCache full:https://registry.npmjs.org/@esbuild%2fandroid-arm64 set size:192279 disposed:false
3396 silly fetch manifest @esbuild/linux-ppc64@0.27.3
3397 silly packumentCache full:https://registry.npmjs.org/@esbuild%2flinux-ppc64 cache-miss
3398 http cache https://registry.npmjs.org/@esbuild%2flinux-ia32 8ms (cache hit)
3399 silly packumentCache full:https://registry.npmjs.org/@esbuild%2flinux-ia32 set size:187877 disposed:false
3400 silly fetch manifest @esbuild/linux-riscv64@0.27.3
3401 silly packumentCache full:https://registry.npmjs.org/@esbuild%2flinux-riscv64 cache-miss
3402 http cache https://registry.npmjs.org/@esbuild%2flinux-mips64el 6ms (cache hit)
3403 silly packumentCache full:https://registry.npmjs.org/@esbuild%2flinux-mips64el set size:192558 disposed:false
3404 silly fetch manifest @esbuild/linux-s390x@0.27.3
3405 silly packumentCache full:https://registry.npmjs.org/@esbuild%2flinux-s390x cache-miss
3406 http cache https://registry.npmjs.org/@esbuild%2ffreebsd-x64 15ms (cache hit)
3407 silly packumentCache full:https://registry.npmjs.org/@esbuild%2ffreebsd-x64 set size:188756 disposed:false
3408 silly fetch manifest @esbuild/linux-x64@0.27.3
3409 silly packumentCache full:https://registry.npmjs.org/@esbuild%2flinux-x64 cache-miss
3410 http cache https://registry.npmjs.org/@esbuild%2flinux-arm 14ms (cache hit)
3411 silly packumentCache full:https://registry.npmjs.org/@esbuild%2flinux-arm set size:186917 disposed:false
3412 silly fetch manifest @esbuild/netbsd-arm64@0.27.3
3413 silly packumentCache full:https://registry.npmjs.org/@esbuild%2fnetbsd-arm64 cache-miss
3414 http cache https://registry.npmjs.org/@esbuild%2flinux-loong64 11ms (cache hit)
3415 silly packumentCache full:https://registry.npmjs.org/@esbuild%2flinux-loong64 set size:243782 disposed:false
3416 silly fetch manifest @esbuild/netbsd-x64@0.27.3
3417 silly packumentCache full:https://registry.npmjs.org/@esbuild%2fnetbsd-x64 cache-miss
3418 http cache https://registry.npmjs.org/@esbuild%2flinux-arm64 16ms (cache hit)
3419 silly packumentCache full:https://registry.npmjs.org/@esbuild%2flinux-arm64 set size:188948 disposed:false
3420 silly fetch manifest @esbuild/openbsd-arm64@0.27.3
3421 silly packumentCache full:https://registry.npmjs.org/@esbuild%2fopenbsd-arm64 cache-miss
3422 http cache https://registry.npmjs.org/@esbuild%2flinux-ppc64 12ms (cache hit)
3423 silly packumentCache full:https://registry.npmjs.org/@esbuild%2flinux-ppc64 set size:190895 disposed:false
3424 silly fetch manifest @esbuild/openbsd-x64@0.27.3
3425 silly packumentCache full:https://registry.npmjs.org/@esbuild%2fopenbsd-x64 cache-miss
3426 http cache https://registry.npmjs.org/@esbuild%2flinux-riscv64 12ms (cache hit)
3427 silly packumentCache full:https://registry.npmjs.org/@esbuild%2flinux-riscv64 set size:190569 disposed:false
3428 silly fetch manifest @esbuild/openharmony-arm64@0.27.3
3429 silly packumentCache full:https://registry.npmjs.org/@esbuild%2fopenharmony-arm64 cache-miss
3430 http cache https://registry.npmjs.org/@esbuild%2flinux-s390x 12ms (cache hit)
3431 silly packumentCache full:https://registry.npmjs.org/@esbuild%2flinux-s390x set size:190391 disposed:false
3432 silly fetch manifest @esbuild/sunos-x64@0.27.3
3433 silly packumentCache full:https://registry.npmjs.org/@esbuild%2fsunos-x64 cache-miss
3434 http cache https://registry.npmjs.org/@esbuild%2fnetbsd-x64 9ms (cache hit)
3435 silly packumentCache full:https://registry.npmjs.org/@esbuild%2fnetbsd-x64 set size:185730 disposed:false
3436 silly fetch manifest @esbuild/win32-arm64@0.27.3
3437 silly packumentCache full:https://registry.npmjs.org/@esbuild%2fwin32-arm64 cache-miss
3438 http cache https://registry.npmjs.org/@esbuild%2flinux-x64 13ms (cache hit)
3439 silly packumentCache full:https://registry.npmjs.org/@esbuild%2flinux-x64 set size:187244 disposed:false
3440 silly fetch manifest @esbuild/win32-ia32@0.27.3
3441 silly packumentCache full:https://registry.npmjs.org/@esbuild%2fwin32-ia32 cache-miss
3442 http cache https://registry.npmjs.org/@esbuild%2fnetbsd-arm64 13ms (cache hit)
3443 silly packumentCache full:https://registry.npmjs.org/@esbuild%2fnetbsd-arm64 set size:32428 disposed:false
3444 silly fetch manifest @esbuild/win32-x64@0.27.3
3445 silly packumentCache full:https://registry.npmjs.org/@esbuild%2fwin32-x64 cache-miss
3446 http cache https://registry.npmjs.org/@esbuild%2fopenbsd-arm64 10ms (cache hit)
3447 silly packumentCache full:https://registry.npmjs.org/@esbuild%2fopenbsd-arm64 set size:37704 disposed:false
3448 silly fetch manifest @rollup/rollup-darwin-arm64@4.59.0
3449 silly packumentCache full:https://registry.npmjs.org/@rollup%2frollup-darwin-arm64 cache-miss
3450 http cache https://registry.npmjs.org/@esbuild%2fopenbsd-x64 10ms (cache hit)
3451 silly packumentCache full:https://registry.npmjs.org/@esbuild%2fopenbsd-x64 set size:188762 disposed:false
3452 silly fetch manifest @rollup/rollup-android-arm64@4.59.0
3453 silly packumentCache full:https://registry.npmjs.org/@rollup%2frollup-android-arm64 cache-miss
3454 http cache https://registry.npmjs.org/@esbuild%2fwin32-arm64 10ms (cache hit)
3455 silly packumentCache full:https://registry.npmjs.org/@esbuild%2fwin32-arm64 set size:189169 disposed:false
3456 silly fetch manifest @rollup/rollup-win32-arm64-msvc@4.59.0
3457 silly packumentCache full:https://registry.npmjs.org/@rollup%2frollup-win32-arm64-msvc cache-miss
3458 http cache https://registry.npmjs.org/@esbuild%2fwin32-x64 10ms (cache hit)
3459 silly packumentCache full:https://registry.npmjs.org/@esbuild%2fwin32-x64 set size:187476 disposed:false
3460 silly fetch manifest @rollup/rollup-freebsd-arm64@4.59.0
3461 silly packumentCache full:https://registry.npmjs.org/@rollup%2frollup-freebsd-arm64 cache-miss
3462 http cache https://registry.npmjs.org/@esbuild%2fwin32-ia32 12ms (cache hit)
3463 silly packumentCache full:https://registry.npmjs.org/@esbuild%2fwin32-ia32 set size:188094 disposed:false
3464 silly fetch manifest @rollup/rollup-linux-arm64-gnu@4.59.0
3465 silly packumentCache full:https://registry.npmjs.org/@rollup%2frollup-linux-arm64-gnu cache-miss
3466 http cache https://registry.npmjs.org/@esbuild%2fsunos-x64 15ms (cache hit)
3467 silly packumentCache full:https://registry.npmjs.org/@esbuild%2fsunos-x64 set size:187474 disposed:false
3468 silly fetch manifest @rollup/rollup-linux-arm64-musl@4.59.0
3469 silly packumentCache full:https://registry.npmjs.org/@rollup%2frollup-linux-arm64-musl cache-miss
3470 http cache https://registry.npmjs.org/@esbuild%2fopenharmony-arm64 17ms (cache hit)
3471 silly packumentCache full:https://registry.npmjs.org/@esbuild%2fopenharmony-arm64 set size:21007 disposed:false
3472 silly fetch manifest @rollup/rollup-android-arm-eabi@4.59.0
3473 silly packumentCache full:https://registry.npmjs.org/@rollup%2frollup-android-arm-eabi cache-miss
3474 http cache https://registry.npmjs.org/@rollup%2frollup-android-arm64 12ms (cache hit)
3475 silly packumentCache full:https://registry.npmjs.org/@rollup%2frollup-android-arm64 set size:328041 disposed:false
3476 silly fetch manifest @rollup/rollup-linux-arm-gnueabihf@4.59.0
3477 silly packumentCache full:https://registry.npmjs.org/@rollup%2frollup-linux-arm-gnueabihf cache-miss
3478 http cache https://registry.npmjs.org/@rollup%2frollup-darwin-arm64 15ms (cache hit)
3479 silly packumentCache full:https://registry.npmjs.org/@rollup%2frollup-darwin-arm64 set size:326593 disposed:false
3480 silly fetch manifest @rollup/rollup-linux-arm-musleabihf@4.59.0
3481 silly packumentCache full:https://registry.npmjs.org/@rollup%2frollup-linux-arm-musleabihf cache-miss
3482 http cache https://registry.npmjs.org/@rollup%2frollup-win32-arm64-msvc 13ms (cache hit)
3483 silly packumentCache full:https://registry.npmjs.org/@rollup%2frollup-win32-arm64-msvc set size:331325 disposed:false
3484 silly fetch manifest @rollup/rollup-win32-ia32-msvc@4.59.0
3485 silly packumentCache full:https://registry.npmjs.org/@rollup%2frollup-win32-ia32-msvc cache-miss
3486 http cache https://registry.npmjs.org/@rollup%2frollup-linux-arm64-gnu 12ms (cache hit)
3487 silly packumentCache full:https://registry.npmjs.org/@rollup%2frollup-linux-arm64-gnu set size:333515 disposed:false
3488 silly fetch manifest @rollup/rollup-linux-loong64-gnu@4.59.0
3489 silly packumentCache full:https://registry.npmjs.org/@rollup%2frollup-linux-loong64-gnu cache-miss
3490 http cache https://registry.npmjs.org/@rollup%2frollup-linux-arm64-musl 13ms (cache hit)
3491 silly packumentCache full:https://registry.npmjs.org/@rollup%2frollup-linux-arm64-musl set size:288863 disposed:false
3492 silly fetch manifest @rollup/rollup-linux-loong64-musl@4.59.0
3493 silly packumentCache full:https://registry.npmjs.org/@rollup%2frollup-linux-loong64-musl cache-miss
3494 http cache https://registry.npmjs.org/@rollup%2frollup-android-arm-eabi 15ms (cache hit)
3495 silly packumentCache full:https://registry.npmjs.org/@rollup%2frollup-android-arm-eabi set size:331331 disposed:false
3496 silly fetch manifest @rollup/rollup-linux-riscv64-gnu@4.59.0
3497 silly packumentCache full:https://registry.npmjs.org/@rollup%2frollup-linux-riscv64-gnu cache-miss
3498 http cache https://registry.npmjs.org/@rollup%2frollup-freebsd-arm64 19ms (cache hit)
3499 silly packumentCache full:https://registry.npmjs.org/@rollup%2frollup-freebsd-arm64 set size:176248 disposed:false
3500 silly fetch manifest @rollup/rollup-linux-riscv64-musl@4.59.0
3501 silly packumentCache full:https://registry.npmjs.org/@rollup%2frollup-linux-riscv64-musl cache-miss
3502 http cache https://registry.npmjs.org/@rollup%2frollup-linux-arm-gnueabihf 15ms (cache hit)
3503 silly packumentCache full:https://registry.npmjs.org/@rollup%2frollup-linux-arm-gnueabihf set size:336850 disposed:false
3504 silly fetch manifest @rollup/rollup-linux-ppc64-gnu@4.59.0
3505 silly packumentCache full:https://registry.npmjs.org/@rollup%2frollup-linux-ppc64-gnu cache-miss
3506 http cache https://registry.npmjs.org/@rollup%2frollup-linux-arm-musleabihf 15ms (cache hit)
3507 silly packumentCache full:https://registry.npmjs.org/@rollup%2frollup-linux-arm-musleabihf set size:230992 disposed:false
3508 silly fetch manifest @rollup/rollup-linux-ppc64-musl@4.59.0
3509 silly packumentCache full:https://registry.npmjs.org/@rollup%2frollup-linux-ppc64-musl cache-miss
3510 http cache https://registry.npmjs.org/@rollup%2frollup-linux-riscv64-gnu 9ms (cache hit)
3511 silly packumentCache full:https://registry.npmjs.org/@rollup%2frollup-linux-riscv64-gnu set size:259562 disposed:false
3512 silly fetch manifest @rollup/rollup-linux-s390x-gnu@4.59.0
3513 silly packumentCache full:https://registry.npmjs.org/@rollup%2frollup-linux-s390x-gnu cache-miss
3514 http cache https://registry.npmjs.org/@rollup%2frollup-win32-ia32-msvc 16ms (cache hit)
3515 silly packumentCache full:https://registry.npmjs.org/@rollup%2frollup-win32-ia32-msvc set size:329889 disposed:false
3516 silly fetch manifest @rollup/rollup-darwin-x64@4.59.0
3517 silly packumentCache full:https://registry.npmjs.org/@rollup%2frollup-darwin-x64 cache-miss
3518 http cache https://registry.npmjs.org/@rollup%2frollup-linux-loong64-gnu 15ms (cache hit)
3519 silly packumentCache full:https://registry.npmjs.org/@rollup%2frollup-linux-loong64-gnu set size:57876 disposed:false
3520 silly fetch manifest @rollup/rollup-win32-x64-gnu@4.59.0
3521 silly packumentCache full:https://registry.npmjs.org/@rollup%2frollup-win32-x64-gnu cache-miss
3522 http cache https://registry.npmjs.org/@rollup%2frollup-linux-loong64-musl 15ms (cache hit)
3523 silly packumentCache full:https://registry.npmjs.org/@rollup%2frollup-linux-loong64-musl set size:19845 disposed:false
3524 silly fetch manifest @rollup/rollup-win32-x64-msvc@4.59.0
3525 silly packumentCache full:https://registry.npmjs.org/@rollup%2frollup-win32-x64-msvc cache-miss
3526 http cache https://registry.npmjs.org/@rollup%2frollup-linux-riscv64-musl 12ms (cache hit)
3527 silly packumentCache full:https://registry.npmjs.org/@rollup%2frollup-linux-riscv64-musl set size:105510 disposed:false
3528 silly fetch manifest @rollup/rollup-freebsd-x64@4.59.0
3529 silly packumentCache full:https://registry.npmjs.org/@rollup%2frollup-freebsd-x64 cache-miss
3530 http cache https://registry.npmjs.org/@rollup%2frollup-linux-ppc64-musl 10ms (cache hit)
3531 silly packumentCache full:https://registry.npmjs.org/@rollup%2frollup-linux-ppc64-musl set size:19680 disposed:false
3532 silly fetch manifest @rollup/rollup-linux-x64-gnu@4.59.0
3533 silly packumentCache full:https://registry.npmjs.org/@rollup%2frollup-linux-x64-gnu cache-miss
3534 http cache https://registry.npmjs.org/@rollup%2frollup-linux-ppc64-gnu 12ms (cache hit)
3535 silly packumentCache full:https://registry.npmjs.org/@rollup%2frollup-linux-ppc64-gnu set size:78190 disposed:false
3536 silly fetch manifest @rollup/rollup-linux-x64-musl@4.59.0
3537 silly packumentCache full:https://registry.npmjs.org/@rollup%2frollup-linux-x64-musl cache-miss
3538 http cache https://registry.npmjs.org/@rollup%2frollup-linux-s390x-gnu 9ms (cache hit)
3539 silly packumentCache full:https://registry.npmjs.org/@rollup%2frollup-linux-s390x-gnu set size:233358 disposed:false
3540 silly fetch manifest @rollup/rollup-openbsd-x64@4.59.0
3541 silly packumentCache full:https://registry.npmjs.org/@rollup%2frollup-openbsd-x64 cache-miss
3542 http cache https://registry.npmjs.org/@rollup%2frollup-win32-x64-msvc 7ms (cache hit)
3543 silly packumentCache full:https://registry.npmjs.org/@rollup%2frollup-win32-x64-msvc set size:326588 disposed:false
3544 silly fetch manifest @rollup/rollup-openharmony-arm64@4.59.0
3545 silly packumentCache full:https://registry.npmjs.org/@rollup%2frollup-openharmony-arm64 cache-miss
3546 http cache https://registry.npmjs.org/@rollup%2frollup-win32-x64-gnu 9ms (cache hit)
3547 silly packumentCache full:https://registry.npmjs.org/@rollup%2frollup-win32-x64-gnu set size:49709 disposed:false
3548 http cache https://registry.npmjs.org/@rollup%2frollup-darwin-x64 11ms (cache hit)
3549 silly packumentCache full:https://registry.npmjs.org/@rollup%2frollup-darwin-x64 set size:321884 disposed:false
3550 http cache https://registry.npmjs.org/@rollup%2frollup-freebsd-x64 10ms (cache hit)
3551 silly packumentCache full:https://registry.npmjs.org/@rollup%2frollup-freebsd-x64 set size:174438 disposed:false
3552 http cache https://registry.npmjs.org/@rollup%2frollup-linux-x64-gnu 12ms (cache hit)
3553 silly packumentCache full:https://registry.npmjs.org/@rollup%2frollup-linux-x64-gnu set size:328744 disposed:false
3554 http cache https://registry.npmjs.org/@rollup%2frollup-linux-x64-musl 13ms (cache hit)
3555 silly packumentCache full:https://registry.npmjs.org/@rollup%2frollup-linux-x64-musl set size:328061 disposed:false
3556 http cache https://registry.npmjs.org/@rollup%2frollup-openbsd-x64 11ms (cache hit)
3557 silly packumentCache full:https://registry.npmjs.org/@rollup%2frollup-openbsd-x64 set size:19171 disposed:false
3558 http cache https://registry.npmjs.org/@rollup%2frollup-openharmony-arm64 9ms (cache hit)
3559 silly packumentCache full:https://registry.npmjs.org/@rollup%2frollup-openharmony-arm64 set size:58833 disposed:false
3560 silly placeDep ROOT @esbuild/aix-ppc64@0.27.3 OK for: esbuild@0.27.3 want: 0.27.3
3561 silly placeDep ROOT @esbuild/android-arm@0.27.3 OK for: esbuild@0.27.3 want: 0.27.3
3562 silly placeDep ROOT @esbuild/android-arm64@0.27.3 OK for: esbuild@0.27.3 want: 0.27.3
3563 silly placeDep ROOT @esbuild/android-x64@0.27.3 OK for: esbuild@0.27.3 want: 0.27.3
3564 silly placeDep ROOT @esbuild/darwin-arm64@0.27.3 OK for: esbuild@0.27.3 want: 0.27.3
3565 silly placeDep ROOT @esbuild/darwin-x64@0.27.3 OK for: esbuild@0.27.3 want: 0.27.3
3566 silly placeDep ROOT @esbuild/freebsd-arm64@0.27.3 OK for: esbuild@0.27.3 want: 0.27.3
3567 silly placeDep ROOT @esbuild/freebsd-x64@0.27.3 OK for: esbuild@0.27.3 want: 0.27.3
3568 silly placeDep ROOT @esbuild/linux-arm@0.27.3 OK for: esbuild@0.27.3 want: 0.27.3
3569 silly placeDep ROOT @esbuild/linux-arm64@0.27.3 OK for: esbuild@0.27.3 want: 0.27.3
3570 silly placeDep ROOT @esbuild/linux-ia32@0.27.3 OK for: esbuild@0.27.3 want: 0.27.3
3571 silly placeDep ROOT @esbuild/linux-loong64@0.27.3 OK for: esbuild@0.27.3 want: 0.27.3
3572 silly placeDep ROOT @esbuild/linux-mips64el@0.27.3 OK for: esbuild@0.27.3 want: 0.27.3
3573 silly placeDep ROOT @esbuild/linux-ppc64@0.27.3 OK for: esbuild@0.27.3 want: 0.27.3
3574 silly placeDep ROOT @esbuild/linux-riscv64@0.27.3 OK for: esbuild@0.27.3 want: 0.27.3
3575 silly placeDep ROOT @esbuild/linux-s390x@0.27.3 OK for: esbuild@0.27.3 want: 0.27.3
3576 silly placeDep ROOT @esbuild/linux-x64@0.27.3 OK for: esbuild@0.27.3 want: 0.27.3
3577 silly placeDep ROOT @esbuild/netbsd-arm64@0.27.3 OK for: esbuild@0.27.3 want: 0.27.3
3578 silly placeDep ROOT @esbuild/netbsd-x64@0.27.3 OK for: esbuild@0.27.3 want: 0.27.3
3579 silly placeDep ROOT @esbuild/openbsd-arm64@0.27.3 OK for: esbuild@0.27.3 want: 0.27.3
3580 silly placeDep ROOT @esbuild/openbsd-x64@0.27.3 OK for: esbuild@0.27.3 want: 0.27.3
3581 silly placeDep ROOT @esbuild/openharmony-arm64@0.27.3 OK for: esbuild@0.27.3 want: 0.27.3
3582 silly placeDep ROOT @esbuild/sunos-x64@0.27.3 OK for: esbuild@0.27.3 want: 0.27.3
3583 silly placeDep ROOT @esbuild/win32-arm64@0.27.3 OK for: esbuild@0.27.3 want: 0.27.3
3584 silly placeDep ROOT @esbuild/win32-ia32@0.27.3 OK for: esbuild@0.27.3 want: 0.27.3
3585 silly placeDep ROOT @esbuild/win32-x64@0.27.3 OK for: esbuild@0.27.3 want: 0.27.3
3586 silly placeDep ROOT @rollup/rollup-android-arm-eabi@4.59.0 OK for: rollup@4.59.0 want: 4.59.0
3587 silly placeDep ROOT @rollup/rollup-android-arm64@4.59.0 OK for: rollup@4.59.0 want: 4.59.0
3588 silly placeDep ROOT @rollup/rollup-darwin-arm64@4.59.0 OK for: rollup@4.59.0 want: 4.59.0
3589 silly placeDep ROOT @rollup/rollup-darwin-x64@4.59.0 OK for: rollup@4.59.0 want: 4.59.0
3590 silly placeDep ROOT @rollup/rollup-freebsd-arm64@4.59.0 OK for: rollup@4.59.0 want: 4.59.0
3591 silly placeDep ROOT @rollup/rollup-freebsd-x64@4.59.0 OK for: rollup@4.59.0 want: 4.59.0
3592 silly placeDep ROOT @rollup/rollup-linux-arm-gnueabihf@4.59.0 OK for: rollup@4.59.0 want: 4.59.0
3593 silly placeDep ROOT @rollup/rollup-linux-arm-musleabihf@4.59.0 OK for: rollup@4.59.0 want: 4.59.0
3594 silly placeDep ROOT @rollup/rollup-linux-arm64-gnu@4.59.0 OK for: rollup@4.59.0 want: 4.59.0
3595 silly placeDep ROOT @rollup/rollup-linux-arm64-musl@4.59.0 OK for: rollup@4.59.0 want: 4.59.0
3596 silly placeDep ROOT @rollup/rollup-linux-loong64-gnu@4.59.0 OK for: rollup@4.59.0 want: 4.59.0
3597 silly placeDep ROOT @rollup/rollup-linux-loong64-musl@4.59.0 OK for: rollup@4.59.0 want: 4.59.0
3598 silly placeDep ROOT @rollup/rollup-linux-ppc64-gnu@4.59.0 OK for: rollup@4.59.0 want: 4.59.0
3599 silly placeDep ROOT @rollup/rollup-linux-ppc64-musl@4.59.0 OK for: rollup@4.59.0 want: 4.59.0
3600 silly placeDep ROOT @rollup/rollup-linux-riscv64-gnu@4.59.0 OK for: rollup@4.59.0 want: 4.59.0
3601 silly placeDep ROOT @rollup/rollup-linux-riscv64-musl@4.59.0 OK for: rollup@4.59.0 want: 4.59.0
3602 silly placeDep ROOT @rollup/rollup-linux-s390x-gnu@4.59.0 OK for: rollup@4.59.0 want: 4.59.0
3603 silly placeDep ROOT @rollup/rollup-linux-x64-gnu@4.59.0 OK for: rollup@4.59.0 want: 4.59.0
3604 silly placeDep ROOT @rollup/rollup-linux-x64-musl@4.59.0 OK for: rollup@4.59.0 want: 4.59.0
3605 silly placeDep ROOT @rollup/rollup-openbsd-x64@4.59.0 OK for: rollup@4.59.0 want: 4.59.0
3606 silly placeDep ROOT @rollup/rollup-openharmony-arm64@4.59.0 OK for: rollup@4.59.0 want: 4.59.0
3607 silly placeDep ROOT @rollup/rollup-win32-arm64-msvc@4.59.0 OK for: rollup@4.59.0 want: 4.59.0
3608 silly placeDep ROOT @rollup/rollup-win32-ia32-msvc@4.59.0 OK for: rollup@4.59.0 want: 4.59.0
3609 silly placeDep ROOT @rollup/rollup-win32-x64-gnu@4.59.0 OK for: rollup@4.59.0 want: 4.59.0
3610 silly placeDep ROOT @rollup/rollup-win32-x64-msvc@4.59.0 OK for: rollup@4.59.0 want: 4.59.0
3611 silly fetch manifest msw@^2.4.9
3612 silly packumentCache full:https://registry.npmjs.org/msw cache-miss
3613 http fetch GET 200 https://registry.npmjs.org/msw 289ms (cache miss)
3614 silly packumentCache full:https://registry.npmjs.org/msw set size:undefined disposed:false
3615 silly fetch manifest typescript@>= 4.8.x
3616 silly packumentCache full:https://registry.npmjs.org/typescript cache-miss
3617 http cache https://registry.npmjs.org/typescript 22ms (cache hit)
3618 silly packumentCache full:https://registry.npmjs.org/typescript set size:15310184 disposed:false
3619 silly fetch manifest vite@^5.0.0 || ^6.0.0 || ^7.0.0-0
3620 silly packumentCache full:https://registry.npmjs.org/vite cache-miss
3621 http cache https://registry.npmjs.org/vite 64ms (cache hit)
3622 silly packumentCache full:https://registry.npmjs.org/vite set size:38733997 disposed:false
3623 silly fetch manifest @types/node@^18.0.0 || ^20.0.0 || >=22.0.0
3624 silly packumentCache full:https://registry.npmjs.org/@types%2fnode cache-miss
3625 http cache https://registry.npmjs.org/@types%2fnode 20ms (cache hit)
3626 silly packumentCache full:https://registry.npmjs.org/@types%2fnode set size:10900244 disposed:false
3627 silly fetch manifest postcss@^8.3.3
3628 silly packumentCache full:https://registry.npmjs.org/postcss cache-hit
3629 silly placeDep ROOT @types/chai@5.2.3 OK for: vitest@3.2.4 want: ^5.2.2
3630 silly placeDep ROOT @vitest/expect@3.2.4 OK for: vitest@3.2.4 want: 3.2.4
3631 silly placeDep ROOT @vitest/mocker@3.2.4 OK for: vitest@3.2.4 want: 3.2.4
3632 silly placeDep ROOT @vitest/pretty-format@3.2.4 OK for: vitest@3.2.4 want: ^3.2.4
3633 silly placeDep ROOT @vitest/runner@3.2.4 OK for: vitest@3.2.4 want: 3.2.4
3634 silly placeDep ROOT @vitest/snapshot@3.2.4 OK for: vitest@3.2.4 want: 3.2.4
3635 silly placeDep ROOT @vitest/spy@3.2.4 OK for: vitest@3.2.4 want: 3.2.4
3636 silly placeDep ROOT @vitest/utils@3.2.4 OK for: vitest@3.2.4 want: 3.2.4
3637 silly placeDep ROOT chai@5.3.3 OK for: vitest@3.2.4 want: ^5.2.0
3638 silly placeDep ROOT expect-type@1.3.0 OK for: vitest@3.2.4 want: ^1.2.1
3639 silly placeDep ROOT pathe@2.0.3 OK for: vitest@3.2.4 want: ^2.0.3
3640 silly placeDep node_modules/vitest picomatch@4.0.3 OK for: vitest@3.2.4 want: ^4.0.2
3641 silly placeDep ROOT std-env@3.10.0 OK for: vitest@3.2.4 want: ^3.9.0
3642 silly placeDep ROOT tinybench@2.9.0 OK for: vitest@3.2.4 want: ^2.9.0
3643 silly placeDep ROOT tinyexec@0.3.2 OK for: vitest@3.2.4 want: ^0.3.2
3644 silly placeDep ROOT tinypool@1.1.1 OK for: vitest@3.2.4 want: ^1.1.1
3645 silly placeDep ROOT tinyrainbow@2.0.0 OK for: vitest@3.2.4 want: ^2.0.0
3646 silly placeDep ROOT vite-node@3.2.4 OK for: vitest@3.2.4 want: 3.2.4
3647 silly placeDep ROOT why-is-node-running@2.3.0 OK for: vitest@3.2.4 want: ^2.3.0
3648 silly fetch manifest @types/deep-eql@*
3649 silly packumentCache full:https://registry.npmjs.org/@types%2fdeep-eql cache-miss
3650 silly fetch manifest assertion-error@^2.0.1
3651 silly packumentCache full:https://registry.npmjs.org/assertion-error cache-miss
3652 silly fetch manifest estree-walker@^3.0.3
3653 silly packumentCache full:https://registry.npmjs.org/estree-walker cache-miss
3654 silly fetch manifest strip-literal@^3.0.0
3655 silly packumentCache full:https://registry.npmjs.org/strip-literal cache-miss
3656 silly fetch manifest tinyspy@^4.0.3
3657 silly packumentCache full:https://registry.npmjs.org/tinyspy cache-miss
3658 silly fetch manifest loupe@^3.1.4
3659 silly packumentCache full:https://registry.npmjs.org/loupe cache-miss
3660 silly fetch manifest loupe@^3.1.0
3661 silly packumentCache full:https://registry.npmjs.org/loupe cache-miss
3662 http cache https://registry.npmjs.org/estree-walker 6ms (cache hit)
3663 silly packumentCache full:https://registry.npmjs.org/estree-walker set size:60887 disposed:false
3664 silly fetch manifest pathval@^2.0.0
3665 silly packumentCache full:https://registry.npmjs.org/pathval cache-miss
3666 http cache https://registry.npmjs.org/@types%2fdeep-eql 8ms (cache hit)
3667 silly packumentCache full:https://registry.npmjs.org/@types%2fdeep-eql set size:6411 disposed:false
3668 silly fetch manifest deep-eql@^5.0.1
3669 silly packumentCache full:https://registry.npmjs.org/deep-eql cache-miss
3670 http cache https://registry.npmjs.org/loupe 7ms (cache hit)
3671 silly packumentCache full:https://registry.npmjs.org/loupe set size:150836 disposed:false
3672 silly fetch manifest check-error@^2.1.1
3673 silly packumentCache full:https://registry.npmjs.org/check-error cache-miss
3674 http cache https://registry.npmjs.org/assertion-error 9ms (cache hit)
3675 silly packumentCache full:https://registry.npmjs.org/assertion-error set size:14438 disposed:false
3676 silly fetch manifest cac@^6.7.14
3677 silly packumentCache full:https://registry.npmjs.org/cac cache-miss
3678 http cache https://registry.npmjs.org/strip-literal 10ms (cache hit)
3679 silly packumentCache full:https://registry.npmjs.org/strip-literal set size:45192 disposed:false
3680 silly fetch manifest es-module-lexer@^1.7.0
3681 silly packumentCache full:https://registry.npmjs.org/es-module-lexer cache-miss
3682 http cache https://registry.npmjs.org/loupe 10ms (cache hit)
3683 silly packumentCache full:https://registry.npmjs.org/loupe set size:150836 disposed:false
3684 silly packumentCache full:https://registry.npmjs.org/loupe dispose
3685 silly fetch manifest siginfo@^2.0.0
3686 silly packumentCache full:https://registry.npmjs.org/siginfo cache-miss
3687 http cache https://registry.npmjs.org/tinyspy 11ms (cache hit)
3688 silly packumentCache full:https://registry.npmjs.org/tinyspy set size:129138 disposed:false
3689 silly fetch manifest stackback@0.0.2
3690 silly packumentCache full:https://registry.npmjs.org/stackback cache-miss
3691 http cache https://registry.npmjs.org/check-error 7ms (cache hit)
3692 silly packumentCache full:https://registry.npmjs.org/check-error set size:28618 disposed:false
3693 http cache https://registry.npmjs.org/deep-eql 10ms (cache hit)
3694 silly packumentCache full:https://registry.npmjs.org/deep-eql set size:73324 disposed:false
3695 http cache https://registry.npmjs.org/cac 8ms (cache hit)
3696 silly packumentCache full:https://registry.npmjs.org/cac set size:375942 disposed:false
3697 http cache https://registry.npmjs.org/pathval 14ms (cache hit)
3698 silly packumentCache full:https://registry.npmjs.org/pathval set size:28664 disposed:false
3699 http cache https://registry.npmjs.org/siginfo 10ms (cache hit)
3700 silly packumentCache full:https://registry.npmjs.org/siginfo set size:8524 disposed:false
3701 http cache https://registry.npmjs.org/stackback 9ms (cache hit)
3702 silly packumentCache full:https://registry.npmjs.org/stackback set size:4594 disposed:false
3703 http cache https://registry.npmjs.org/es-module-lexer 13ms (cache hit)
3704 silly packumentCache full:https://registry.npmjs.org/es-module-lexer set size:203341 disposed:false
3705 silly placeDep ROOT @types/deep-eql@4.0.2 OK for: @types/chai@5.2.3 want: *
3706 silly placeDep ROOT assertion-error@2.0.1 OK for: @types/chai@5.2.3 want: ^2.0.1
3707 silly placeDep ROOT estree-walker@3.0.3 OK for: @vitest/mocker@3.2.4 want: ^3.0.3
3708 silly placeDep ROOT strip-literal@3.1.0 OK for: @vitest/runner@3.2.4 want: ^3.0.0
3709 silly fetch manifest js-tokens@^9.0.1
3710 silly packumentCache full:https://registry.npmjs.org/js-tokens cache-miss
3711 http cache https://registry.npmjs.org/js-tokens 2ms (cache hit)
3712 silly packumentCache full:https://registry.npmjs.org/js-tokens set size:41947 disposed:false
3713 silly placeDep ROOT tinyspy@4.0.4 OK for: @vitest/spy@3.2.4 want: ^4.0.3
3714 silly placeDep ROOT loupe@3.2.1 OK for: @vitest/utils@3.2.4 want: ^3.1.4
3715 silly placeDep ROOT check-error@2.1.3 OK for: chai@5.3.3 want: ^2.1.1
3716 silly placeDep ROOT deep-eql@5.0.2 OK for: chai@5.3.3 want: ^5.0.1
3717 silly placeDep ROOT pathval@2.0.1 OK for: chai@5.3.3 want: ^2.0.0
3718 silly placeDep node_modules/strip-literal js-tokens@9.0.1 OK for: strip-literal@3.1.0 want: ^9.0.1
3719 silly placeDep ROOT cac@6.7.14 OK for: vite-node@3.2.4 want: ^6.7.14
3720 silly placeDep ROOT es-module-lexer@1.7.0 OK for: vite-node@3.2.4 want: ^1.7.0
3721 silly placeDep ROOT tr46@5.1.1 OK for: whatwg-url@14.2.0 want: ^5.1.0
3722 silly placeDep ROOT isexe@2.0.0 OK for: which@2.0.2 want: ^2.0.0
3723 silly placeDep ROOT is-bigint@1.1.0 OK for: which-boxed-primitive@1.1.1 want: ^1.1.0
3724 silly placeDep ROOT is-boolean-object@1.2.2 OK for: which-boxed-primitive@1.1.1 want: ^1.2.1
3725 silly placeDep ROOT is-number-object@1.1.1 OK for: which-boxed-primitive@1.1.1 want: ^1.1.1
3726 silly placeDep ROOT is-async-function@2.1.1 OK for: which-builtin-type@1.2.1 want: ^2.0.0
3727 silly placeDep ROOT is-finalizationregistry@1.1.1 OK for: which-builtin-type@1.2.1 want: ^1.1.0
3728 silly placeDep ROOT is-generator-function@1.1.2 OK for: which-builtin-type@1.2.1 want: ^1.0.10
3729 silly placeDep ROOT which-collection@1.0.2 OK for: which-builtin-type@1.2.1 want: ^1.0.2
3730 silly fetch manifest async-function@^1.0.0
3731 silly packumentCache full:https://registry.npmjs.org/async-function cache-miss
3732 silly fetch manifest generator-function@^2.0.0
3733 silly packumentCache full:https://registry.npmjs.org/generator-function cache-miss
3734 silly fetch manifest is-map@^2.0.3
3735 silly packumentCache full:https://registry.npmjs.org/is-map cache-miss
3736 silly fetch manifest is-weakmap@^2.0.2
3737 silly packumentCache full:https://registry.npmjs.org/is-weakmap cache-miss
3738 silly fetch manifest is-weakset@^2.0.3
3739 silly packumentCache full:https://registry.npmjs.org/is-weakset cache-miss
3740 http cache https://registry.npmjs.org/generator-function 3ms (cache hit)
3741 silly packumentCache full:https://registry.npmjs.org/generator-function set size:10401 disposed:false
3742 http cache https://registry.npmjs.org/is-weakmap 4ms (cache hit)
3743 silly packumentCache full:https://registry.npmjs.org/is-weakmap set size:15163 disposed:false
3744 http cache https://registry.npmjs.org/is-weakset 4ms (cache hit)
3745 silly packumentCache full:https://registry.npmjs.org/is-weakset set size:21965 disposed:false
3746 http cache https://registry.npmjs.org/async-function 6ms (cache hit)
3747 silly packumentCache full:https://registry.npmjs.org/async-function set size:7150 disposed:false
3748 http cache https://registry.npmjs.org/is-map 5ms (cache hit)
3749 silly packumentCache full:https://registry.npmjs.org/is-map set size:18079 disposed:false
3750 silly placeDep ROOT async-function@1.0.0 OK for: is-async-function@2.1.1 want: ^1.0.0
3751 silly placeDep ROOT generator-function@2.0.1 OK for: is-generator-function@1.1.2 want: ^2.0.0
3752 silly placeDep ROOT is-map@2.0.3 OK for: which-collection@1.0.2 want: ^2.0.3
3753 silly placeDep ROOT is-weakmap@2.0.2 OK for: which-collection@1.0.2 want: ^2.0.2
3754 silly placeDep ROOT is-weakset@2.0.4 OK for: which-collection@1.0.2 want: ^2.0.3
3755 silly placeDep ROOT siginfo@2.0.0 OK for: why-is-node-running@2.3.0 want: ^2.0.0
3756 silly placeDep ROOT stackback@0.0.2 OK for: why-is-node-running@2.3.0 want: 0.0.2
3757 silly placeDep node_modules/wrap-ansi ansi-styles@6.2.3 OK for: wrap-ansi@9.0.2 want: ^6.2.1
3758 silly placeDep node_modules/@typescript-eslint/typescript-estree brace-expansion@5.0.4 OK for: minimatch@10.2.4 want: ^5.0.2
3759 silly fetch manifest balanced-match@^4.0.2
3760 silly packumentCache full:https://registry.npmjs.org/balanced-match cache-hit
3761 silly placeDep node_modules/@typescript-eslint/typescript-estree balanced-match@4.0.4 OK for: brace-expansion@5.0.4 want: ^4.0.2
3762 silly placeDep ROOT node-exports-info@1.6.0 OK for: resolve@2.0.0-next.6 want: ^1.6.0
3763 silly placeDep node_modules/log-update ansi-styles@6.2.3 OK for: slice-ansi@7.1.2 want: ^6.2.1
3764 silly placeDep node_modules/log-update is-fullwidth-code-point@5.1.0 OK for: slice-ansi@7.1.2 want: ^5.0.0
3765 silly placeDep ROOT mimic-function@5.0.1 OK for: onetime@7.0.0 want: ^5.0.0
3766 verbose type system
3767 verbose stack FetchError: Invalid response body while trying to fetch https://registry.npmjs.org/@types%2fws: read ETIMEDOUT
3767 verbose stack     at /usr/local/lib/node_modules/npm/node_modules/minipass-fetch/lib/body.js:170:15
3767 verbose stack     at process.processTicksAndRejections (node:internal/process/task_queues:103:5)
3767 verbose stack     at async Response.json (/usr/local/lib/node_modules/npm/node_modules/minipass-fetch/lib/body.js:75:17)
3767 verbose stack     at async RegistryFetcher.packument (/usr/local/lib/node_modules/npm/node_modules/pacote/lib/registry.js:98:25)
3767 verbose stack     at async RegistryFetcher.manifest (/usr/local/lib/node_modules/npm/node_modules/pacote/lib/registry.js:128:23)
3767 verbose stack     at async #fetchManifest (/usr/local/lib/node_modules/npm/node_modules/@npmcli/arborist/lib/arborist/build-ideal-tree.js:1227:20)
3767 verbose stack     at async #nodeFromEdge (/usr/local/lib/node_modules/npm/node_modules/@npmcli/arborist/lib/arborist/build-ideal-tree.js:1065:19)
3767 verbose stack     at async #buildDepStep (/usr/local/lib/node_modules/npm/node_modules/@npmcli/arborist/lib/arborist/build-ideal-tree.js:929:11)
3767 verbose stack     at async Arborist.buildIdealTree (/usr/local/lib/node_modules/npm/node_modules/@npmcli/arborist/lib/arborist/build-ideal-tree.js:182:7)
3767 verbose stack     at async Promise.all (index 1)
3768 error code ETIMEDOUT
3769 error syscall read
3770 error errno ETIMEDOUT
3771 error network Invalid response body while trying to fetch https://registry.npmjs.org/@types%2fws: read ETIMEDOUT
3772 error network This is a problem related to network connectivity.
3772 error network In most cases you are behind a proxy or have bad network settings.
3772 error network
3772 error network If you are behind a proxy, please make sure that the
3772 error network 'proxy' config is set properly.  See: 'npm help config'
3773 silly unfinished npm timer reify 1772534688831
3774 silly unfinished npm timer reify:loadTrees 1772534688831
3775 verbose cwd /Users/igorvasin/sinergy
3776 verbose os Darwin 25.2.0
3777 verbose node v24.11.1
3778 verbose npm  v11.6.2
3779 notice
3779 notice New [33mminor[39m version of npm available! [33m11.6.2[39m -> [34m11.11.0[39m
3779 notice Changelog: [34mhttps://github.com/npm/cli/releases/tag/v11.11.0[39m
3779 notice To update run: [4mnpm install -g npm@11.11.0[24m
3779 notice  { force: true, Symbol(proc-log.meta): true }
3780 verbose exit 1
3781 verbose code 1
3782 error A complete log of this run can be found in: /Users/igorvasin/sinergy/.npm-local/_logs/2026-03-03T10_44_48_484Z-debug-0.log
