0 verbose cli /usr/local/bin/node /usr/local/bin/npm
1 info using npm@11.6.2
2 info using node@v24.11.1
3 silly config load:file:/usr/local/lib/node_modules/npm/npmrc
4 silly config load:file:/Users/igorvasin/sinergy/.npmrc
5 silly config load:file:/Users/igorvasin/.npmrc
6 silly config load:file:/Users/igorvasin/.npm-global/etc/npmrc
7 verbose title npm install
8 verbose argv "install" "--cache" ".npm-local" "--legacy-peer-deps"
9 verbose logfile logs-max:10 dir:/Users/igorvasin/sinergy/.npm-local/_logs/2026-03-03T10_46_34_678Z-
10 verbose logfile /Users/igorvasin/sinergy/.npm-local/_logs/2026-03-03T10_46_34_678Z-debug-0.log
11 silly logfile done cleaning log files
12 silly packumentCache heap:2348810240 maxSize:587202560 maxEntrySize:293601280
13 silly idealTree buildDeps
14 silly fetch manifest @supabase/ssr@^0.5.2
15 silly packumentCache full:https://registry.npmjs.org/@supabase%2fssr cache-miss
16 http cache https://registry.npmjs.org/@supabase%2fssr 10ms (cache hit)
17 silly packumentCache full:https://registry.npmjs.org/@supabase%2fssr set size:170099 disposed:false
18 silly fetch manifest @supabase/supabase-js@^2.47.12
19 silly packumentCache full:https://registry.npmjs.org/@supabase%2fsupabase-js cache-miss
20 http cache https://registry.npmjs.org/@supabase%2fsupabase-js 7ms (cache hit)
21 silly packumentCache full:https://registry.npmjs.org/@supabase%2fsupabase-js set size:2646227 disposed:false
22 silly fetch manifest cheerio@^1.0.0-rc.12
23 silly packumentCache full:https://registry.npmjs.org/cheerio cache-miss
24 http cache https://registry.npmjs.org/cheerio 3ms (cache hit)
25 silly packumentCache full:https://registry.npmjs.org/cheerio set size:169071 disposed:false
26 silly fetch manifest clsx@^2.1.1
27 silly packumentCache full:https://registry.npmjs.org/clsx cache-miss
28 http cache https://registry.npmjs.org/clsx 3ms (cache hit)
29 silly packumentCache full:https://registry.npmjs.org/clsx set size:42506 disposed:false
30 silly fetch manifest dayjs@^1.11.10
31 silly packumentCache full:https://registry.npmjs.org/dayjs cache-miss
32 http cache https://registry.npmjs.org/dayjs 3ms (cache hit)
33 silly packumentCache full:https://registry.npmjs.org/dayjs set size:483478 disposed:false
34 silly fetch manifest lucide-react@^0.469.0
35 silly packumentCache full:https://registry.npmjs.org/lucide-react cache-miss
36 http cache https://registry.npmjs.org/lucide-react 6ms (cache hit)
37 silly packumentCache full:https://registry.npmjs.org/lucide-react set size:2195593 disposed:false
38 silly fetch manifest next@15.1.6
39 silly packumentCache full:https://registry.npmjs.org/next cache-miss
40 http cache https://registry.npmjs.org/next 49ms (cache hit)
41 silly packumentCache full:https://registry.npmjs.org/next set size:29362237 disposed:false
42 silly fetch manifest react@^19.0.0
43 silly packumentCache full:https://registry.npmjs.org/react cache-miss
44 http cache https://registry.npmjs.org/react 38ms (cache hit)
45 silly packumentCache full:https://registry.npmjs.org/react set size:6523821 disposed:false
46 silly fetch manifest react-dom@^19.0.0
47 silly packumentCache full:https://registry.npmjs.org/react-dom cache-miss
48 http cache https://registry.npmjs.org/react-dom 16ms (cache hit)
49 silly packumentCache full:https://registry.npmjs.org/react-dom set size:8651400 disposed:false
50 silly fetch manifest sonner@1.7.0
51 silly packumentCache full:https://registry.npmjs.org/sonner cache-miss
52 http cache https://registry.npmjs.org/sonner 2ms (cache hit)
53 silly packumentCache full:https://registry.npmjs.org/sonner set size:143249 disposed:false
54 silly fetch manifest tailwind-merge@^2.6.0
55 silly packumentCache full:https://registry.npmjs.org/tailwind-merge cache-miss
56 http cache https://registry.npmjs.org/tailwind-merge 4ms (cache hit)
57 silly packumentCache full:https://registry.npmjs.org/tailwind-merge set size:1524174 disposed:false
58 silly fetch manifest zod@^3.23.8
59 silly packumentCache full:https://registry.npmjs.org/zod cache-miss
60 http cache https://registry.npmjs.org/zod 7ms (cache hit)
61 silly packumentCache full:https://registry.npmjs.org/zod set size:3489329 disposed:false
62 silly fetch manifest @tailwindcss/postcss@^4.1.18
63 silly packumentCache full:https://registry.npmjs.org/@tailwindcss%2fpostcss cache-miss
64 http cache https://registry.npmjs.org/@tailwindcss%2fpostcss 5ms (cache hit)
65 silly packumentCache full:https://registry.npmjs.org/@tailwindcss%2fpostcss set size:2018119 disposed:false
66 silly fetch manifest @testing-library/jest-dom@^6.6.3
67 silly packumentCache full:https://registry.npmjs.org/@testing-library%2fjest-dom cache-miss
68 http cache https://registry.npmjs.org/@testing-library%2fjest-dom 3ms (cache hit)
69 silly packumentCache full:https://registry.npmjs.org/@testing-library%2fjest-dom set size:422156 disposed:false
70 silly fetch manifest @testing-library/react@^16.1.0
71 silly packumentCache full:https://registry.npmjs.org/@testing-library%2freact cache-miss
72 http cache https://registry.npmjs.org/@testing-library%2freact 4ms (cache hit)
73 silly packumentCache full:https://registry.npmjs.org/@testing-library%2freact set size:620176 disposed:false
74 silly fetch manifest @types/node@^22
75 silly packumentCache full:https://registry.npmjs.org/@types%2fnode cache-miss
76 http cache https://registry.npmjs.org/@types%2fnode 19ms (cache hit)
77 silly packumentCache full:https://registry.npmjs.org/@types%2fnode set size:10900244 disposed:false
78 silly fetch manifest @types/react@^19
79 silly packumentCache full:https://registry.npmjs.org/@types%2freact cache-miss
80 http cache https://registry.npmjs.org/@types%2freact 7ms (cache hit)
81 silly packumentCache full:https://registry.npmjs.org/@types%2freact set size:2588986 disposed:false
82 silly fetch manifest @types/react-dom@^19
83 silly packumentCache full:https://registry.npmjs.org/@types%2freact-dom cache-miss
84 http cache https://registry.npmjs.org/@types%2freact-dom 3ms (cache hit)
85 silly packumentCache full:https://registry.npmjs.org/@types%2freact-dom set size:429026 disposed:false
86 silly fetch manifest @vitejs/plugin-react@^4.3.4
87 silly packumentCache full:https://registry.npmjs.org/@vitejs%2fplugin-react cache-miss
88 http cache https://registry.npmjs.org/@vitejs%2fplugin-react 4ms (cache hit)
89 silly packumentCache full:https://registry.npmjs.org/@vitejs%2fplugin-react set size:249019 disposed:false
90 silly fetch manifest eslint@^9
91 silly packumentCache full:https://registry.npmjs.org/eslint cache-miss
92 http cache https://registry.npmjs.org/eslint 5ms (cache hit)
93 silly packumentCache full:https://registry.npmjs.org/eslint set size:1949507 disposed:false
94 silly fetch manifest eslint-config-next@15.1.6
95 silly packumentCache full:https://registry.npmjs.org/eslint-config-next cache-miss
96 http cache https://registry.npmjs.org/eslint-config-next 11ms (cache hit)
97 silly packumentCache full:https://registry.npmjs.org/eslint-config-next set size:6367149 disposed:false
98 silly fetch manifest husky@^9.1.7
99 silly packumentCache full:https://registry.npmjs.org/husky cache-miss
100 http cache https://registry.npmjs.org/husky 3ms (cache hit)
101 silly packumentCache full:https://registry.npmjs.org/husky set size:643645 disposed:false
102 silly fetch manifest jsdom@^25.0.1
103 silly packumentCache full:https://registry.npmjs.org/jsdom cache-miss
104 http cache https://registry.npmjs.org/jsdom 3ms (cache hit)
105 silly packumentCache full:https://registry.npmjs.org/jsdom set size:1042325 disposed:false
106 silly fetch manifest lint-staged@^15.3.0
107 silly packumentCache full:https://registry.npmjs.org/lint-staged cache-miss
108 http cache https://registry.npmjs.org/lint-staged 4ms (cache hit)
109 silly packumentCache full:https://registry.npmjs.org/lint-staged set size:937966 disposed:false
110 silly fetch manifest postcss@^8
111 silly packumentCache full:https://registry.npmjs.org/postcss cache-miss
112 http cache https://registry.npmjs.org/postcss 3ms (cache hit)
113 silly packumentCache full:https://registry.npmjs.org/postcss set size:702266 disposed:false
114 silly fetch manifest prettier@^3.4.2
115 silly packumentCache full:https://registry.npmjs.org/prettier cache-miss
116 http cache https://registry.npmjs.org/prettier 3ms (cache hit)
117 silly packumentCache full:https://registry.npmjs.org/prettier set size:653745 disposed:false
118 silly fetch manifest tailwindcss@^4
119 silly packumentCache full:https://registry.npmjs.org/tailwindcss cache-miss
120 http cache https://registry.npmjs.org/tailwindcss 17ms (cache hit)
121 silly packumentCache full:https://registry.npmjs.org/tailwindcss set size:10227949 disposed:false
122 silly fetch manifest typescript@^5
123 silly packumentCache full:https://registry.npmjs.org/typescript cache-miss
124 http cache https://registry.npmjs.org/typescript 25ms (cache hit)
125 silly packumentCache full:https://registry.npmjs.org/typescript set size:15310184 disposed:false
126 silly fetch manifest vitest@^3.0.4
127 silly packumentCache full:https://registry.npmjs.org/vitest cache-miss
128 http cache https://registry.npmjs.org/vitest 6ms (cache hit)
129 silly packumentCache full:https://registry.npmjs.org/vitest set size:2096967 disposed:false
130 silly placeDep ROOT @supabase/ssr@0.5.2 OK for: nextjs-starter@0.1.0 want: ^0.5.2
131 silly placeDep ROOT @supabase/supabase-js@2.98.0 OK for: nextjs-starter@0.1.0 want: ^2.47.12
132 silly placeDep ROOT @tailwindcss/postcss@4.2.1 OK for: nextjs-starter@0.1.0 want: ^4.1.18
133 silly placeDep ROOT @testing-library/jest-dom@6.9.1 OK for: nextjs-starter@0.1.0 want: ^6.6.3
134 silly placeDep ROOT @testing-library/react@16.3.2 OK for: nextjs-starter@0.1.0 want: ^16.1.0
135 silly placeDep ROOT @types/node@22.19.13 OK for: nextjs-starter@0.1.0 want: ^22
136 silly placeDep ROOT @types/react@19.2.14 OK for: nextjs-starter@0.1.0 want: ^19
137 silly placeDep ROOT @types/react-dom@19.2.3 OK for: nextjs-starter@0.1.0 want: ^19
138 silly placeDep ROOT @vitejs/plugin-react@4.7.0 OK for: nextjs-starter@0.1.0 want: ^4.3.4
139 silly placeDep ROOT cheerio@1.2.0 OK for: nextjs-starter@0.1.0 want: ^1.0.0-rc.12
140 silly placeDep ROOT clsx@2.1.1 OK for: nextjs-starter@0.1.0 want: ^2.1.1
141 silly placeDep ROOT dayjs@1.11.19 OK for: nextjs-starter@0.1.0 want: ^1.11.10
142 silly placeDep ROOT eslint@9.39.3 OK for: nextjs-starter@0.1.0 want: ^9
143 silly placeDep ROOT eslint-config-next@15.1.6 OK for: nextjs-starter@0.1.0 want: 15.1.6
144 silly placeDep ROOT husky@9.1.7 OK for: nextjs-starter@0.1.0 want: ^9.1.7
145 silly placeDep ROOT jsdom@25.0.1 OK for: nextjs-starter@0.1.0 want: ^25.0.1
146 silly placeDep ROOT lint-staged@15.5.2 OK for: nextjs-starter@0.1.0 want: ^15.3.0
147 silly placeDep ROOT lucide-react@0.469.0 OK for: nextjs-starter@0.1.0 want: ^0.469.0
148 silly placeDep ROOT next@15.1.6 OK for: nextjs-starter@0.1.0 want: 15.1.6
149 silly placeDep ROOT postcss@8.5.8 OK for: nextjs-starter@0.1.0 want: ^8
150 silly placeDep ROOT prettier@3.8.1 OK for: nextjs-starter@0.1.0 want: ^3.4.2
151 silly placeDep ROOT react@19.2.4 OK for: nextjs-starter@0.1.0 want: ^19.0.0
152 silly placeDep ROOT react-dom@19.2.4 OK for: nextjs-starter@0.1.0 want: ^19.0.0
153 silly placeDep ROOT sonner@1.7.0 OK for: nextjs-starter@0.1.0 want: 1.7.0
154 silly placeDep ROOT tailwind-merge@2.6.1 OK for: nextjs-starter@0.1.0 want: ^2.6.0
155 silly placeDep ROOT tailwindcss@4.2.1 OK for: nextjs-starter@0.1.0 want: ^4
156 silly placeDep ROOT typescript@5.9.3 OK for: nextjs-starter@0.1.0 want: ^5
157 silly placeDep ROOT vitest@3.2.4 OK for: nextjs-starter@0.1.0 want: ^3.0.4
158 silly placeDep ROOT zod@3.25.76 OK for: nextjs-starter@0.1.0 want: ^3.23.8
159 silly fetch manifest cookie@^0.7.0
160 silly packumentCache full:https://registry.npmjs.org/cookie cache-miss
161 silly fetch manifest @types/cookie@^0.6.0
162 silly packumentCache full:https://registry.npmjs.org/@types%2fcookie cache-miss
163 silly fetch manifest @supabase/auth-js@2.98.0
164 silly packumentCache full:https://registry.npmjs.org/@supabase%2fauth-js cache-miss
165 silly fetch manifest @supabase/storage-js@2.98.0
166 silly packumentCache full:https://registry.npmjs.org/@supabase%2fstorage-js cache-miss
167 silly fetch manifest @supabase/realtime-js@2.98.0
168 silly packumentCache full:https://registry.npmjs.org/@supabase%2frealtime-js cache-miss
169 silly fetch manifest @supabase/functions-js@2.98.0
170 silly packumentCache full:https://registry.npmjs.org/@supabase%2ffunctions-js cache-miss
171 silly fetch manifest @supabase/postgrest-js@2.98.0
172 silly packumentCache full:https://registry.npmjs.org/@supabase%2fpostgrest-js cache-miss
173 http cache https://registry.npmjs.org/@supabase%2fauth-js 7ms (cache hit)
174 silly packumentCache full:https://registry.npmjs.org/@supabase%2fauth-js set size:971112 disposed:false
175 silly fetch manifest postcss@^8.5.6
176 silly packumentCache full:https://registry.npmjs.org/postcss cache-hit
177 silly fetch manifest tailwindcss@4.2.1
178 silly packumentCache full:https://registry.npmjs.org/tailwindcss cache-miss
179 http cache https://registry.npmjs.org/cookie 11ms (cache hit)
180 silly packumentCache full:https://registry.npmjs.org/cookie set size:72891 disposed:false
181 silly fetch manifest @alloc/quick-lru@^5.2.0
182 silly packumentCache full:https://registry.npmjs.org/@alloc%2fquick-lru cache-miss
183 http cache https://registry.npmjs.org/@supabase%2fstorage-js 15ms (cache hit)
184 silly packumentCache full:https://registry.npmjs.org/@supabase%2fstorage-js set size:903147 disposed:false
185 silly fetch manifest @tailwindcss/node@4.2.1
186 silly packumentCache full:https://registry.npmjs.org/@tailwindcss%2fnode cache-miss
187 http cache https://registry.npmjs.org/@supabase%2fpostgrest-js 19ms (cache hit)
188 silly packumentCache full:https://registry.npmjs.org/@supabase%2fpostgrest-js set size:1291012 disposed:false
189 silly fetch manifest @tailwindcss/oxide@4.2.1
190 silly packumentCache full:https://registry.npmjs.org/@tailwindcss%2foxide cache-miss
191 http cache https://registry.npmjs.org/@types%2fcookie 27ms (cache hit)
192 silly packumentCache full:https://registry.npmjs.org/@types%2fcookie set size:39348 disposed:false
193 silly fetch manifest redent@^3.0.0
194 silly packumentCache full:https://registry.npmjs.org/redent cache-miss
195 http cache https://registry.npmjs.org/@supabase%2ffunctions-js 28ms (cache hit)
196 silly packumentCache full:https://registry.npmjs.org/@supabase%2ffunctions-js set size:675176 disposed:false
197 silly fetch manifest aria-query@^5.0.0
198 silly packumentCache full:https://registry.npmjs.org/aria-query cache-miss
199 http cache https://registry.npmjs.org/@supabase%2frealtime-js 34ms (cache hit)
200 silly packumentCache full:https://registry.npmjs.org/@supabase%2frealtime-js set size:1152823 disposed:false
201 silly fetch manifest css.escape@^1.5.1
202 silly packumentCache full:https://registry.npmjs.org/css.escape cache-miss
203 http cache https://registry.npmjs.org/@alloc%2fquick-lru 30ms (cache hit)
204 silly packumentCache full:https://registry.npmjs.org/@alloc%2fquick-lru set size:7269 disposed:false
205 silly fetch manifest picocolors@^1.1.1
206 silly packumentCache full:https://registry.npmjs.org/picocolors cache-miss
207 http cache https://registry.npmjs.org/@tailwindcss%2fnode 27ms (cache hit)
208 silly packumentCache full:https://registry.npmjs.org/@tailwindcss%2fnode set size:1888338 disposed:false
209 silly fetch manifest @adobe/css-tools@^4.4.0
210 silly packumentCache full:https://registry.npmjs.org/@adobe%2fcss-tools cache-miss
211 http cache https://registry.npmjs.org/tailwindcss 55ms (cache hit)
212 silly packumentCache full:https://registry.npmjs.org/tailwindcss set size:10227949 disposed:false
213 silly fetch manifest dom-accessibility-api@^0.6.3
214 silly packumentCache full:https://registry.npmjs.org/dom-accessibility-api cache-miss
215 http cache https://registry.npmjs.org/redent 77ms (cache hit)
216 silly packumentCache full:https://registry.npmjs.org/redent set size:10478 disposed:false
217 silly fetch manifest @babel/runtime@^7.12.5
218 silly packumentCache full:https://registry.npmjs.org/@babel%2fruntime cache-miss
219 http cache https://registry.npmjs.org/css.escape 67ms (cache hit)
220 silly packumentCache full:https://registry.npmjs.org/css.escape set size:18160 disposed:false
221 silly fetch manifest undici-types@~6.21.0
222 silly packumentCache full:https://registry.npmjs.org/undici-types cache-miss
223 http cache https://registry.npmjs.org/aria-query 75ms (cache hit)
224 silly packumentCache full:https://registry.npmjs.org/aria-query set size:98864 disposed:false
225 silly fetch manifest csstype@^3.2.2
226 silly packumentCache full:https://registry.npmjs.org/csstype cache-miss
227 http cache https://registry.npmjs.org/@tailwindcss%2foxide 86ms (cache hit)
228 silly packumentCache full:https://registry.npmjs.org/@tailwindcss%2foxide set size:4089192 disposed:false
229 silly fetch manifest @babel/core@^7.28.0
230 silly packumentCache full:https://registry.npmjs.org/@babel%2fcore cache-miss
231 http cache https://registry.npmjs.org/dom-accessibility-api 27ms (cache hit)
232 silly packumentCache full:https://registry.npmjs.org/dom-accessibility-api set size:175425 disposed:false
233 silly fetch manifest react-refresh@^0.17.0
234 silly packumentCache full:https://registry.npmjs.org/react-refresh cache-miss
235 http cache https://registry.npmjs.org/picocolors 90ms (cache hit)
236 silly packumentCache full:https://registry.npmjs.org/picocolors set size:16648 disposed:false
237 silly fetch manifest @types/babel__core@^7.20.5
238 silly packumentCache full:https://registry.npmjs.org/@types%2fbabel__core cache-miss
239 http cache https://registry.npmjs.org/@babel%2fruntime 33ms (cache hit)
240 silly packumentCache full:https://registry.npmjs.org/@babel%2fruntime set size:3322062 disposed:false
241 silly fetch manifest @rolldown/pluginutils@1.0.0-beta.27
242 silly packumentCache full:https://registry.npmjs.org/@rolldown%2fpluginutils cache-miss
243 http cache https://registry.npmjs.org/@adobe%2fcss-tools 101ms (cache hit)
244 silly packumentCache full:https://registry.npmjs.org/@adobe%2fcss-tools set size:89295 disposed:false
245 silly fetch manifest @babel/plugin-transform-react-jsx-self@^7.27.1
246 silly packumentCache full:https://registry.npmjs.org/@babel%2fplugin-transform-react-jsx-self cache-miss
247 http cache https://registry.npmjs.org/undici-types 49ms (cache hit)
248 silly packumentCache full:https://registry.npmjs.org/undici-types set size:171546 disposed:false
249 silly fetch manifest @babel/plugin-transform-react-jsx-source@^7.27.1
250 silly packumentCache full:https://registry.npmjs.org/@babel%2fplugin-transform-react-jsx-source cache-miss
251 http cache https://registry.npmjs.org/@babel%2fcore 32ms (cache hit)
252 silly packumentCache full:https://registry.npmjs.org/@babel%2fcore set size:756140 disposed:false
253 silly fetch manifest parse5@^7.3.0
254 silly packumentCache full:https://registry.npmjs.org/parse5 cache-miss
255 http cache https://registry.npmjs.org/csstype 57ms (cache hit)
256 silly packumentCache full:https://registry.npmjs.org/csstype set size:274189 disposed:false
257 silly fetch manifest undici@^7.19.0
258 silly packumentCache full:https://registry.npmjs.org/undici cache-miss
259 http cache https://registry.npmjs.org/@types%2fbabel__core 36ms (cache hit)
260 silly packumentCache full:https://registry.npmjs.org/@types%2fbabel__core set size:88676 disposed:false
261 silly fetch manifest domutils@^3.2.2
262 silly packumentCache full:https://registry.npmjs.org/domutils cache-miss
263 http cache https://registry.npmjs.org/@babel%2fplugin-transform-react-jsx-source 14ms (cache hit)
264 silly packumentCache full:https://registry.npmjs.org/@babel%2fplugin-transform-react-jsx-source set size:203114 disposed:false
265 silly fetch manifest domhandler@^5.0.3
266 silly packumentCache full:https://registry.npmjs.org/domhandler cache-miss
267 http cache https://registry.npmjs.org/@babel%2fplugin-transform-react-jsx-self 19ms (cache hit)
268 silly packumentCache full:https://registry.npmjs.org/@babel%2fplugin-transform-react-jsx-self set size:198119 disposed:false
269 silly fetch manifest htmlparser2@^10.1.0
270 silly packumentCache full:https://registry.npmjs.org/htmlparser2 cache-miss
271 http cache https://registry.npmjs.org/react-refresh 53ms (cache hit)
272 silly packumentCache full:https://registry.npmjs.org/react-refresh set size:6223048 disposed:false
273 silly fetch manifest cheerio-select@^2.1.0
274 silly packumentCache full:https://registry.npmjs.org/cheerio-select cache-miss
275 http cache https://registry.npmjs.org/undici 50ms (cache hit)
276 silly packumentCache full:https://registry.npmjs.org/undici set size:1271191 disposed:false
277 silly fetch manifest dom-serializer@^2.0.0
278 silly packumentCache full:https://registry.npmjs.org/dom-serializer cache-miss
279 http cache https://registry.npmjs.org/parse5 60ms (cache hit)
280 silly packumentCache full:https://registry.npmjs.org/parse5 set size:120807 disposed:false
281 silly fetch manifest whatwg-mimetype@^4.0.0
282 silly packumentCache full:https://registry.npmjs.org/whatwg-mimetype cache-miss
283 http cache https://registry.npmjs.org/@rolldown%2fpluginutils 71ms (cache hit)
284 silly packumentCache full:https://registry.npmjs.org/@rolldown%2fpluginutils set size:261541 disposed:false
285 silly fetch manifest encoding-sniffer@^0.2.1
286 silly packumentCache full:https://registry.npmjs.org/encoding-sniffer cache-miss
287 http cache https://registry.npmjs.org/domutils 60ms (cache hit)
288 silly packumentCache full:https://registry.npmjs.org/domutils set size:102772 disposed:false
289 silly fetch manifest parse5-parser-stream@^7.1.2
290 silly packumentCache full:https://registry.npmjs.org/parse5-parser-stream cache-miss
291 http cache https://registry.npmjs.org/htmlparser2 58ms (cache hit)
292 silly packumentCache full:https://registry.npmjs.org/htmlparser2 set size:165347 disposed:false
293 silly fetch manifest parse5-htmlparser2-tree-adapter@^7.1.0
294 silly packumentCache full:https://registry.npmjs.org/parse5-htmlparser2-tree-adapter cache-miss
295 http cache https://registry.npmjs.org/dom-serializer 12ms (cache hit)
296 silly packumentCache full:https://registry.npmjs.org/dom-serializer set size:52161 disposed:false
297 silly fetch manifest ajv@^6.12.4
298 silly packumentCache full:https://registry.npmjs.org/ajv cache-miss
299 http cache https://registry.npmjs.org/domhandler 63ms (cache hit)
300 silly packumentCache full:https://registry.npmjs.org/domhandler set size:73300 disposed:false
301 silly fetch manifest chalk@^4.0.0
302 silly packumentCache full:https://registry.npmjs.org/chalk cache-miss
303 http cache https://registry.npmjs.org/encoding-sniffer 10ms (cache hit)
304 silly packumentCache full:https://registry.npmjs.org/encoding-sniffer set size:24583 disposed:false
305 silly fetch manifest debug@^4.3.2
306 silly packumentCache full:https://registry.npmjs.org/debug cache-miss
307 http cache https://registry.npmjs.org/whatwg-mimetype 14ms (cache hit)
308 silly packumentCache full:https://registry.npmjs.org/whatwg-mimetype set size:28179 disposed:false
309 silly fetch manifest espree@^10.4.0
310 silly packumentCache full:https://registry.npmjs.org/espree cache-miss
311 http cache https://registry.npmjs.org/cheerio-select 23ms (cache hit)
312 silly packumentCache full:https://registry.npmjs.org/cheerio-select set size:36915 disposed:false
313 silly fetch manifest ignore@^5.2.0
314 silly packumentCache full:https://registry.npmjs.org/ignore cache-miss
315 http cache https://registry.npmjs.org/parse5-htmlparser2-tree-adapter 7ms (cache hit)
316 silly packumentCache full:https://registry.npmjs.org/parse5-htmlparser2-tree-adapter set size:21911 disposed:false
317 silly fetch manifest esquery@^1.5.0
318 silly packumentCache full:https://registry.npmjs.org/esquery cache-miss
319 http cache https://registry.npmjs.org/ajv 8ms (cache hit)
320 silly packumentCache full:https://registry.npmjs.org/ajv set size:1120197 disposed:false
321 silly fetch manifest esutils@^2.0.2
322 silly packumentCache full:https://registry.npmjs.org/esutils cache-miss
323 http cache https://registry.npmjs.org/parse5-parser-stream 20ms (cache hit)
324 silly packumentCache full:https://registry.npmjs.org/parse5-parser-stream set size:21978 disposed:false
325 silly fetch manifest find-up@^5.0.0
326 silly packumentCache full:https://registry.npmjs.org/find-up cache-miss
327 http cache https://registry.npmjs.org/chalk 15ms (cache hit)
328 silly packumentCache full:https://registry.npmjs.org/chalk set size:117861 disposed:false
329 silly fetch manifest is-glob@^4.0.0
330 silly packumentCache full:https://registry.npmjs.org/is-glob cache-miss
331 http cache https://registry.npmjs.org/espree 17ms (cache hit)
332 silly packumentCache full:https://registry.npmjs.org/espree set size:323320 disposed:false
333 silly fetch manifest minimatch@^3.1.2
334 silly packumentCache full:https://registry.npmjs.org/minimatch cache-miss
335 http cache https://registry.npmjs.org/ignore 19ms (cache hit)
336 silly packumentCache full:https://registry.npmjs.org/ignore set size:237380 disposed:false
337 silly fetch manifest @eslint/js@9.39.3
338 silly packumentCache full:https://registry.npmjs.org/@eslint%2fjs cache-miss
339 http cache https://registry.npmjs.org/debug 23ms (cache hit)
340 silly packumentCache full:https://registry.npmjs.org/debug set size:195840 disposed:false
341 silly fetch manifest optionator@^0.9.3
342 silly packumentCache full:https://registry.npmjs.org/optionator cache-miss
343 http cache https://registry.npmjs.org/esutils 15ms (cache hit)
344 silly packumentCache full:https://registry.npmjs.org/esutils set size:29522 disposed:false
345 silly fetch manifest cross-spawn@^7.0.6
346 silly packumentCache full:https://registry.npmjs.org/cross-spawn cache-miss
347 http cache https://registry.npmjs.org/is-glob 14ms (cache hit)
348 silly packumentCache full:https://registry.npmjs.org/is-glob set size:40530 disposed:false
349 silly fetch manifest glob-parent@^6.0.2
350 silly packumentCache full:https://registry.npmjs.org/glob-parent cache-miss
351 http cache https://registry.npmjs.org/esquery 26ms (cache hit)
352 silly packumentCache full:https://registry.npmjs.org/esquery set size:48888 disposed:false
353 silly fetch manifest imurmurhash@^0.1.4
354 silly packumentCache full:https://registry.npmjs.org/imurmurhash cache-miss
355 http cache https://registry.npmjs.org/optionator 7ms (cache hit)
356 silly packumentCache full:https://registry.npmjs.org/optionator set size:49651 disposed:false
357 silly fetch manifest @eslint/core@^0.17.0
358 silly packumentCache full:https://registry.npmjs.org/@eslint%2fcore cache-miss
359 http cache https://registry.npmjs.org/@eslint%2fjs 11ms (cache hit)
360 silly packumentCache full:https://registry.npmjs.org/@eslint%2fjs set size:138411 disposed:false
361 silly fetch manifest eslint-scope@^8.4.0
362 silly packumentCache full:https://registry.npmjs.org/eslint-scope cache-miss
363 http cache https://registry.npmjs.org/find-up 20ms (cache hit)
364 silly packumentCache full:https://registry.npmjs.org/find-up set size:42620 disposed:false
365 silly fetch manifest lodash.merge@^4.6.2
366 silly packumentCache full:https://registry.npmjs.org/lodash.merge cache-miss
367 http cache https://registry.npmjs.org/minimatch 15ms (cache hit)
368 silly packumentCache full:https://registry.npmjs.org/minimatch set size:352359 disposed:false
369 silly fetch manifest @humanfs/node@^0.16.6
370 silly packumentCache full:https://registry.npmjs.org/@humanfs%2fnode cache-miss
371 http cache https://registry.npmjs.org/imurmurhash 10ms (cache hit)
372 silly packumentCache full:https://registry.npmjs.org/imurmurhash set size:35819 disposed:false
373 silly fetch manifest @types/estree@^1.0.6
374 silly packumentCache full:https://registry.npmjs.org/@types%2festree cache-miss
375 http cache https://registry.npmjs.org/glob-parent 12ms (cache hit)
376 silly packumentCache full:https://registry.npmjs.org/glob-parent set size:42445 disposed:false
377 silly fetch manifest fast-deep-equal@^3.1.3
378 silly packumentCache full:https://registry.npmjs.org/fast-deep-equal cache-miss
379 http cache https://registry.npmjs.org/@eslint%2fcore 12ms (cache hit)
380 silly packumentCache full:https://registry.npmjs.org/@eslint%2fcore set size:51452 disposed:false
381 silly fetch manifest natural-compare@^1.4.0
382 silly packumentCache full:https://registry.npmjs.org/natural-compare cache-miss
383 http cache https://registry.npmjs.org/cross-spawn 16ms (cache hit)
384 silly packumentCache full:https://registry.npmjs.org/cross-spawn set size:109066 disposed:false
385 silly fetch manifest @eslint/eslintrc@^3.3.1
386 silly packumentCache full:https://registry.npmjs.org/@eslint%2feslintrc cache-miss
387 http cache https://registry.npmjs.org/eslint-scope 12ms (cache hit)
388 silly packumentCache full:https://registry.npmjs.org/eslint-scope set size:96445 disposed:false
389 silly fetch manifest file-entry-cache@^8.0.0
390 silly packumentCache full:https://registry.npmjs.org/file-entry-cache cache-miss
391 http cache https://registry.npmjs.org/lodash.merge 13ms (cache hit)
392 silly packumentCache full:https://registry.npmjs.org/lodash.merge set size:78575 disposed:false
393 silly fetch manifest @eslint/plugin-kit@^0.4.1
394 silly packumentCache full:https://registry.npmjs.org/@eslint%2fplugin-kit cache-miss
395 http cache https://registry.npmjs.org/@humanfs%2fnode 11ms (cache hit)
396 silly packumentCache full:https://registry.npmjs.org/@humanfs%2fnode set size:37704 disposed:false
397 silly fetch manifest eslint-visitor-keys@^4.2.1
398 silly packumentCache full:https://registry.npmjs.org/eslint-visitor-keys cache-miss
399 http cache https://registry.npmjs.org/@types%2festree 10ms (cache hit)
400 silly packumentCache full:https://registry.npmjs.org/@types%2festree set size:74091 disposed:false
401 silly fetch manifest @eslint/config-array@^0.21.1
402 silly packumentCache full:https://registry.npmjs.org/@eslint%2fconfig-array cache-miss
403 http cache https://registry.npmjs.org/natural-compare 9ms (cache hit)
404 silly packumentCache full:https://registry.npmjs.org/natural-compare set size:7852 disposed:false
405 silly fetch manifest @humanwhocodes/retry@^0.4.2
406 silly packumentCache full:https://registry.npmjs.org/@humanwhocodes%2fretry cache-miss
407 http cache https://registry.npmjs.org/fast-deep-equal 11ms (cache hit)
408 silly packumentCache full:https://registry.npmjs.org/fast-deep-equal set size:48634 disposed:false
409 silly fetch manifest escape-string-regexp@^4.0.0
410 silly packumentCache full:https://registry.npmjs.org/escape-string-regexp cache-miss
411 http cache https://registry.npmjs.org/file-entry-cache 7ms (cache hit)
412 silly packumentCache full:https://registry.npmjs.org/file-entry-cache set size:151480 disposed:false
413 silly fetch manifest @eslint/config-helpers@^0.4.2
414 silly packumentCache full:https://registry.npmjs.org/@eslint%2fconfig-helpers cache-miss
415 http cache https://registry.npmjs.org/@eslint%2fplugin-kit 8ms (cache hit)
416 silly packumentCache full:https://registry.npmjs.org/@eslint%2fplugin-kit set size:65206 disposed:false
417 silly fetch manifest @eslint-community/regexpp@^4.12.1
418 silly packumentCache full:https://registry.npmjs.org/@eslint-community%2fregexpp cache-miss
419 http cache https://registry.npmjs.org/@eslint%2feslintrc 13ms (cache hit)
420 silly packumentCache full:https://registry.npmjs.org/@eslint%2feslintrc set size:165858 disposed:false
421 silly fetch manifest @eslint-community/eslint-utils@^4.8.0
422 silly packumentCache full:https://registry.npmjs.org/@eslint-community%2feslint-utils cache-miss
423 http cache https://registry.npmjs.org/eslint-visitor-keys 11ms (cache hit)
424 silly packumentCache full:https://registry.npmjs.org/eslint-visitor-keys set size:69949 disposed:false
425 silly fetch manifest @humanwhocodes/module-importer@^1.0.1
426 silly packumentCache full:https://registry.npmjs.org/@humanwhocodes%2fmodule-importer cache-miss
427 http cache https://registry.npmjs.org/@eslint%2fconfig-array 12ms (cache hit)
428 silly packumentCache full:https://registry.npmjs.org/@eslint%2fconfig-array set size:62322 disposed:false
429 silly fetch manifest json-stable-stringify-without-jsonify@^1.0.1
430 silly packumentCache full:https://registry.npmjs.org/json-stable-stringify-without-jsonify cache-miss
431 http cache https://registry.npmjs.org/escape-string-regexp 11ms (cache hit)
432 silly packumentCache full:https://registry.npmjs.org/escape-string-regexp set size:22244 disposed:false
433 silly fetch manifest eslint-plugin-react@^7.37.0
434 silly packumentCache full:https://registry.npmjs.org/eslint-plugin-react cache-miss
435 http cache https://registry.npmjs.org/@humanwhocodes%2fretry 13ms (cache hit)
436 silly packumentCache full:https://registry.npmjs.org/@humanwhocodes%2fretry set size:42348 disposed:false
437 silly fetch manifest eslint-plugin-import@^2.31.0
438 silly packumentCache full:https://registry.npmjs.org/eslint-plugin-import cache-miss
439 http cache https://registry.npmjs.org/@eslint%2fconfig-helpers 11ms (cache hit)
440 silly packumentCache full:https://registry.npmjs.org/@eslint%2fconfig-helpers set size:39934 disposed:false
441 silly fetch manifest eslint-plugin-jsx-a11y@^6.10.0
442 silly packumentCache full:https://registry.npmjs.org/eslint-plugin-jsx-a11y cache-miss
443 http cache https://registry.npmjs.org/@eslint-community%2fregexpp 12ms (cache hit)
444 silly packumentCache full:https://registry.npmjs.org/@eslint-community%2fregexpp set size:106609 disposed:false
445 silly fetch manifest @rushstack/eslint-patch@^1.10.3
446 silly packumentCache full:https://registry.npmjs.org/@rushstack%2feslint-patch cache-miss
447 http cache https://registry.npmjs.org/@eslint-community%2feslint-utils 11ms (cache hit)
448 silly packumentCache full:https://registry.npmjs.org/@eslint-community%2feslint-utils set size:93301 disposed:false
449 silly fetch manifest @next/eslint-plugin-next@15.1.6
450 silly packumentCache full:https://registry.npmjs.org/@next%2feslint-plugin-next cache-miss
451 http cache https://registry.npmjs.org/@humanwhocodes%2fmodule-importer 11ms (cache hit)
452 silly packumentCache full:https://registry.npmjs.org/@humanwhocodes%2fmodule-importer set size:9516 disposed:false
453 silly fetch manifest @typescript-eslint/parser@^5.4.2 || ^6.0.0 || ^7.0.0 || ^8.0.0
454 silly packumentCache full:https://registry.npmjs.org/@typescript-eslint%2fparser cache-miss
455 http cache https://registry.npmjs.org/json-stable-stringify-without-jsonify 10ms (cache hit)
456 silly packumentCache full:https://registry.npmjs.org/json-stable-stringify-without-jsonify set size:5808 disposed:false
457 silly fetch manifest eslint-plugin-react-hooks@^5.0.0
458 silly packumentCache full:https://registry.npmjs.org/eslint-plugin-react-hooks cache-miss
459 http cache https://registry.npmjs.org/eslint-plugin-react 11ms (cache hit)
460 silly packumentCache full:https://registry.npmjs.org/eslint-plugin-react set size:646827 disposed:false
461 silly fetch manifest eslint-import-resolver-node@^0.3.6
462 silly packumentCache full:https://registry.npmjs.org/eslint-import-resolver-node cache-miss
463 http cache https://registry.npmjs.org/eslint-plugin-jsx-a11y 14ms (cache hit)
464 silly packumentCache full:https://registry.npmjs.org/eslint-plugin-jsx-a11y set size:280052 disposed:false
465 silly fetch manifest @typescript-eslint/eslint-plugin@^5.4.2 || ^6.0.0 || ^7.0.0 || ^8.0.0
466 silly packumentCache full:https://registry.npmjs.org/@typescript-eslint%2feslint-plugin cache-miss
467 http cache https://registry.npmjs.org/@rushstack%2feslint-patch 14ms (cache hit)
468 silly packumentCache full:https://registry.npmjs.org/@rushstack%2feslint-patch set size:114235 disposed:false
469 silly fetch manifest eslint-import-resolver-typescript@^3.5.2
470 silly packumentCache full:https://registry.npmjs.org/eslint-import-resolver-typescript cache-miss
471 http cache https://registry.npmjs.org/eslint-plugin-import 19ms (cache hit)
472 silly packumentCache full:https://registry.npmjs.org/eslint-plugin-import set size:484928 disposed:false
473 silly fetch manifest ws@^8.18.0
474 silly packumentCache full:https://registry.npmjs.org/ws cache-miss
475 http cache https://registry.npmjs.org/@next%2feslint-plugin-next 39ms (cache hit)
476 silly packumentCache full:https://registry.npmjs.org/@next%2feslint-plugin-next set size:6521545 disposed:false
477 silly fetch manifest saxes@^6.0.0
478 silly packumentCache full:https://registry.npmjs.org/saxes cache-miss
479 http cache https://registry.npmjs.org/eslint-import-resolver-node 67ms (cache hit)
480 silly packumentCache full:https://registry.npmjs.org/eslint-import-resolver-node set size:35202 disposed:false
481 silly fetch manifest nwsapi@^2.2.12
482 silly packumentCache full:https://registry.npmjs.org/nwsapi cache-miss
483 http cache https://registry.npmjs.org/@typescript-eslint%2fparser 95ms (cache hit)
484 silly packumentCache full:https://registry.npmjs.org/@typescript-eslint%2fparser set size:14834451 disposed:false
485 silly fetch manifest parse5@^7.1.2
486 silly packumentCache full:https://registry.npmjs.org/parse5 cache-hit
487 silly fetch manifest cssstyle@^4.1.0
488 silly packumentCache full:https://registry.npmjs.org/cssstyle cache-miss
489 http cache https://registry.npmjs.org/eslint-plugin-react-hooks 152ms (cache hit)
490 silly packumentCache full:https://registry.npmjs.org/eslint-plugin-react-hooks set size:7191864 disposed:false
491 silly fetch manifest data-urls@^5.0.0
492 silly packumentCache full:https://registry.npmjs.org/data-urls cache-miss
493 http cache https://registry.npmjs.org/@typescript-eslint%2feslint-plugin 199ms (cache hit)
494 silly packumentCache full:https://registry.npmjs.org/@typescript-eslint%2feslint-plugin set size:17447265 disposed:false
495 silly fetch manifest form-data@^4.0.0
496 silly packumentCache full:https://registry.npmjs.org/form-data cache-miss
497 http cache https://registry.npmjs.org/eslint-import-resolver-typescript 258ms (cache hit)
498 silly packumentCache full:https://registry.npmjs.org/eslint-import-resolver-typescript set size:334387 disposed:false
499 silly fetch manifest decimal.js@^10.4.3
500 silly packumentCache full:https://registry.npmjs.org/decimal.js cache-miss
501 http cache https://registry.npmjs.org/ws 288ms (cache hit)
502 silly packumentCache full:https://registry.npmjs.org/ws set size:413307 disposed:false
503 silly fetch manifest whatwg-url@^14.0.0
504 silly packumentCache full:https://registry.npmjs.org/whatwg-url cache-miss
505 http cache https://registry.npmjs.org/form-data 42ms (cache hit)
506 silly packumentCache full:https://registry.npmjs.org/form-data set size:153646 disposed:false
507 silly fetch manifest rrweb-cssom@^0.7.1
508 silly packumentCache full:https://registry.npmjs.org/rrweb-cssom cache-miss
509 http cache https://registry.npmjs.org/cssstyle 168ms (cache hit)
510 silly packumentCache full:https://registry.npmjs.org/cssstyle set size:165320 disposed:false
511 silly fetch manifest symbol-tree@^3.2.4
512 silly packumentCache full:https://registry.npmjs.org/symbol-tree cache-miss
513 http cache https://registry.npmjs.org/nwsapi 240ms (cache hit)
514 silly packumentCache full:https://registry.npmjs.org/nwsapi set size:90535 disposed:false
515 silly fetch manifest tough-cookie@^5.0.0
516 silly packumentCache full:https://registry.npmjs.org/tough-cookie cache-miss
517 http cache https://registry.npmjs.org/saxes 249ms (cache hit)
518 silly packumentCache full:https://registry.npmjs.org/saxes set size:228593 disposed:false
519 silly fetch manifest whatwg-encoding@^3.1.1
520 silly packumentCache full:https://registry.npmjs.org/whatwg-encoding cache-miss
521 http cache https://registry.npmjs.org/decimal.js 46ms (cache hit)
522 silly packumentCache full:https://registry.npmjs.org/decimal.js set size:107790 disposed:false
523 silly fetch manifest http-proxy-agent@^7.0.2
524 silly packumentCache full:https://registry.npmjs.org/http-proxy-agent cache-miss
525 http cache https://registry.npmjs.org/data-urls 146ms (cache hit)
526 silly packumentCache full:https://registry.npmjs.org/data-urls set size:37311 disposed:false
527 silly fetch manifest https-proxy-agent@^7.0.5
528 silly packumentCache full:https://registry.npmjs.org/https-proxy-agent cache-miss
529 http cache https://registry.npmjs.org/whatwg-url 29ms (cache hit)
530 silly packumentCache full:https://registry.npmjs.org/whatwg-url set size:170765 disposed:false
531 silly fetch manifest w3c-xmlserializer@^5.0.0
532 silly packumentCache full:https://registry.npmjs.org/w3c-xmlserializer cache-miss
533 http cache https://registry.npmjs.org/rrweb-cssom 28ms (cache hit)
534 silly packumentCache full:https://registry.npmjs.org/rrweb-cssom set size:10104 disposed:false
535 silly fetch manifest webidl-conversions@^7.0.0
536 silly packumentCache full:https://registry.npmjs.org/webidl-conversions cache-miss
537 http cache https://registry.npmjs.org/http-proxy-agent 22ms (cache hit)
538 silly packumentCache full:https://registry.npmjs.org/http-proxy-agent set size:50096 disposed:false
539 silly fetch manifest xml-name-validator@^5.0.0
540 silly packumentCache full:https://registry.npmjs.org/xml-name-validator cache-miss
541 http cache https://registry.npmjs.org/symbol-tree 27ms (cache hit)
542 silly packumentCache full:https://registry.npmjs.org/symbol-tree set size:60614 disposed:false
543 silly fetch manifest html-encoding-sniffer@^4.0.0
544 silly packumentCache full:https://registry.npmjs.org/html-encoding-sniffer cache-miss
545 http cache https://registry.npmjs.org/whatwg-encoding 25ms (cache hit)
546 silly packumentCache full:https://registry.npmjs.org/whatwg-encoding set size:25704 disposed:false
547 silly fetch manifest is-potential-custom-element-name@^1.0.1
548 silly packumentCache full:https://registry.npmjs.org/is-potential-custom-element-name cache-miss
549 http cache https://registry.npmjs.org/tough-cookie 28ms (cache hit)
550 silly packumentCache full:https://registry.npmjs.org/tough-cookie set size:145095 disposed:false
551 silly fetch manifest yaml@^2.7.0
552 silly packumentCache full:https://registry.npmjs.org/yaml cache-miss
553 http cache https://registry.npmjs.org/https-proxy-agent 14ms (cache hit)
554 silly packumentCache full:https://registry.npmjs.org/https-proxy-agent set size:76241 disposed:false
555 silly fetch manifest chalk@^5.4.1
556 silly packumentCache full:https://registry.npmjs.org/chalk cache-hit
557 silly fetch manifest debug@^4.4.0
558 silly packumentCache full:https://registry.npmjs.org/debug cache-hit
559 silly fetch manifest execa@^8.0.1
560 silly packumentCache full:https://registry.npmjs.org/execa cache-miss
561 http cache https://registry.npmjs.org/w3c-xmlserializer 14ms (cache hit)
562 silly packumentCache full:https://registry.npmjs.org/w3c-xmlserializer set size:36375 disposed:false
563 silly fetch manifest listr2@^8.2.5
564 silly packumentCache full:https://registry.npmjs.org/listr2 cache-miss
565 http cache https://registry.npmjs.org/webidl-conversions 14ms (cache hit)
566 silly packumentCache full:https://registry.npmjs.org/webidl-conversions set size:46073 disposed:false
567 silly fetch manifest pidtree@^0.6.0
568 silly packumentCache full:https://registry.npmjs.org/pidtree cache-miss
569 http cache https://registry.npmjs.org/html-encoding-sniffer 13ms (cache hit)
570 silly packumentCache full:https://registry.npmjs.org/html-encoding-sniffer set size:23370 disposed:false
571 silly fetch manifest commander@^13.1.0
572 silly packumentCache full:https://registry.npmjs.org/commander cache-miss
573 http cache https://registry.npmjs.org/is-potential-custom-element-name 13ms (cache hit)
574 silly packumentCache full:https://registry.npmjs.org/is-potential-custom-element-name set size:6810 disposed:false
575 silly fetch manifest lilconfig@^3.1.3
576 silly packumentCache full:https://registry.npmjs.org/lilconfig cache-miss
577 http cache https://registry.npmjs.org/xml-name-validator 15ms (cache hit)
578 silly packumentCache full:https://registry.npmjs.org/xml-name-validator set size:11085 disposed:false
579 silly fetch manifest micromatch@^4.0.8
580 silly packumentCache full:https://registry.npmjs.org/micromatch cache-miss
581 http cache https://registry.npmjs.org/yaml 13ms (cache hit)
582 silly packumentCache full:https://registry.npmjs.org/yaml set size:361552 disposed:false
583 silly fetch manifest string-argv@^0.3.2
584 silly packumentCache full:https://registry.npmjs.org/string-argv cache-miss
585 http cache https://registry.npmjs.org/execa 16ms (cache hit)
586 silly packumentCache full:https://registry.npmjs.org/execa set size:181234 disposed:false
587 silly fetch manifest busboy@1.6.0
588 silly packumentCache full:https://registry.npmjs.org/busboy cache-miss
589 http cache https://registry.npmjs.org/micromatch 11ms (cache hit)
590 silly packumentCache full:https://registry.npmjs.org/micromatch set size:240630 disposed:false
591 silly fetch manifest postcss@8.4.31
592 silly packumentCache full:https://registry.npmjs.org/postcss cache-hit
593 silly fetch manifest @next/env@15.1.6
594 silly packumentCache full:https://registry.npmjs.org/@next%2fenv cache-miss
595 http cache https://registry.npmjs.org/pidtree 16ms (cache hit)
596 silly packumentCache full:https://registry.npmjs.org/pidtree set size:34443 disposed:false
597 silly fetch manifest styled-jsx@5.1.6
598 silly packumentCache full:https://registry.npmjs.org/styled-jsx cache-miss
599 http cache https://registry.npmjs.org/lilconfig 16ms (cache hit)
600 silly packumentCache full:https://registry.npmjs.org/lilconfig set size:45636 disposed:false
601 silly fetch manifest @swc/counter@0.1.3
602 silly packumentCache full:https://registry.npmjs.org/@swc%2fcounter cache-miss
603 http cache https://registry.npmjs.org/listr2 23ms (cache hit)
604 silly packumentCache full:https://registry.npmjs.org/listr2 set size:1056609 disposed:false
605 silly fetch manifest @swc/helpers@0.5.15
606 silly packumentCache full:https://registry.npmjs.org/@swc%2fhelpers cache-miss
607 http cache https://registry.npmjs.org/commander 24ms (cache hit)
608 silly packumentCache full:https://registry.npmjs.org/commander set size:306325 disposed:false
609 silly fetch manifest caniuse-lite@^1.0.30001579
610 silly packumentCache full:https://registry.npmjs.org/caniuse-lite cache-miss
611 http cache https://registry.npmjs.org/string-argv 22ms (cache hit)
612 silly packumentCache full:https://registry.npmjs.org/string-argv set size:28606 disposed:false
613 silly fetch manifest sharp@^0.33.5
614 silly packumentCache full:https://registry.npmjs.org/sharp cache-miss
615 http cache https://registry.npmjs.org/busboy 20ms (cache hit)
616 silly packumentCache full:https://registry.npmjs.org/busboy set size:78925 disposed:false
617 silly fetch manifest @next/swc-darwin-x64@15.1.6
618 silly packumentCache full:https://registry.npmjs.org/@next%2fswc-darwin-x64 cache-miss
619 http cache https://registry.npmjs.org/@swc%2fhelpers 10ms (cache hit)
620 silly packumentCache full:https://registry.npmjs.org/@swc%2fhelpers set size:678955 disposed:false
621 silly fetch manifest @next/swc-darwin-arm64@15.1.6
622 silly packumentCache full:https://registry.npmjs.org/@next%2fswc-darwin-arm64 cache-miss
623 http cache https://registry.npmjs.org/styled-jsx 25ms (cache hit)
624 silly packumentCache full:https://registry.npmjs.org/styled-jsx set size:436113 disposed:false
625 silly fetch manifest @next/swc-linux-x64-gnu@15.1.6
626 silly packumentCache full:https://registry.npmjs.org/@next%2fswc-linux-x64-gnu cache-miss
627 http cache https://registry.npmjs.org/@swc%2fcounter 27ms (cache hit)
628 silly packumentCache full:https://registry.npmjs.org/@swc%2fcounter set size:7199 disposed:false
629 silly fetch manifest @next/swc-linux-x64-musl@15.1.6
630 silly packumentCache full:https://registry.npmjs.org/@next%2fswc-linux-x64-musl cache-miss
631 http cache https://registry.npmjs.org/@next%2fenv 37ms (cache hit)
632 silly packumentCache full:https://registry.npmjs.org/@next%2fenv set size:6982600 disposed:false
633 silly fetch manifest @next/swc-win32-x64-msvc@15.1.6
634 silly packumentCache full:https://registry.npmjs.org/@next%2fswc-win32-x64-msvc cache-miss
635 http cache https://registry.npmjs.org/caniuse-lite 54ms (cache hit)
636 silly packumentCache full:https://registry.npmjs.org/caniuse-lite set size:2262783 disposed:false
637 silly fetch manifest @next/swc-linux-arm64-gnu@15.1.6
638 silly packumentCache full:https://registry.npmjs.org/@next%2fswc-linux-arm64-gnu cache-miss
639 http cache https://registry.npmjs.org/sharp 66ms (cache hit)
640 silly packumentCache full:https://registry.npmjs.org/sharp set size:1034463 disposed:false
641 silly fetch manifest @next/swc-linux-arm64-musl@15.1.6
642 silly packumentCache full:https://registry.npmjs.org/@next%2fswc-linux-arm64-musl cache-miss
643 http cache https://registry.npmjs.org/@next%2fswc-darwin-x64 90ms (cache hit)
644 silly packumentCache full:https://registry.npmjs.org/@next%2fswc-darwin-x64 set size:4977388 disposed:false
645 silly fetch manifest @next/swc-win32-arm64-msvc@15.1.6
646 silly packumentCache full:https://registry.npmjs.org/@next%2fswc-win32-arm64-msvc cache-miss
647 http cache https://registry.npmjs.org/@next%2fswc-linux-x64-gnu 110ms (cache hit)
648 silly packumentCache full:https://registry.npmjs.org/@next%2fswc-linux-x64-gnu set size:5078306 disposed:false
649 silly fetch manifest nanoid@^3.3.11
650 silly packumentCache full:https://registry.npmjs.org/nanoid cache-miss
651 http cache https://registry.npmjs.org/@next%2fswc-win32-x64-msvc 102ms (cache hit)
652 silly packumentCache full:https://registry.npmjs.org/@next%2fswc-win32-x64-msvc set size:5051474 disposed:false
653 silly fetch manifest source-map-js@^1.2.1
654 silly packumentCache full:https://registry.npmjs.org/source-map-js cache-miss
655 http cache https://registry.npmjs.org/@next%2fswc-linux-x64-musl 162ms (cache hit)
656 silly packumentCache full:https://registry.npmjs.org/@next%2fswc-linux-x64-musl set size:4834702 disposed:false
657 silly fetch manifest scheduler@^0.27.0
658 silly packumentCache full:https://registry.npmjs.org/scheduler cache-miss
659 http cache https://registry.npmjs.org/@next%2fswc-darwin-arm64 194ms (cache hit)
660 silly packumentCache full:https://registry.npmjs.org/@next%2fswc-darwin-arm64 set size:5032055 disposed:false
661 silly fetch manifest chai@^5.2.0
662 silly packumentCache full:https://registry.npmjs.org/chai cache-miss
663 http cache https://registry.npmjs.org/@next%2fswc-linux-arm64-gnu 170ms (cache hit)
664 silly packumentCache full:https://registry.npmjs.org/@next%2fswc-linux-arm64-gnu set size:4880500 disposed:false
665 silly fetch manifest vite@^5.0.0 || ^6.0.0 || ^7.0.0-0
666 silly packumentCache full:https://registry.npmjs.org/vite cache-miss
667 http cache https://registry.npmjs.org/@next%2fswc-linux-arm64-musl 191ms (cache hit)
668 silly packumentCache full:https://registry.npmjs.org/@next%2fswc-linux-arm64-musl set size:4897478 disposed:false
669 silly fetch manifest debug@^4.4.1
670 silly packumentCache full:https://registry.npmjs.org/debug cache-hit
671 silly fetch manifest pathe@^2.0.3
672 silly packumentCache full:https://registry.npmjs.org/pathe cache-miss
673 http cache https://registry.npmjs.org/@next%2fswc-win32-arm64-msvc 194ms (cache hit)
674 silly packumentCache full:https://registry.npmjs.org/@next%2fswc-win32-arm64-msvc set size:4863430 disposed:false
675 silly fetch manifest std-env@^3.9.0
676 silly packumentCache full:https://registry.npmjs.org/std-env cache-miss
677 http cache https://registry.npmjs.org/nanoid 178ms (cache hit)
678 silly packumentCache full:https://registry.npmjs.org/nanoid set size:298419 disposed:false
679 silly fetch manifest tinyexec@^0.3.2
680 silly packumentCache full:https://registry.npmjs.org/tinyexec cache-miss
681 http cache https://registry.npmjs.org/source-map-js 154ms (cache hit)
682 silly packumentCache full:https://registry.npmjs.org/source-map-js set size:62640 disposed:false
683 silly fetch manifest tinypool@^1.1.1
684 silly packumentCache full:https://registry.npmjs.org/tinypool cache-miss
685 http cache https://registry.npmjs.org/chai 103ms (cache hit)
686 silly packumentCache full:https://registry.npmjs.org/chai set size:232540 disposed:false
687 silly fetch manifest picomatch@^4.0.2
688 silly packumentCache full:https://registry.npmjs.org/picomatch cache-miss
689 http cache https://registry.npmjs.org/scheduler 138ms (cache hit)
690 silly packumentCache full:https://registry.npmjs.org/scheduler set size:5415305 disposed:false
691 silly fetch manifest tinybench@^2.9.0
692 silly packumentCache full:https://registry.npmjs.org/tinybench cache-miss
693 http cache https://registry.npmjs.org/std-env 39ms (cache hit)
694 silly packumentCache full:https://registry.npmjs.org/std-env set size:84246 disposed:false
695 silly fetch manifest vite-node@3.2.4
696 silly packumentCache full:https://registry.npmjs.org/vite-node cache-miss
697 http cache https://registry.npmjs.org/pathe 69ms (cache hit)
698 silly packumentCache full:https://registry.npmjs.org/pathe set size:68788 disposed:false
699 silly fetch manifest tinyglobby@^0.2.14
700 silly packumentCache full:https://registry.npmjs.org/tinyglobby cache-miss
701 http cache https://registry.npmjs.org/tinyexec 37ms (cache hit)
702 silly packumentCache full:https://registry.npmjs.org/tinyexec set size:38584 disposed:false
703 silly fetch manifest @types/chai@^5.2.2
704 silly packumentCache full:https://registry.npmjs.org/@types%2fchai cache-miss
705 http cache https://registry.npmjs.org/tinypool 40ms (cache hit)
706 silly packumentCache full:https://registry.npmjs.org/tinypool set size:90796 disposed:false
707 silly fetch manifest @vitest/spy@3.2.4
708 silly packumentCache full:https://registry.npmjs.org/@vitest%2fspy cache-miss
709 http cache https://registry.npmjs.org/picomatch 38ms (cache hit)
710 silly packumentCache full:https://registry.npmjs.org/picomatch set size:118818 disposed:false
711 silly fetch manifest expect-type@^1.2.1
712 silly packumentCache full:https://registry.npmjs.org/expect-type cache-miss
713 http cache https://registry.npmjs.org/vite 163ms (cache hit)
714 silly packumentCache full:https://registry.npmjs.org/vite set size:38733997 disposed:false
715 silly fetch manifest tinyrainbow@^2.0.0
716 silly packumentCache full:https://registry.npmjs.org/tinyrainbow cache-miss
717 http cache https://registry.npmjs.org/tinybench 240ms (cache hit)
718 silly packumentCache full:https://registry.npmjs.org/tinybench set size:156830 disposed:false
719 silly fetch manifest magic-string@^0.30.17
720 silly packumentCache full:https://registry.npmjs.org/magic-string cache-miss
721 http cache https://registry.npmjs.org/tinyglobby 237ms (cache hit)
722 silly packumentCache full:https://registry.npmjs.org/tinyglobby set size:49812 disposed:false
723 silly fetch manifest @vitest/utils@3.2.4
724 silly packumentCache full:https://registry.npmjs.org/@vitest%2futils cache-miss
725 http cache https://registry.npmjs.org/vite-node 242ms (cache hit)
726 silly packumentCache full:https://registry.npmjs.org/vite-node set size:1076278 disposed:false
727 silly fetch manifest @vitest/expect@3.2.4
728 silly packumentCache full:https://registry.npmjs.org/@vitest%2fexpect cache-miss
729 http cache https://registry.npmjs.org/@types%2fchai 245ms (cache hit)
730 silly packumentCache full:https://registry.npmjs.org/@types%2fchai set size:226260 disposed:false
731 silly fetch manifest @vitest/mocker@3.2.4
732 silly packumentCache full:https://registry.npmjs.org/@vitest%2fmocker cache-miss
733 http cache https://registry.npmjs.org/expect-type 242ms (cache hit)
734 silly packumentCache full:https://registry.npmjs.org/expect-type set size:185336 disposed:false
735 silly fetch manifest @vitest/runner@3.2.4
736 silly packumentCache full:https://registry.npmjs.org/@vitest%2frunner cache-miss
737 http cache https://registry.npmjs.org/@vitest%2fspy 246ms (cache hit)
738 silly packumentCache full:https://registry.npmjs.org/@vitest%2fspy set size:399866 disposed:false
739 silly fetch manifest @vitest/snapshot@3.2.4
740 silly packumentCache full:https://registry.npmjs.org/@vitest%2fsnapshot cache-miss
741 http cache https://registry.npmjs.org/tinyrainbow 23ms (cache hit)
742 silly packumentCache full:https://registry.npmjs.org/tinyrainbow set size:22192 disposed:false
743 silly fetch manifest why-is-node-running@^2.3.0
744 silly packumentCache full:https://registry.npmjs.org/why-is-node-running cache-miss
745 http cache https://registry.npmjs.org/magic-string 21ms (cache hit)
746 silly packumentCache full:https://registry.npmjs.org/magic-string set size:331817 disposed:false
747 silly fetch manifest @vitest/pretty-format@^3.2.4
748 silly packumentCache full:https://registry.npmjs.org/@vitest%2fpretty-format cache-miss
749 http cache https://registry.npmjs.org/@vitest%2fexpect 17ms (cache hit)
750 silly packumentCache full:https://registry.npmjs.org/@vitest%2fexpect set size:431657 disposed:false
751 http cache https://registry.npmjs.org/@vitest%2futils 27ms (cache hit)
752 silly packumentCache full:https://registry.npmjs.org/@vitest%2futils set size:509648 disposed:false
753 http cache https://registry.npmjs.org/@vitest%2fmocker 21ms (cache hit)
754 silly packumentCache full:https://registry.npmjs.org/@vitest%2fmocker set size:259462 disposed:false
755 http cache https://registry.npmjs.org/@vitest%2frunner 19ms (cache hit)
756 silly packumentCache full:https://registry.npmjs.org/@vitest%2frunner set size:419669 disposed:false
757 http cache https://registry.npmjs.org/why-is-node-running 19ms (cache hit)
758 silly packumentCache full:https://registry.npmjs.org/why-is-node-running set size:50482 disposed:false
759 http cache https://registry.npmjs.org/@vitest%2fsnapshot 21ms (cache hit)
760 silly packumentCache full:https://registry.npmjs.org/@vitest%2fsnapshot set size:402109 disposed:false
761 http cache https://registry.npmjs.org/@vitest%2fpretty-format 17ms (cache hit)
762 silly packumentCache full:https://registry.npmjs.org/@vitest%2fpretty-format set size:229673 disposed:false
763 silly placeDep ROOT @types/cookie@0.6.0 OK for: @supabase/ssr@0.5.2 want: ^0.6.0
764 silly placeDep ROOT cookie@0.7.2 OK for: @supabase/ssr@0.5.2 want: ^0.7.0
765 silly placeDep ROOT @supabase/auth-js@2.98.0 OK for: @supabase/supabase-js@2.98.0 want: 2.98.0
766 silly placeDep ROOT @supabase/functions-js@2.98.0 OK for: @supabase/supabase-js@2.98.0 want: 2.98.0
767 silly placeDep ROOT @supabase/postgrest-js@2.98.0 OK for: @supabase/supabase-js@2.98.0 want: 2.98.0
768 silly placeDep ROOT @supabase/realtime-js@2.98.0 OK for: @supabase/supabase-js@2.98.0 want: 2.98.0
769 silly placeDep ROOT @supabase/storage-js@2.98.0 OK for: @supabase/supabase-js@2.98.0 want: 2.98.0
770 silly fetch manifest tslib@2.8.1
771 silly packumentCache full:https://registry.npmjs.org/tslib cache-miss
772 silly fetch manifest tslib@2.8.1
773 silly packumentCache full:https://registry.npmjs.org/tslib cache-miss
774 silly fetch manifest tslib@2.8.1
775 silly packumentCache full:https://registry.npmjs.org/tslib cache-miss
776 silly fetch manifest ws@^8.18.2
777 silly packumentCache full:https://registry.npmjs.org/ws cache-hit
778 silly fetch manifest tslib@2.8.1
779 silly packumentCache full:https://registry.npmjs.org/tslib cache-miss
780 silly fetch manifest @types/ws@^8.18.1
781 silly packumentCache full:https://registry.npmjs.org/@types%2fws cache-miss
782 silly fetch manifest @types/phoenix@^1.6.6
783 silly packumentCache full:https://registry.npmjs.org/@types%2fphoenix cache-miss
784 silly fetch manifest tslib@2.8.1
785 silly packumentCache full:https://registry.npmjs.org/tslib cache-miss
786 http cache https://registry.npmjs.org/tslib 32ms (cache hit)
787 silly packumentCache full:https://registry.npmjs.org/tslib set size:108760 disposed:false
788 silly fetch manifest iceberg-js@^0.8.1
789 silly packumentCache full:https://registry.npmjs.org/iceberg-js cache-miss
790 http cache https://registry.npmjs.org/tslib 33ms (cache hit)
791 silly packumentCache full:https://registry.npmjs.org/tslib set size:108760 disposed:false
792 silly packumentCache full:https://registry.npmjs.org/tslib dispose
793 http cache https://registry.npmjs.org/tslib 34ms (cache hit)
794 silly packumentCache full:https://registry.npmjs.org/tslib set size:108760 disposed:true
795 silly packumentCache full:https://registry.npmjs.org/tslib dispose
796 http cache https://registry.npmjs.org/@types%2fphoenix 34ms (cache hit)
797 silly packumentCache full:https://registry.npmjs.org/@types%2fphoenix set size:50552 disposed:false
798 http cache https://registry.npmjs.org/tslib 35ms (cache hit)
799 silly packumentCache full:https://registry.npmjs.org/tslib set size:108760 disposed:true
800 silly packumentCache full:https://registry.npmjs.org/tslib dispose
801 http cache https://registry.npmjs.org/tslib 37ms (cache hit)
802 silly packumentCache full:https://registry.npmjs.org/tslib set size:108760 disposed:true
803 silly packumentCache full:https://registry.npmjs.org/tslib dispose
804 http cache https://registry.npmjs.org/iceberg-js 6ms (cache hit)
805 silly packumentCache full:https://registry.npmjs.org/iceberg-js set size:32835 disposed:false
806 http fetch GET 200 https://registry.npmjs.org/@types%2fws 324ms (cache miss)
807 silly packumentCache full:https://registry.npmjs.org/@types%2fws set size:undefined disposed:false
808 silly placeDep ROOT tslib@2.8.1 OK for: @supabase/auth-js@2.98.0 want: 2.8.1
809 silly placeDep ROOT @types/phoenix@1.6.7 OK for: @supabase/realtime-js@2.98.0 want: ^1.6.6
810 silly placeDep ROOT @types/ws@8.18.1 OK for: @supabase/realtime-js@2.98.0 want: ^8.18.1
811 silly placeDep ROOT ws@8.19.0 OK for: @supabase/realtime-js@2.98.0 want: ^8.18.2
812 silly placeDep ROOT iceberg-js@0.8.1 OK for: @supabase/storage-js@2.98.0 want: ^0.8.1
813 silly placeDep ROOT @alloc/quick-lru@5.2.0 OK for: @tailwindcss/postcss@4.2.1 want: ^5.2.0
814 silly placeDep ROOT @tailwindcss/node@4.2.1 OK for: @tailwindcss/postcss@4.2.1 want: 4.2.1
815 silly placeDep ROOT @tailwindcss/oxide@4.2.1 OK for: @tailwindcss/postcss@4.2.1 want: 4.2.1
816 silly fetch manifest jiti@^2.6.1
817 silly packumentCache full:https://registry.npmjs.org/jiti cache-miss
818 silly fetch manifest lightningcss@1.31.1
819 silly packumentCache full:https://registry.npmjs.org/lightningcss cache-miss
820 silly fetch manifest magic-string@^0.30.21
821 silly packumentCache full:https://registry.npmjs.org/magic-string cache-hit
822 silly fetch manifest enhanced-resolve@^5.19.0
823 silly packumentCache full:https://registry.npmjs.org/enhanced-resolve cache-miss
824 silly fetch manifest @jridgewell/remapping@^2.3.5
825 silly packumentCache full:https://registry.npmjs.org/@jridgewell%2fremapping cache-miss
826 silly fetch manifest @tailwindcss/oxide-darwin-x64@4.2.1
827 silly packumentCache full:https://registry.npmjs.org/@tailwindcss%2foxide-darwin-x64 cache-miss
828 silly fetch manifest @tailwindcss/oxide-freebsd-x64@4.2.1
829 silly packumentCache full:https://registry.npmjs.org/@tailwindcss%2foxide-freebsd-x64 cache-miss
830 silly fetch manifest @tailwindcss/oxide-wasm32-wasi@4.2.1
831 silly packumentCache full:https://registry.npmjs.org/@tailwindcss%2foxide-wasm32-wasi cache-miss
832 http cache https://registry.npmjs.org/@jridgewell%2fremapping 4ms (cache hit)
833 silly packumentCache full:https://registry.npmjs.org/@jridgewell%2fremapping set size:23809 disposed:false
834 silly fetch manifest @tailwindcss/oxide-darwin-arm64@4.2.1
835 silly packumentCache full:https://registry.npmjs.org/@tailwindcss%2foxide-darwin-arm64 cache-miss
836 http cache https://registry.npmjs.org/jiti 7ms (cache hit)
837 silly packumentCache full:https://registry.npmjs.org/jiti set size:382310 disposed:false
838 silly fetch manifest @tailwindcss/oxide-android-arm64@4.2.1
839 silly packumentCache full:https://registry.npmjs.org/@tailwindcss%2foxide-android-arm64 cache-miss
840 http cache https://registry.npmjs.org/enhanced-resolve 11ms (cache hit)
841 silly packumentCache full:https://registry.npmjs.org/enhanced-resolve set size:356274 disposed:false
842 silly fetch manifest @tailwindcss/oxide-linux-x64-gnu@4.2.1
843 silly packumentCache full:https://registry.npmjs.org/@tailwindcss%2foxide-linux-x64-gnu cache-miss
844 http cache https://registry.npmjs.org/lightningcss 13ms (cache hit)
845 silly packumentCache full:https://registry.npmjs.org/lightningcss set size:182441 disposed:false
846 silly fetch manifest @tailwindcss/oxide-linux-x64-musl@4.2.1
847 silly packumentCache full:https://registry.npmjs.org/@tailwindcss%2foxide-linux-x64-musl cache-miss
848 http cache https://registry.npmjs.org/@tailwindcss%2foxide-freebsd-x64 17ms (cache hit)
849 silly packumentCache full:https://registry.npmjs.org/@tailwindcss%2foxide-freebsd-x64 set size:2588704 disposed:false
850 silly fetch manifest @tailwindcss/oxide-win32-x64-msvc@4.2.1
851 silly packumentCache full:https://registry.npmjs.org/@tailwindcss%2foxide-win32-x64-msvc cache-miss
852 http cache https://registry.npmjs.org/@tailwindcss%2foxide-darwin-x64 31ms (cache hit)
853 silly packumentCache full:https://registry.npmjs.org/@tailwindcss%2foxide-darwin-x64 set size:2575813 disposed:false
854 silly fetch manifest @tailwindcss/oxide-linux-arm64-gnu@4.2.1
855 silly packumentCache full:https://registry.npmjs.org/@tailwindcss%2foxide-linux-arm64-gnu cache-miss
856 http cache https://registry.npmjs.org/@tailwindcss%2foxide-darwin-arm64 42ms (cache hit)
857 silly packumentCache full:https://registry.npmjs.org/@tailwindcss%2foxide-darwin-arm64 set size:2608182 disposed:false
858 silly fetch manifest @tailwindcss/oxide-linux-arm64-musl@4.2.1
859 silly packumentCache full:https://registry.npmjs.org/@tailwindcss%2foxide-linux-arm64-musl cache-miss
860 http cache https://registry.npmjs.org/@tailwindcss%2foxide-linux-x64-musl 46ms (cache hit)
861 silly packumentCache full:https://registry.npmjs.org/@tailwindcss%2foxide-linux-x64-musl set size:2636353 disposed:false
862 silly fetch manifest @tailwindcss/oxide-win32-arm64-msvc@4.2.1
863 silly packumentCache full:https://registry.npmjs.org/@tailwindcss%2foxide-win32-arm64-msvc cache-miss
864 http cache https://registry.npmjs.org/@tailwindcss%2foxide-win32-x64-msvc 58ms (cache hit)
865 silly packumentCache full:https://registry.npmjs.org/@tailwindcss%2foxide-win32-x64-msvc set size:2611773 disposed:false
866 silly fetch manifest @tailwindcss/oxide-linux-arm-gnueabihf@4.2.1
867 silly packumentCache full:https://registry.npmjs.org/@tailwindcss%2foxide-linux-arm-gnueabihf cache-miss
868 http cache https://registry.npmjs.org/@tailwindcss%2foxide-linux-x64-gnu 85ms (cache hit)
869 silly packumentCache full:https://registry.npmjs.org/@tailwindcss%2foxide-linux-x64-gnu set size:2628716 disposed:false
870 http cache https://registry.npmjs.org/@tailwindcss%2foxide-linux-arm64-gnu 69ms (cache hit)
871 silly packumentCache full:https://registry.npmjs.org/@tailwindcss%2foxide-linux-arm64-gnu set size:2652181 disposed:false
872 http cache https://registry.npmjs.org/@tailwindcss%2foxide-linux-arm64-musl 72ms (cache hit)
873 silly packumentCache full:https://registry.npmjs.org/@tailwindcss%2foxide-linux-arm64-musl set size:2662072 disposed:false
874 http cache https://registry.npmjs.org/@tailwindcss%2foxide-win32-arm64-msvc 58ms (cache hit)
875 silly packumentCache full:https://registry.npmjs.org/@tailwindcss%2foxide-win32-arm64-msvc set size:1719741 disposed:false
876 http cache https://registry.npmjs.org/@tailwindcss%2foxide-linux-arm-gnueabihf 55ms (cache hit)
877 silly packumentCache full:https://registry.npmjs.org/@tailwindcss%2foxide-linux-arm-gnueabihf set size:2674540 disposed:false
878 http fetch GET 200 https://registry.npmjs.org/@tailwindcss%2foxide-wasm32-wasi 164ms (cache miss)
879 silly packumentCache full:https://registry.npmjs.org/@tailwindcss%2foxide-wasm32-wasi set size:undefined disposed:false
880 silly placeDep ROOT @jridgewell/remapping@2.3.5 OK for: @tailwindcss/node@4.2.1 want: ^2.3.5
881 silly placeDep ROOT enhanced-resolve@5.20.0 OK for: @tailwindcss/node@4.2.1 want: ^5.19.0
882 silly placeDep ROOT jiti@2.6.1 OK for: @tailwindcss/node@4.2.1 want: ^2.6.1
883 silly placeDep ROOT lightningcss@1.31.1 OK for: @tailwindcss/node@4.2.1 want: 1.31.1
884 silly placeDep ROOT magic-string@0.30.21 OK for: @tailwindcss/node@4.2.1 want: ^0.30.21
885 silly placeDep ROOT source-map-js@1.2.1 OK for: @tailwindcss/node@4.2.1 want: ^1.2.1
886 silly fetch manifest @jridgewell/gen-mapping@^0.3.5
887 silly packumentCache full:https://registry.npmjs.org/@jridgewell%2fgen-mapping cache-miss
888 silly fetch manifest @jridgewell/trace-mapping@^0.3.24
889 silly packumentCache full:https://registry.npmjs.org/@jridgewell%2ftrace-mapping cache-miss
890 silly fetch manifest graceful-fs@^4.2.4
891 silly packumentCache full:https://registry.npmjs.org/graceful-fs cache-miss
892 silly fetch manifest tapable@^2.3.0
893 silly packumentCache full:https://registry.npmjs.org/tapable cache-miss
894 silly fetch manifest detect-libc@^2.0.3
895 silly packumentCache full:https://registry.npmjs.org/detect-libc cache-miss
896 silly fetch manifest lightningcss-darwin-x64@1.31.1
897 silly packumentCache full:https://registry.npmjs.org/lightningcss-darwin-x64 cache-miss
898 silly fetch manifest lightningcss-linux-x64-gnu@1.31.1
899 silly packumentCache full:https://registry.npmjs.org/lightningcss-linux-x64-gnu cache-miss
900 http cache https://registry.npmjs.org/@jridgewell%2fgen-mapping 11ms (cache hit)
901 silly packumentCache full:https://registry.npmjs.org/@jridgewell%2fgen-mapping set size:80719 disposed:false
902 silly fetch manifest lightningcss-win32-x64-msvc@1.31.1
903 silly packumentCache full:https://registry.npmjs.org/lightningcss-win32-x64-msvc cache-miss
904 http cache https://registry.npmjs.org/detect-libc 12ms (cache hit)
905 silly packumentCache full:https://registry.npmjs.org/detect-libc set size:47861 disposed:false
906 silly fetch manifest lightningcss-win32-arm64-msvc@1.31.1
907 silly packumentCache full:https://registry.npmjs.org/lightningcss-win32-arm64-msvc cache-miss
908 http cache https://registry.npmjs.org/lightningcss-linux-x64-gnu 14ms (cache hit)
909 silly packumentCache full:https://registry.npmjs.org/lightningcss-linux-x64-gnu set size:78391 disposed:false
910 silly fetch manifest lightningcss-darwin-arm64@1.31.1
911 silly packumentCache full:https://registry.npmjs.org/lightningcss-darwin-arm64 cache-miss
912 http cache https://registry.npmjs.org/graceful-fs 16ms (cache hit)
913 silly packumentCache full:https://registry.npmjs.org/graceful-fs set size:124285 disposed:false
914 silly fetch manifest lightningcss-linux-arm64-gnu@1.31.1
915 silly packumentCache full:https://registry.npmjs.org/lightningcss-linux-arm64-gnu cache-miss
916 http cache https://registry.npmjs.org/lightningcss-darwin-x64 18ms (cache hit)
917 silly packumentCache full:https://registry.npmjs.org/lightningcss-darwin-x64 set size:77015 disposed:false
918 silly fetch manifest lightningcss-linux-arm-gnueabihf@1.31.1
919 silly packumentCache full:https://registry.npmjs.org/lightningcss-linux-arm-gnueabihf cache-miss
920 http cache https://registry.npmjs.org/tapable 20ms (cache hit)
921 silly packumentCache full:https://registry.npmjs.org/tapable set size:110375 disposed:false
922 silly fetch manifest lightningcss-linux-arm64-musl@1.31.1
923 silly packumentCache full:https://registry.npmjs.org/lightningcss-linux-arm64-musl cache-miss
924 http cache https://registry.npmjs.org/@jridgewell%2ftrace-mapping 22ms (cache hit)
925 silly packumentCache full:https://registry.npmjs.org/@jridgewell%2ftrace-mapping set size:170909 disposed:false
926 silly fetch manifest lightningcss-linux-x64-musl@1.31.1
927 silly packumentCache full:https://registry.npmjs.org/lightningcss-linux-x64-musl cache-miss
928 http cache https://registry.npmjs.org/lightningcss-win32-x64-msvc 16ms (cache hit)
929 silly packumentCache full:https://registry.npmjs.org/lightningcss-win32-x64-msvc set size:77943 disposed:false
930 silly fetch manifest lightningcss-freebsd-x64@1.31.1
931 silly packumentCache full:https://registry.npmjs.org/lightningcss-freebsd-x64 cache-miss
932 http cache https://registry.npmjs.org/lightningcss-win32-arm64-msvc 15ms (cache hit)
933 silly packumentCache full:https://registry.npmjs.org/lightningcss-win32-arm64-msvc set size:24914 disposed:false
934 silly fetch manifest lightningcss-android-arm64@1.31.1
935 silly packumentCache full:https://registry.npmjs.org/lightningcss-android-arm64 cache-miss
936 http cache https://registry.npmjs.org/lightningcss-darwin-arm64 14ms (cache hit)
937 silly packumentCache full:https://registry.npmjs.org/lightningcss-darwin-arm64 set size:77583 disposed:false
938 silly fetch manifest @jridgewell/sourcemap-codec@^1.5.5
939 silly packumentCache full:https://registry.npmjs.org/@jridgewell%2fsourcemap-codec cache-miss
940 http cache https://registry.npmjs.org/lightningcss-linux-arm64-gnu 14ms (cache hit)
941 silly packumentCache full:https://registry.npmjs.org/lightningcss-linux-arm64-gnu set size:78941 disposed:false
942 http cache https://registry.npmjs.org/lightningcss-linux-arm64-musl 11ms (cache hit)
943 silly packumentCache full:https://registry.npmjs.org/lightningcss-linux-arm64-musl set size:79156 disposed:false
944 http cache https://registry.npmjs.org/lightningcss-linux-x64-musl 9ms (cache hit)
945 silly packumentCache full:https://registry.npmjs.org/lightningcss-linux-x64-musl set size:78594 disposed:false
946 http cache https://registry.npmjs.org/@jridgewell%2fsourcemap-codec 4ms (cache hit)
947 silly packumentCache full:https://registry.npmjs.org/@jridgewell%2fsourcemap-codec set size:59275 disposed:false
948 http cache https://registry.npmjs.org/lightningcss-freebsd-x64 7ms (cache hit)
949 silly packumentCache full:https://registry.npmjs.org/lightningcss-freebsd-x64 set size:41190 disposed:false
950 http cache https://registry.npmjs.org/lightningcss-android-arm64 7ms (cache hit)
951 silly packumentCache full:https://registry.npmjs.org/lightningcss-android-arm64 set size:5971 disposed:false
952 http fetch GET 200 https://registry.npmjs.org/lightningcss-linux-arm-gnueabihf 83ms (cache miss)
953 silly packumentCache full:https://registry.npmjs.org/lightningcss-linux-arm-gnueabihf set size:undefined disposed:false
954 silly placeDep ROOT @jridgewell/gen-mapping@0.3.13 OK for: @jridgewell/remapping@2.3.5 want: ^0.3.5
955 silly placeDep ROOT @jridgewell/trace-mapping@0.3.31 OK for: @jridgewell/remapping@2.3.5 want: ^0.3.24
956 silly fetch manifest @jridgewell/sourcemap-codec@^1.5.0
957 silly packumentCache full:https://registry.npmjs.org/@jridgewell%2fsourcemap-codec cache-hit
958 silly fetch manifest @jridgewell/resolve-uri@^3.1.0
959 silly packumentCache full:https://registry.npmjs.org/@jridgewell%2fresolve-uri cache-miss
960 silly fetch manifest @jridgewell/sourcemap-codec@^1.4.14
961 silly packumentCache full:https://registry.npmjs.org/@jridgewell%2fsourcemap-codec cache-hit
962 http cache https://registry.npmjs.org/@jridgewell%2fresolve-uri 3ms (cache hit)
963 silly packumentCache full:https://registry.npmjs.org/@jridgewell%2fresolve-uri set size:57361 disposed:false
964 silly placeDep ROOT @jridgewell/sourcemap-codec@1.5.5 OK for: @jridgewell/gen-mapping@0.3.13 want: ^1.5.0
965 silly placeDep ROOT @jridgewell/resolve-uri@3.1.2 OK for: @jridgewell/trace-mapping@0.3.31 want: ^3.1.0
966 silly fetch manifest @tailwindcss/oxide-android-arm64@4.2.1
967 silly packumentCache full:https://registry.npmjs.org/@tailwindcss%2foxide-android-arm64 cache-miss
968 http cache https://registry.npmjs.org/@tailwindcss%2foxide-android-arm64 5ms (cache hit)
969 silly packumentCache full:https://registry.npmjs.org/@tailwindcss%2foxide-android-arm64 set size:1747260 disposed:false
970 silly placeDep ROOT @tailwindcss/oxide-android-arm64@4.2.1 OK for: @tailwindcss/oxide@4.2.1 want: 4.2.1
971 silly placeDep ROOT @tailwindcss/oxide-darwin-arm64@4.2.1 OK for: @tailwindcss/oxide@4.2.1 want: 4.2.1
972 silly placeDep ROOT @tailwindcss/oxide-darwin-x64@4.2.1 OK for: @tailwindcss/oxide@4.2.1 want: 4.2.1
973 silly placeDep ROOT @tailwindcss/oxide-freebsd-x64@4.2.1 OK for: @tailwindcss/oxide@4.2.1 want: 4.2.1
974 silly placeDep ROOT @tailwindcss/oxide-linux-arm-gnueabihf@4.2.1 OK for: @tailwindcss/oxide@4.2.1 want: 4.2.1
975 silly placeDep ROOT @tailwindcss/oxide-linux-arm64-gnu@4.2.1 OK for: @tailwindcss/oxide@4.2.1 want: 4.2.1
976 silly placeDep ROOT @tailwindcss/oxide-linux-arm64-musl@4.2.1 OK for: @tailwindcss/oxide@4.2.1 want: 4.2.1
977 silly placeDep ROOT @tailwindcss/oxide-linux-x64-gnu@4.2.1 OK for: @tailwindcss/oxide@4.2.1 want: 4.2.1
978 silly placeDep ROOT @tailwindcss/oxide-linux-x64-musl@4.2.1 OK for: @tailwindcss/oxide@4.2.1 want: 4.2.1
979 silly placeDep ROOT @tailwindcss/oxide-wasm32-wasi@4.2.1 OK for: @tailwindcss/oxide@4.2.1 want: 4.2.1
980 silly placeDep ROOT @tailwindcss/oxide-win32-arm64-msvc@4.2.1 OK for: @tailwindcss/oxide@4.2.1 want: 4.2.1
981 silly placeDep ROOT @tailwindcss/oxide-win32-x64-msvc@4.2.1 OK for: @tailwindcss/oxide@4.2.1 want: 4.2.1
982 silly placeDep ROOT @adobe/css-tools@4.4.4 OK for: @testing-library/jest-dom@6.9.1 want: ^4.4.0
983 silly placeDep ROOT aria-query@5.3.2 OK for: @testing-library/jest-dom@6.9.1 want: ^5.0.0
984 silly placeDep ROOT css.escape@1.5.1 OK for: @testing-library/jest-dom@6.9.1 want: ^1.5.1
985 silly placeDep ROOT dom-accessibility-api@0.6.3 OK for: @testing-library/jest-dom@6.9.1 want: ^0.6.3
986 silly placeDep ROOT picocolors@1.1.1 OK for: @testing-library/jest-dom@6.9.1 want: ^1.1.1
987 silly placeDep ROOT redent@3.0.0 OK for: @testing-library/jest-dom@6.9.1 want: ^3.0.0
988 silly fetch manifest indent-string@^4.0.0
989 silly packumentCache full:https://registry.npmjs.org/indent-string cache-miss
990 silly fetch manifest strip-indent@^3.0.0
991 silly packumentCache full:https://registry.npmjs.org/strip-indent cache-miss
992 http cache https://registry.npmjs.org/indent-string 3ms (cache hit)
993 silly packumentCache full:https://registry.npmjs.org/indent-string set size:28547 disposed:false
994 http cache https://registry.npmjs.org/strip-indent 4ms (cache hit)
995 silly packumentCache full:https://registry.npmjs.org/strip-indent set size:21841 disposed:false
996 silly placeDep ROOT @babel/runtime@7.28.6 OK for: @testing-library/react@16.3.2 want: ^7.12.5
997 silly placeDep ROOT undici-types@6.21.0 OK for: @types/node@22.19.13 want: ~6.21.0
998 silly placeDep ROOT csstype@3.2.3 OK for: @types/react@19.2.14 want: ^3.2.2
999 silly placeDep ROOT @babel/core@7.29.0 OK for: @vitejs/plugin-react@4.7.0 want: ^7.28.0
1000 silly placeDep ROOT @babel/plugin-transform-react-jsx-self@7.27.1 OK for: @vitejs/plugin-react@4.7.0 want: ^7.27.1
1001 silly placeDep ROOT @babel/plugin-transform-react-jsx-source@7.27.1 OK for: @vitejs/plugin-react@4.7.0 want: ^7.27.1
1002 silly placeDep ROOT @rolldown/pluginutils@1.0.0-beta.27 OK for: @vitejs/plugin-react@4.7.0 want: 1.0.0-beta.27
1003 silly placeDep ROOT @types/babel__core@7.20.5 OK for: @vitejs/plugin-react@4.7.0 want: ^7.20.5
1004 silly placeDep ROOT react-refresh@0.17.0 OK for: @vitejs/plugin-react@4.7.0 want: ^0.17.0
1005 silly fetch manifest debug@^4.1.0
1006 silly packumentCache full:https://registry.npmjs.org/debug cache-hit
1007 silly fetch manifest json5@^2.2.3
1008 silly packumentCache full:https://registry.npmjs.org/json5 cache-miss
1009 silly fetch manifest semver@^6.3.1
1010 silly packumentCache full:https://registry.npmjs.org/semver cache-miss
1011 silly fetch manifest gensync@^1.0.0-beta.2
1012 silly packumentCache full:https://registry.npmjs.org/gensync cache-miss
1013 silly fetch manifest @babel/types@^7.29.0
1014 silly packumentCache full:https://registry.npmjs.org/@babel%2ftypes cache-miss
1015 silly fetch manifest @babel/parser@^7.29.0
1016 silly packumentCache full:https://registry.npmjs.org/@babel%2fparser cache-miss
1017 silly fetch manifest @babel/helpers@^7.28.6
1018 silly packumentCache full:https://registry.npmjs.org/@babel%2fhelpers cache-miss
1019 silly fetch manifest @babel/template@^7.28.6
1020 silly packumentCache full:https://registry.npmjs.org/@babel%2ftemplate cache-miss
1021 http cache https://registry.npmjs.org/@babel%2fparser 7ms (cache hit)
1022 silly packumentCache full:https://registry.npmjs.org/@babel%2fparser set size:714217 disposed:false
1023 silly fetch manifest @babel/traverse@^7.29.0
1024 silly packumentCache full:https://registry.npmjs.org/@babel%2ftraverse cache-miss
1025 http cache https://registry.npmjs.org/json5 13ms (cache hit)
1026 silly packumentCache full:https://registry.npmjs.org/json5 set size:86136 disposed:false
1027 silly fetch manifest @babel/generator@^7.29.0
1028 silly packumentCache full:https://registry.npmjs.org/@babel%2fgenerator cache-miss
1029 http cache https://registry.npmjs.org/@babel%2fhelpers 14ms (cache hit)
1030 silly packumentCache full:https://registry.npmjs.org/@babel%2fhelpers set size:384482 disposed:false
1031 silly fetch manifest @babel/code-frame@^7.29.0
1032 silly packumentCache full:https://registry.npmjs.org/@babel%2fcode-frame cache-miss
1033 http cache https://registry.npmjs.org/@babel%2ftypes 17ms (cache hit)
1034 silly packumentCache full:https://registry.npmjs.org/@babel%2ftypes set size:485839 disposed:false
1035 silly fetch manifest convert-source-map@^2.0.0
1036 silly packumentCache full:https://registry.npmjs.org/convert-source-map cache-miss
1037 http cache https://registry.npmjs.org/gensync 21ms (cache hit)
1038 silly packumentCache full:https://registry.npmjs.org/gensync set size:15068 disposed:false
1039 silly fetch manifest @babel/helper-module-transforms@^7.28.6
1040 silly packumentCache full:https://registry.npmjs.org/@babel%2fhelper-module-transforms cache-miss
1041 http cache https://registry.npmjs.org/@babel%2fcode-frame 10ms (cache hit)
1042 silly packumentCache full:https://registry.npmjs.org/@babel%2fcode-frame set size:194176 disposed:false
1043 silly fetch manifest @babel/helper-compilation-targets@^7.28.6
1044 silly packumentCache full:https://registry.npmjs.org/@babel%2fhelper-compilation-targets cache-miss
1045 http cache https://registry.npmjs.org/@babel%2ftraverse 16ms (cache hit)
1046 silly packumentCache full:https://registry.npmjs.org/@babel%2ftraverse set size:546499 disposed:false
1047 silly fetch manifest @babel/helper-plugin-utils@^7.27.1
1048 silly packumentCache full:https://registry.npmjs.org/@babel%2fhelper-plugin-utils cache-miss
1049 http cache https://registry.npmjs.org/convert-source-map 11ms (cache hit)
1050 silly packumentCache full:https://registry.npmjs.org/convert-source-map set size:66997 disposed:false
1051 silly fetch manifest @babel/helper-plugin-utils@^7.27.1
1052 silly packumentCache full:https://registry.npmjs.org/@babel%2fhelper-plugin-utils cache-miss
1053 http cache https://registry.npmjs.org/@babel%2fhelper-module-transforms 11ms (cache hit)
1054 silly packumentCache full:https://registry.npmjs.org/@babel%2fhelper-module-transforms set size:331474 disposed:false
1055 silly fetch manifest @babel/types@^7.20.7
1056 silly packumentCache full:https://registry.npmjs.org/@babel%2ftypes cache-hit
1057 silly fetch manifest @babel/parser@^7.20.7
1058 silly packumentCache full:https://registry.npmjs.org/@babel%2fparser cache-hit
1059 silly fetch manifest @types/babel__template@*
1060 silly packumentCache full:https://registry.npmjs.org/@types%2fbabel__template cache-miss
1061 http cache https://registry.npmjs.org/@babel%2fgenerator 22ms (cache hit)
1062 silly packumentCache full:https://registry.npmjs.org/@babel%2fgenerator set size:504910 disposed:false
1063 silly fetch manifest @types/babel__traverse@*
1064 silly packumentCache full:https://registry.npmjs.org/@types%2fbabel__traverse cache-miss
1065 http cache https://registry.npmjs.org/@types%2fbabel__template 20ms (cache hit)
1066 silly packumentCache full:https://registry.npmjs.org/@types%2fbabel__template set size:22631 disposed:false
1067 silly fetch manifest @types/babel__generator@*
1068 silly packumentCache full:https://registry.npmjs.org/@types%2fbabel__generator cache-miss
1069 http cache https://registry.npmjs.org/@babel%2fhelper-compilation-targets 30ms (cache hit)
1070 silly packumentCache full:https://registry.npmjs.org/@babel%2fhelper-compilation-targets set size:216684 disposed:false
1071 http cache https://registry.npmjs.org/@types%2fbabel__traverse 22ms (cache hit)
1072 silly packumentCache full:https://registry.npmjs.org/@types%2fbabel__traverse set size:107819 disposed:false
1073 http cache https://registry.npmjs.org/@babel%2fhelper-plugin-utils 30ms (cache hit)
1074 silly packumentCache full:https://registry.npmjs.org/@babel%2fhelper-plugin-utils set size:162082 disposed:false
1075 http cache https://registry.npmjs.org/@babel%2fhelper-plugin-utils 32ms (cache hit)
1076 silly packumentCache full:https://registry.npmjs.org/@babel%2fhelper-plugin-utils set size:162082 disposed:false
1077 silly packumentCache full:https://registry.npmjs.org/@babel%2fhelper-plugin-utils dispose
1078 http cache https://registry.npmjs.org/@types%2fbabel__generator 15ms (cache hit)
1079 silly packumentCache full:https://registry.npmjs.org/@types%2fbabel__generator set size:31587 disposed:false
1080 http fetch GET 200 https://registry.npmjs.org/semver 92ms (cache miss)
1081 silly packumentCache full:https://registry.npmjs.org/semver set size:undefined disposed:false
1082 silly fetch manifest @babel/template@^7.28.6
1083 silly packumentCache full:https://registry.npmjs.org/@babel%2ftemplate cache-miss
1084 http cache https://registry.npmjs.org/@babel%2ftemplate 4ms (cache hit)
1085 silly packumentCache full:https://registry.npmjs.org/@babel%2ftemplate set size:225245 disposed:false
1086 silly placeDep ROOT @babel/code-frame@7.29.0 OK for: @babel/core@7.29.0 want: ^7.29.0
1087 silly placeDep ROOT @babel/generator@7.29.1 OK for: @babel/core@7.29.0 want: ^7.29.0
1088 silly placeDep ROOT @babel/helper-compilation-targets@7.28.6 OK for: @babel/core@7.29.0 want: ^7.28.6
1089 silly placeDep ROOT @babel/helper-module-transforms@7.28.6 OK for: @babel/core@7.29.0 want: ^7.28.6
1090 silly placeDep ROOT @babel/helpers@7.28.6 OK for: @babel/core@7.29.0 want: ^7.28.6
1091 silly placeDep ROOT @babel/parser@7.29.0 OK for: @babel/core@7.29.0 want: ^7.29.0
1092 silly placeDep ROOT @babel/template@7.28.6 OK for: @babel/core@7.29.0 want: ^7.28.6
1093 silly placeDep ROOT @babel/traverse@7.29.0 OK for: @babel/core@7.29.0 want: ^7.29.0
1094 silly placeDep ROOT @babel/types@7.29.0 OK for: @babel/core@7.29.0 want: ^7.29.0
1095 silly placeDep ROOT convert-source-map@2.0.0 OK for: @babel/core@7.29.0 want: ^2.0.0
1096 silly placeDep ROOT debug@4.4.3 OK for: @babel/core@7.29.0 want: ^4.1.0
1097 silly placeDep ROOT gensync@1.0.0-beta.2 OK for: @babel/core@7.29.0 want: ^1.0.0-beta.2
1098 silly placeDep ROOT json5@2.2.3 OK for: @babel/core@7.29.0 want: ^2.2.3
1099 silly placeDep ROOT semver@6.3.1 OK for: @babel/core@7.29.0 want: ^6.3.1
1100 silly fetch manifest js-tokens@^4.0.0
1101 silly packumentCache full:https://registry.npmjs.org/js-tokens cache-miss
1102 silly fetch manifest @babel/helper-validator-identifier@^7.28.5
1103 silly packumentCache full:https://registry.npmjs.org/@babel%2fhelper-validator-identifier cache-miss
1104 silly fetch manifest jsesc@^3.0.2
1105 silly packumentCache full:https://registry.npmjs.org/jsesc cache-miss
1106 silly fetch manifest lru-cache@^5.1.1
1107 silly packumentCache full:https://registry.npmjs.org/lru-cache cache-miss
1108 silly fetch manifest browserslist@^4.24.0
1109 silly packumentCache full:https://registry.npmjs.org/browserslist cache-miss
1110 silly fetch manifest @babel/compat-data@^7.28.6
1111 silly packumentCache full:https://registry.npmjs.org/@babel%2fcompat-data cache-miss
1112 silly fetch manifest @babel/helper-validator-option@^7.27.1
1113 silly packumentCache full:https://registry.npmjs.org/@babel%2fhelper-validator-option cache-miss
1114 http cache https://registry.npmjs.org/@babel%2fcompat-data 5ms (cache hit)
1115 silly packumentCache full:https://registry.npmjs.org/@babel%2fcompat-data set size:303539 disposed:false
1116 silly fetch manifest @babel/traverse@^7.28.6
1117 silly packumentCache full:https://registry.npmjs.org/@babel%2ftraverse cache-hit
1118 silly fetch manifest @babel/helper-module-imports@^7.28.6
1119 silly packumentCache full:https://registry.npmjs.org/@babel%2fhelper-module-imports cache-miss
1120 http cache https://registry.npmjs.org/@babel%2fhelper-validator-option 8ms (cache hit)
1121 silly packumentCache full:https://registry.npmjs.org/@babel%2fhelper-validator-option set size:90529 disposed:false
1122 silly fetch manifest @babel/helper-validator-identifier@^7.28.5
1123 silly packumentCache full:https://registry.npmjs.org/@babel%2fhelper-validator-identifier cache-miss
1124 http cache https://registry.npmjs.org/lru-cache 10ms (cache hit)
1125 silly packumentCache full:https://registry.npmjs.org/lru-cache set size:413591 disposed:false
1126 silly fetch manifest @babel/types@^7.28.6
1127 silly packumentCache full:https://registry.npmjs.org/@babel%2ftypes cache-hit
1128 silly fetch manifest debug@^4.3.1
1129 silly packumentCache full:https://registry.npmjs.org/debug cache-hit
1130 silly fetch manifest @babel/helper-globals@^7.28.0
1131 silly packumentCache full:https://registry.npmjs.org/@babel%2fhelper-globals cache-miss
1132 http cache https://registry.npmjs.org/js-tokens 14ms (cache hit)
1133 silly packumentCache full:https://registry.npmjs.org/js-tokens set size:41947 disposed:false
1134 silly fetch manifest @babel/helper-string-parser@^7.27.1
1135 silly packumentCache full:https://registry.npmjs.org/@babel%2fhelper-string-parser cache-miss
1136 http cache https://registry.npmjs.org/@babel%2fhelper-validator-identifier 16ms (cache hit)
1137 silly packumentCache full:https://registry.npmjs.org/@babel%2fhelper-validator-identifier set size:114475 disposed:false
1138 silly fetch manifest ms@^2.1.3
1139 silly packumentCache full:https://registry.npmjs.org/ms cache-miss
1140 http cache https://registry.npmjs.org/jsesc 17ms (cache hit)
1141 silly packumentCache full:https://registry.npmjs.org/jsesc set size:61512 disposed:false
1142 http cache https://registry.npmjs.org/browserslist 18ms (cache hit)
1143 silly packumentCache full:https://registry.npmjs.org/browserslist set size:502989 disposed:false
1144 http cache https://registry.npmjs.org/@babel%2fhelper-string-parser 9ms (cache hit)
1145 silly packumentCache full:https://registry.npmjs.org/@babel%2fhelper-string-parser set size:80211 disposed:false
1146 http cache https://registry.npmjs.org/@babel%2fhelper-validator-identifier 16ms (cache hit)
1147 silly packumentCache full:https://registry.npmjs.org/@babel%2fhelper-validator-identifier set size:114475 disposed:false
1148 silly packumentCache full:https://registry.npmjs.org/@babel%2fhelper-validator-identifier dispose
1149 http cache https://registry.npmjs.org/@babel%2fhelper-globals 11ms (cache hit)
1150 silly packumentCache full:https://registry.npmjs.org/@babel%2fhelper-globals set size:13624 disposed:false
1151 http cache https://registry.npmjs.org/ms 9ms (cache hit)
1152 silly packumentCache full:https://registry.npmjs.org/ms set size:92208 disposed:false
1153 http fetch GET 200 https://registry.npmjs.org/@babel%2fhelper-module-imports 144ms (cache miss)
1154 silly packumentCache full:https://registry.npmjs.org/@babel%2fhelper-module-imports set size:undefined disposed:false
1155 silly placeDep ROOT @babel/helper-validator-identifier@7.28.5 OK for: @babel/code-frame@7.29.0 want: ^7.28.5
1156 silly placeDep ROOT js-tokens@4.0.0 OK for: @babel/code-frame@7.29.0 want: ^4.0.0
1157 silly placeDep ROOT jsesc@3.1.0 OK for: @babel/generator@7.29.1 want: ^3.0.2
1158 silly placeDep ROOT @babel/compat-data@7.29.0 OK for: @babel/helper-compilation-targets@7.28.6 want: ^7.28.6
1159 silly placeDep ROOT @babel/helper-validator-option@7.27.1 OK for: @babel/helper-compilation-targets@7.28.6 want: ^7.27.1
1160 silly placeDep ROOT browserslist@4.28.1 OK for: @babel/helper-compilation-targets@7.28.6 want: ^4.24.0
1161 silly placeDep ROOT lru-cache@5.1.1 OK for: @babel/helper-compilation-targets@7.28.6 want: ^5.1.1
1162 silly fetch manifest baseline-browser-mapping@^2.9.0
1163 silly packumentCache full:https://registry.npmjs.org/baseline-browser-mapping cache-miss
1164 silly fetch manifest caniuse-lite@^1.0.30001759
1165 silly packumentCache full:https://registry.npmjs.org/caniuse-lite cache-miss
1166 silly fetch manifest electron-to-chromium@^1.5.263
1167 silly packumentCache full:https://registry.npmjs.org/electron-to-chromium cache-miss
1168 silly fetch manifest node-releases@^2.0.27
1169 silly packumentCache full:https://registry.npmjs.org/node-releases cache-miss
1170 silly fetch manifest update-browserslist-db@^1.2.0
1171 silly packumentCache full:https://registry.npmjs.org/update-browserslist-db cache-miss
1172 silly fetch manifest yallist@^3.0.2
1173 silly packumentCache full:https://registry.npmjs.org/yallist cache-miss
1174 http cache https://registry.npmjs.org/caniuse-lite 13ms (cache hit)
1175 silly packumentCache full:https://registry.npmjs.org/caniuse-lite set size:2262783 disposed:false
1176 http fetch GET 200 https://registry.npmjs.org/baseline-browser-mapping 79ms (cache miss)
1177 silly packumentCache full:https://registry.npmjs.org/baseline-browser-mapping set size:undefined disposed:false
1178 http fetch GET 200 https://registry.npmjs.org/yallist 217ms (cache miss)
1179 silly packumentCache full:https://registry.npmjs.org/yallist set size:undefined disposed:false
1180 http fetch GET 200 https://registry.npmjs.org/node-releases 227ms (cache miss)
1181 silly packumentCache full:https://registry.npmjs.org/node-releases set size:undefined disposed:false
1182 http fetch GET 200 https://registry.npmjs.org/update-browserslist-db 424ms (cache miss)
1183 silly packumentCache full:https://registry.npmjs.org/update-browserslist-db set size:undefined disposed:false
1184 http fetch GET 200 https://registry.npmjs.org/electron-to-chromium 1277ms (cache miss)
1185 silly packumentCache full:https://registry.npmjs.org/electron-to-chromium set size:undefined disposed:false
1186 silly placeDep ROOT @babel/helper-module-imports@7.28.6 OK for: @babel/helper-module-transforms@7.28.6 want: ^7.28.6
1187 silly placeDep ROOT @babel/helper-plugin-utils@7.28.6 OK for: @babel/plugin-transform-react-jsx-self@7.27.1 want: ^7.27.1
1188 silly placeDep ROOT @babel/helper-globals@7.28.0 OK for: @babel/traverse@7.29.0 want: ^7.28.0
1189 silly placeDep ROOT @babel/helper-string-parser@7.27.1 OK for: @babel/types@7.29.0 want: ^7.27.1
1190 silly placeDep ROOT @types/babel__generator@7.27.0 OK for: @types/babel__core@7.20.5 want: *
1191 silly placeDep ROOT @types/babel__template@7.4.4 OK for: @types/babel__core@7.20.5 want: *
1192 silly placeDep ROOT @types/babel__traverse@7.28.0 OK for: @types/babel__core@7.20.5 want: *
1193 silly placeDep ROOT baseline-browser-mapping@2.10.0 OK for: browserslist@4.28.1 want: ^2.9.0
1194 silly placeDep ROOT caniuse-lite@1.0.30001776 OK for: browserslist@4.28.1 want: ^1.0.30001759
1195 silly placeDep ROOT electron-to-chromium@1.5.307 OK for: browserslist@4.28.1 want: ^1.5.263
1196 silly placeDep ROOT node-releases@2.0.27 OK for: browserslist@4.28.1 want: ^2.0.27
1197 silly placeDep ROOT update-browserslist-db@1.2.3 OK for: browserslist@4.28.1 want: ^1.2.0
1198 silly fetch manifest escalade@^3.2.0
1199 silly packumentCache full:https://registry.npmjs.org/escalade cache-miss
1200 http fetch GET 200 https://registry.npmjs.org/escalade 72ms (cache miss)
1201 silly packumentCache full:https://registry.npmjs.org/escalade set size:undefined disposed:false
1202 silly placeDep ROOT cheerio-select@2.1.0 OK for: cheerio@1.2.0 want: ^2.1.0
1203 silly placeDep ROOT dom-serializer@2.0.0 OK for: cheerio@1.2.0 want: ^2.0.0
1204 silly placeDep ROOT domhandler@5.0.3 OK for: cheerio@1.2.0 want: ^5.0.3
1205 silly placeDep ROOT domutils@3.2.2 OK for: cheerio@1.2.0 want: ^3.2.2
1206 silly placeDep ROOT encoding-sniffer@0.2.1 OK for: cheerio@1.2.0 want: ^0.2.1
1207 silly placeDep ROOT htmlparser2@10.1.0 OK for: cheerio@1.2.0 want: ^10.1.0
1208 silly placeDep ROOT parse5@7.3.0 OK for: cheerio@1.2.0 want: ^7.3.0
1209 silly placeDep ROOT parse5-htmlparser2-tree-adapter@7.1.0 OK for: cheerio@1.2.0 want: ^7.1.0
1210 silly placeDep ROOT parse5-parser-stream@7.1.2 OK for: cheerio@1.2.0 want: ^7.1.2
1211 silly placeDep ROOT undici@7.22.0 OK for: cheerio@1.2.0 want: ^7.19.0
1212 silly placeDep ROOT whatwg-mimetype@4.0.0 OK for: cheerio@1.2.0 want: ^4.0.0
1213 silly fetch manifest boolbase@^1.0.0
1214 silly packumentCache full:https://registry.npmjs.org/boolbase cache-miss
1215 silly fetch manifest css-what@^6.1.0
1216 silly packumentCache full:https://registry.npmjs.org/css-what cache-miss
1217 silly fetch manifest domutils@^3.0.1
1218 silly packumentCache full:https://registry.npmjs.org/domutils cache-hit
1219 silly fetch manifest css-select@^5.1.0
1220 silly packumentCache full:https://registry.npmjs.org/css-select cache-miss
1221 silly fetch manifest domelementtype@^2.3.0
1222 silly packumentCache full:https://registry.npmjs.org/domelementtype cache-miss
1223 silly fetch manifest entities@^4.2.0
1224 silly packumentCache full:https://registry.npmjs.org/entities cache-miss
1225 silly fetch manifest domhandler@^5.0.2
1226 silly packumentCache full:https://registry.npmjs.org/domhandler cache-hit
1227 silly fetch manifest domelementtype@^2.3.0
1228 silly packumentCache full:https://registry.npmjs.org/domelementtype cache-miss
1229 silly fetch manifest domelementtype@^2.3.0
1230 silly packumentCache full:https://registry.npmjs.org/domelementtype cache-miss
1231 http fetch GET 200 https://registry.npmjs.org/domelementtype 63ms (cache miss)
1232 silly packumentCache full:https://registry.npmjs.org/domelementtype set size:undefined disposed:false
1233 silly fetch manifest iconv-lite@^0.6.3
1234 silly packumentCache full:https://registry.npmjs.org/iconv-lite cache-miss
1235 http fetch GET 200 https://registry.npmjs.org/boolbase 68ms (cache miss)
1236 silly packumentCache full:https://registry.npmjs.org/boolbase set size:undefined disposed:false
1237 silly fetch manifest entities@^7.0.1
1238 silly packumentCache full:https://registry.npmjs.org/entities cache-miss
1239 http fetch GET 200 https://registry.npmjs.org/css-what 74ms (cache miss)
1240 silly packumentCache full:https://registry.npmjs.org/css-what set size:undefined disposed:false
1241 silly fetch manifest entities@^6.0.0
1242 silly packumentCache full:https://registry.npmjs.org/entities cache-miss
1243 http fetch GET 200 https://registry.npmjs.org/entities 80ms (cache miss)
1244 silly packumentCache full:https://registry.npmjs.org/entities set size:undefined disposed:false
1245 http fetch GET 200 https://registry.npmjs.org/css-select 83ms (cache miss)
1246 silly packumentCache full:https://registry.npmjs.org/css-select set size:undefined disposed:false
1247 http fetch GET 200 https://registry.npmjs.org/entities 51ms (cache miss)
1248 silly packumentCache full:https://registry.npmjs.org/entities set size:undefined disposed:false
1249 http fetch GET 200 https://registry.npmjs.org/entities 61ms (cache miss)
1250 silly packumentCache full:https://registry.npmjs.org/entities set size:undefined disposed:false
1251 http fetch GET 200 https://registry.npmjs.org/iconv-lite 66ms (cache miss)
1252 silly packumentCache full:https://registry.npmjs.org/iconv-lite set size:undefined disposed:false
1253 http fetch GET 200 https://registry.npmjs.org/domelementtype 230ms (cache miss)
1254 silly packumentCache full:https://registry.npmjs.org/domelementtype set size:undefined disposed:false
1255 http fetch GET 200 https://registry.npmjs.org/domelementtype 291ms (cache miss)
1256 silly packumentCache full:https://registry.npmjs.org/domelementtype set size:undefined disposed:false
1257 silly placeDep ROOT boolbase@1.0.0 OK for: cheerio-select@2.1.0 want: ^1.0.0
1258 silly placeDep ROOT css-select@5.2.2 OK for: cheerio-select@2.1.0 want: ^5.1.0
1259 silly placeDep ROOT css-what@6.2.2 OK for: cheerio-select@2.1.0 want: ^6.1.0
1260 silly placeDep ROOT domelementtype@2.3.0 OK for: cheerio-select@2.1.0 want: ^2.3.0
1261 silly fetch manifest nth-check@^2.0.1
1262 silly packumentCache full:https://registry.npmjs.org/nth-check cache-miss
1263 http fetch GET 200 https://registry.npmjs.org/nth-check 82ms (cache miss)
1264 silly packumentCache full:https://registry.npmjs.org/nth-check set size:undefined disposed:false
1265 silly placeDep ROOT nth-check@2.1.1 OK for: css-select@5.2.2 want: ^2.0.1
1266 silly placeDep ROOT ms@2.1.3 OK for: debug@4.4.3 want: ^2.1.3
1267 silly placeDep ROOT entities@4.5.0 OK for: dom-serializer@2.0.0 want: ^4.2.0
1268 silly placeDep ROOT iconv-lite@0.6.3 OK for: encoding-sniffer@0.2.1 want: ^0.6.3
1269 silly placeDep ROOT whatwg-encoding@3.1.1 OK for: encoding-sniffer@0.2.1 want: ^3.1.1
1270 silly fetch manifest safer-buffer@>= 2.1.2 < 3.0.0
1271 silly packumentCache full:https://registry.npmjs.org/safer-buffer cache-miss
1272 http fetch GET 200 https://registry.npmjs.org/safer-buffer 68ms (cache miss)
1273 silly packumentCache full:https://registry.npmjs.org/safer-buffer set size:undefined disposed:false
1274 silly placeDep ROOT graceful-fs@4.2.11 OK for: enhanced-resolve@5.20.0 want: ^4.2.4
1275 silly placeDep ROOT tapable@2.3.0 OK for: enhanced-resolve@5.20.0 want: ^2.3.0
1276 silly placeDep ROOT @eslint-community/eslint-utils@4.9.1 OK for: eslint@9.39.3 want: ^4.8.0
1277 silly placeDep ROOT @eslint-community/regexpp@4.12.2 OK for: eslint@9.39.3 want: ^4.12.1
1278 silly placeDep ROOT @eslint/config-array@0.21.1 OK for: eslint@9.39.3 want: ^0.21.1
1279 silly placeDep ROOT @eslint/config-helpers@0.4.2 OK for: eslint@9.39.3 want: ^0.4.2
1280 silly placeDep ROOT @eslint/core@0.17.0 OK for: eslint@9.39.3 want: ^0.17.0
1281 silly placeDep ROOT @eslint/eslintrc@3.3.4 OK for: eslint@9.39.3 want: ^3.3.1
1282 silly placeDep ROOT @eslint/js@9.39.3 OK for: eslint@9.39.3 want: 9.39.3
1283 silly placeDep ROOT @eslint/plugin-kit@0.4.1 OK for: eslint@9.39.3 want: ^0.4.1
1284 silly placeDep ROOT @humanfs/node@0.16.7 OK for: eslint@9.39.3 want: ^0.16.6
1285 silly placeDep ROOT @humanwhocodes/module-importer@1.0.1 OK for: eslint@9.39.3 want: ^1.0.1
1286 silly placeDep ROOT @humanwhocodes/retry@0.4.3 OK for: eslint@9.39.3 want: ^0.4.2
1287 silly placeDep ROOT @types/estree@1.0.8 OK for: eslint@9.39.3 want: ^1.0.6
1288 silly placeDep ROOT ajv@6.14.0 OK for: eslint@9.39.3 want: ^6.12.4
1289 silly placeDep ROOT chalk@4.1.2 OK for: eslint@9.39.3 want: ^4.0.0
1290 silly placeDep ROOT cross-spawn@7.0.6 OK for: eslint@9.39.3 want: ^7.0.6
1291 silly placeDep ROOT escape-string-regexp@4.0.0 OK for: eslint@9.39.3 want: ^4.0.0
1292 silly placeDep ROOT eslint-scope@8.4.0 OK for: eslint@9.39.3 want: ^8.4.0
1293 silly placeDep ROOT eslint-visitor-keys@4.2.1 OK for: eslint@9.39.3 want: ^4.2.1
1294 silly placeDep ROOT espree@10.4.0 OK for: eslint@9.39.3 want: ^10.4.0
1295 silly placeDep ROOT esquery@1.7.0 OK for: eslint@9.39.3 want: ^1.5.0
1296 silly placeDep ROOT esutils@2.0.3 OK for: eslint@9.39.3 want: ^2.0.2
1297 silly placeDep ROOT fast-deep-equal@3.1.3 OK for: eslint@9.39.3 want: ^3.1.3
1298 silly placeDep ROOT file-entry-cache@8.0.0 OK for: eslint@9.39.3 want: ^8.0.0
1299 silly placeDep ROOT find-up@5.0.0 OK for: eslint@9.39.3 want: ^5.0.0
1300 silly placeDep ROOT glob-parent@6.0.2 OK for: eslint@9.39.3 want: ^6.0.2
1301 silly placeDep ROOT ignore@5.3.2 OK for: eslint@9.39.3 want: ^5.2.0
1302 silly placeDep ROOT imurmurhash@0.1.4 OK for: eslint@9.39.3 want: ^0.1.4
1303 silly placeDep ROOT is-glob@4.0.3 OK for: eslint@9.39.3 want: ^4.0.0
1304 silly placeDep ROOT json-stable-stringify-without-jsonify@1.0.1 OK for: eslint@9.39.3 want: ^1.0.1
1305 silly placeDep ROOT lodash.merge@4.6.2 OK for: eslint@9.39.3 want: ^4.6.2
1306 silly placeDep ROOT minimatch@3.1.5 OK for: eslint@9.39.3 want: ^3.1.2
1307 silly placeDep ROOT natural-compare@1.4.0 OK for: eslint@9.39.3 want: ^1.4.0
1308 silly placeDep ROOT optionator@0.9.4 OK for: eslint@9.39.3 want: ^0.9.3
1309 silly fetch manifest eslint-visitor-keys@^3.4.3
1310 silly packumentCache full:https://registry.npmjs.org/eslint-visitor-keys cache-hit
1311 silly fetch manifest @eslint/object-schema@^2.1.7
1312 silly packumentCache full:https://registry.npmjs.org/@eslint%2fobject-schema cache-miss
1313 silly fetch manifest @types/json-schema@^7.0.15
1314 silly packumentCache full:https://registry.npmjs.org/@types%2fjson-schema cache-miss
1315 silly fetch manifest ajv@^6.14.0
1316 silly packumentCache full:https://registry.npmjs.org/ajv cache-miss
1317 silly fetch manifest espree@^10.0.1
1318 silly packumentCache full:https://registry.npmjs.org/espree cache-hit
1319 silly fetch manifest globals@^14.0.0
1320 silly packumentCache full:https://registry.npmjs.org/globals cache-miss
1321 silly fetch manifest import-fresh@^3.2.1
1322 silly packumentCache full:https://registry.npmjs.org/import-fresh cache-miss
1323 silly fetch manifest js-yaml@^4.1.1
1324 silly packumentCache full:https://registry.npmjs.org/js-yaml cache-miss
1325 silly fetch manifest minimatch@^3.1.3
1326 silly packumentCache full:https://registry.npmjs.org/minimatch cache-hit
1327 silly fetch manifest strip-json-comments@^3.1.1
1328 silly packumentCache full:https://registry.npmjs.org/strip-json-comments cache-miss
1329 http cache https://registry.npmjs.org/ajv 8ms (cache hit)
1330 silly packumentCache full:https://registry.npmjs.org/ajv set size:1120197 disposed:false
1331 silly fetch manifest levn@^0.4.1
1332 silly packumentCache full:https://registry.npmjs.org/levn cache-miss
1333 http fetch GET 200 https://registry.npmjs.org/@types%2fjson-schema 78ms (cache miss)
1334 silly packumentCache full:https://registry.npmjs.org/@types%2fjson-schema set size:undefined disposed:false
1335 silly fetch manifest @humanwhocodes/retry@^0.4.0
1336 silly packumentCache full:https://registry.npmjs.org/@humanwhocodes%2fretry cache-hit
1337 silly fetch manifest @humanfs/core@^0.19.1
1338 silly packumentCache full:https://registry.npmjs.org/@humanfs%2fcore cache-miss
1339 http fetch GET 200 https://registry.npmjs.org/strip-json-comments 76ms (cache miss)
1340 silly packumentCache full:https://registry.npmjs.org/strip-json-comments set size:undefined disposed:false
1341 silly fetch manifest fast-deep-equal@^3.1.1
1342 silly packumentCache full:https://registry.npmjs.org/fast-deep-equal cache-hit
1343 silly fetch manifest fast-json-stable-stringify@^2.0.0
1344 silly packumentCache full:https://registry.npmjs.org/fast-json-stable-stringify cache-miss
1345 http fetch GET 200 https://registry.npmjs.org/levn 70ms (cache miss)
1346 silly packumentCache full:https://registry.npmjs.org/levn set size:undefined disposed:false
1347 silly fetch manifest json-schema-traverse@^0.4.1
1348 silly packumentCache full:https://registry.npmjs.org/json-schema-traverse cache-miss
1349 http fetch GET 200 https://registry.npmjs.org/@eslint%2fobject-schema 106ms (cache miss)
1350 silly packumentCache full:https://registry.npmjs.org/@eslint%2fobject-schema set size:undefined disposed:false
1351 silly fetch manifest uri-js@^4.2.2
1352 silly packumentCache full:https://registry.npmjs.org/uri-js cache-miss
1353 http fetch GET 200 https://registry.npmjs.org/fast-json-stable-stringify 49ms (cache miss)
1354 silly packumentCache full:https://registry.npmjs.org/fast-json-stable-stringify set size:undefined disposed:false
1355 silly fetch manifest ansi-styles@^4.1.0
1356 silly packumentCache full:https://registry.npmjs.org/ansi-styles cache-miss
1357 http cache https://registry.npmjs.org/ansi-styles 4ms (cache hit)
1358 silly packumentCache full:https://registry.npmjs.org/ansi-styles set size:63233 disposed:false
1359 silly fetch manifest supports-color@^7.1.0
1360 silly packumentCache full:https://registry.npmjs.org/supports-color cache-miss
1361 http fetch GET 200 https://registry.npmjs.org/json-schema-traverse 74ms (cache miss)
1362 silly packumentCache full:https://registry.npmjs.org/json-schema-traverse set size:undefined disposed:false
1363 silly fetch manifest which@^2.0.1
1364 silly packumentCache full:https://registry.npmjs.org/which cache-miss
1365 http fetch GET 200 https://registry.npmjs.org/@humanfs%2fcore 81ms (cache miss)
1366 silly packumentCache full:https://registry.npmjs.org/@humanfs%2fcore set size:undefined disposed:false
1367 silly fetch manifest path-key@^3.1.0
1368 silly packumentCache full:https://registry.npmjs.org/path-key cache-miss
1369 http fetch GET 200 https://registry.npmjs.org/uri-js 65ms (cache miss)
1370 silly packumentCache full:https://registry.npmjs.org/uri-js set size:undefined disposed:false
1371 silly fetch manifest shebang-command@^2.0.0
1372 silly packumentCache full:https://registry.npmjs.org/shebang-command cache-miss
1373 http fetch GET 200 https://registry.npmjs.org/supports-color 65ms (cache miss)
1374 silly packumentCache full:https://registry.npmjs.org/supports-color set size:undefined disposed:false
1375 silly fetch manifest esrecurse@^4.3.0
1376 silly packumentCache full:https://registry.npmjs.org/esrecurse cache-miss
1377 http fetch GET 200 https://registry.npmjs.org/shebang-command 59ms (cache miss)
1378 silly packumentCache full:https://registry.npmjs.org/shebang-command set size:undefined disposed:false
1379 silly fetch manifest estraverse@^5.2.0
1380 silly packumentCache full:https://registry.npmjs.org/estraverse cache-miss
1381 http fetch GET 200 https://registry.npmjs.org/path-key 72ms (cache miss)
1382 silly packumentCache full:https://registry.npmjs.org/path-key set size:undefined disposed:false
1383 silly fetch manifest acorn@^8.15.0
1384 silly packumentCache full:https://registry.npmjs.org/acorn cache-miss
1385 http fetch GET 200 https://registry.npmjs.org/which 79ms (cache miss)
1386 silly packumentCache full:https://registry.npmjs.org/which set size:undefined disposed:false
1387 silly fetch manifest acorn-jsx@^5.3.2
1388 silly packumentCache full:https://registry.npmjs.org/acorn-jsx cache-miss
1389 http fetch GET 200 https://registry.npmjs.org/esrecurse 52ms (cache miss)
1390 silly packumentCache full:https://registry.npmjs.org/esrecurse set size:undefined disposed:false
1391 silly fetch manifest estraverse@^5.1.0
1392 silly packumentCache full:https://registry.npmjs.org/estraverse cache-miss
1393 http fetch GET 200 https://registry.npmjs.org/globals 304ms (cache miss)
1394 silly packumentCache full:https://registry.npmjs.org/globals set size:undefined disposed:false
1395 silly fetch manifest flat-cache@^4.0.0
1396 silly packumentCache full:https://registry.npmjs.org/flat-cache cache-miss
1397 http fetch GET 200 https://registry.npmjs.org/acorn-jsx 76ms (cache miss)
1398 silly packumentCache full:https://registry.npmjs.org/acorn-jsx set size:undefined disposed:false
1399 silly fetch manifest locate-path@^6.0.0
1400 silly packumentCache full:https://registry.npmjs.org/locate-path cache-miss
1401 http fetch GET 200 https://registry.npmjs.org/estraverse 99ms (cache miss)
1402 silly packumentCache full:https://registry.npmjs.org/estraverse set size:undefined disposed:false
1403 silly fetch manifest path-exists@^4.0.0
1404 silly packumentCache full:https://registry.npmjs.org/path-exists cache-miss
1405 http fetch GET 200 https://registry.npmjs.org/estraverse 84ms (cache miss)
1406 silly packumentCache full:https://registry.npmjs.org/estraverse set size:undefined disposed:false
1407 silly fetch manifest is-glob@^4.0.3
1408 silly packumentCache full:https://registry.npmjs.org/is-glob cache-hit
1409 silly fetch manifest is-extglob@^2.1.1
1410 silly packumentCache full:https://registry.npmjs.org/is-extglob cache-miss
1411 http fetch GET 200 https://registry.npmjs.org/flat-cache 64ms (cache miss)
1412 silly packumentCache full:https://registry.npmjs.org/flat-cache set size:undefined disposed:false
1413 silly fetch manifest brace-expansion@^1.1.7
1414 silly packumentCache full:https://registry.npmjs.org/brace-expansion cache-miss
1415 http fetch GET 200 https://registry.npmjs.org/locate-path 70ms (cache miss)
1416 silly packumentCache full:https://registry.npmjs.org/locate-path set size:undefined disposed:false
1417 silly fetch manifest prelude-ls@^1.2.1
1418 silly packumentCache full:https://registry.npmjs.org/prelude-ls cache-miss
1419 http fetch GET 200 https://registry.npmjs.org/path-exists 57ms (cache miss)
1420 silly packumentCache full:https://registry.npmjs.org/path-exists set size:undefined disposed:false
1421 silly fetch manifest deep-is@^0.1.3
1422 silly packumentCache full:https://registry.npmjs.org/deep-is cache-miss
1423 http fetch GET 200 https://registry.npmjs.org/is-extglob 66ms (cache miss)
1424 silly packumentCache full:https://registry.npmjs.org/is-extglob set size:undefined disposed:false
1425 silly fetch manifest word-wrap@^1.2.5
1426 silly packumentCache full:https://registry.npmjs.org/word-wrap cache-miss
1427 http fetch GET 200 https://registry.npmjs.org/acorn 173ms (cache miss)
1428 silly packumentCache full:https://registry.npmjs.org/acorn set size:undefined disposed:false
1429 silly fetch manifest type-check@^0.4.0
1430 silly packumentCache full:https://registry.npmjs.org/type-check cache-miss
1431 http fetch GET 200 https://registry.npmjs.org/brace-expansion 56ms (cache miss)
1432 silly packumentCache full:https://registry.npmjs.org/brace-expansion set size:undefined disposed:false
1433 silly fetch manifest fast-levenshtein@^2.0.6
1434 silly packumentCache full:https://registry.npmjs.org/fast-levenshtein cache-miss
1435 http fetch GET 200 https://registry.npmjs.org/deep-is 53ms (cache miss)
1436 silly packumentCache full:https://registry.npmjs.org/deep-is set size:undefined disposed:false
1437 http fetch GET 200 https://registry.npmjs.org/word-wrap 43ms (cache miss)
1438 silly packumentCache full:https://registry.npmjs.org/word-wrap set size:undefined disposed:false
1439 http fetch GET 200 https://registry.npmjs.org/prelude-ls 70ms (cache miss)
1440 silly packumentCache full:https://registry.npmjs.org/prelude-ls set size:undefined disposed:false
1441 http fetch GET 200 https://registry.npmjs.org/type-check 72ms (cache miss)
1442 silly packumentCache full:https://registry.npmjs.org/type-check set size:undefined disposed:false
1443 http fetch GET 200 https://registry.npmjs.org/fast-levenshtein 61ms (cache miss)
1444 silly packumentCache full:https://registry.npmjs.org/fast-levenshtein set size:undefined disposed:false
1445 silly placeDep node_modules/@eslint-community/eslint-utils eslint-visitor-keys@3.4.3 OK for: @eslint-community/eslint-utils@4.9.1 want: ^3.4.3
1446 silly placeDep ROOT @eslint/object-schema@2.1.7 OK for: @eslint/config-array@0.21.1 want: ^2.1.7
1447 silly placeDep ROOT @types/json-schema@7.0.15 OK for: @eslint/core@0.17.0 want: ^7.0.15
1448 silly fetch manifest import-fresh@^3.2.1
1449 silly packumentCache full:https://registry.npmjs.org/import-fresh cache-miss
1450 http cache https://registry.npmjs.org/import-fresh 3ms (cache hit)
1451 silly packumentCache full:https://registry.npmjs.org/import-fresh set size:24604 disposed:false
1452 silly fetch manifest js-yaml@^4.1.1
1453 silly packumentCache full:https://registry.npmjs.org/js-yaml cache-miss
1454 http cache https://registry.npmjs.org/js-yaml 2ms (cache hit)
1455 silly packumentCache full:https://registry.npmjs.org/js-yaml set size:152232 disposed:false
1456 silly placeDep ROOT globals@14.0.0 OK for: @eslint/eslintrc@3.3.4 want: ^14.0.0
1457 silly placeDep ROOT import-fresh@3.3.1 OK for: @eslint/eslintrc@3.3.4 want: ^3.2.1
1458 silly placeDep ROOT js-yaml@4.1.1 OK for: @eslint/eslintrc@3.3.4 want: ^4.1.1
1459 silly placeDep ROOT strip-json-comments@3.1.1 OK for: @eslint/eslintrc@3.3.4 want: ^3.1.1
1460 silly fetch manifest resolve-from@^4.0.0
1461 silly packumentCache full:https://registry.npmjs.org/resolve-from cache-miss
1462 silly fetch manifest parent-module@^1.0.0
1463 silly packumentCache full:https://registry.npmjs.org/parent-module cache-miss
1464 silly fetch manifest argparse@^2.0.1
1465 silly packumentCache full:https://registry.npmjs.org/argparse cache-miss
1466 http cache https://registry.npmjs.org/parent-module 3ms (cache hit)
1467 silly packumentCache full:https://registry.npmjs.org/parent-module set size:18255 disposed:false
1468 http cache https://registry.npmjs.org/resolve-from 4ms (cache hit)
1469 silly packumentCache full:https://registry.npmjs.org/resolve-from set size:12911 disposed:false
1470 http cache https://registry.npmjs.org/argparse 4ms (cache hit)
1471 silly packumentCache full:https://registry.npmjs.org/argparse set size:49266 disposed:false
1472 silly placeDep ROOT levn@0.4.1 OK for: @eslint/plugin-kit@0.4.1 want: ^0.4.1
1473 silly fetch manifest type-check@~0.4.0
1474 silly packumentCache full:https://registry.npmjs.org/type-check cache-miss
1475 http cache https://registry.npmjs.org/type-check 2ms (cache hit)
1476 silly packumentCache full:https://registry.npmjs.org/type-check set size:21221 disposed:false
1477 silly placeDep ROOT @humanfs/core@0.19.1 OK for: @humanfs/node@0.16.7 want: ^0.19.1
1478 silly placeDep ROOT fast-json-stable-stringify@2.1.0 OK for: ajv@6.14.0 want: ^2.0.0
1479 silly placeDep ROOT json-schema-traverse@0.4.1 OK for: ajv@6.14.0 want: ^0.4.1
1480 silly placeDep ROOT uri-js@4.4.1 OK for: ajv@6.14.0 want: ^4.2.2
1481 silly fetch manifest punycode@^2.1.0
1482 silly packumentCache full:https://registry.npmjs.org/punycode cache-miss
1483 http fetch GET 200 https://registry.npmjs.org/punycode 125ms (cache miss)
1484 silly packumentCache full:https://registry.npmjs.org/punycode set size:undefined disposed:false
1485 silly placeDep ROOT ansi-styles@4.3.0 OK for: chalk@4.1.2 want: ^4.1.0
1486 silly placeDep ROOT supports-color@7.2.0 OK for: chalk@4.1.2 want: ^7.1.0
1487 silly fetch manifest color-convert@^2.0.1
1488 silly packumentCache full:https://registry.npmjs.org/color-convert cache-miss
1489 silly fetch manifest has-flag@^4.0.0
1490 silly packumentCache full:https://registry.npmjs.org/has-flag cache-miss
1491 http fetch GET 200 https://registry.npmjs.org/color-convert 98ms (cache miss)
1492 silly packumentCache full:https://registry.npmjs.org/color-convert set size:undefined disposed:false
1493 http fetch GET 200 https://registry.npmjs.org/has-flag 115ms (cache miss)
1494 silly packumentCache full:https://registry.npmjs.org/has-flag set size:undefined disposed:false
1495 silly placeDep ROOT color-convert@2.0.1 OK for: ansi-styles@4.3.0 want: ^2.0.1
1496 silly fetch manifest color-name@~1.1.4
1497 silly packumentCache full:https://registry.npmjs.org/color-name cache-miss
1498 http fetch GET 200 https://registry.npmjs.org/color-name 73ms (cache miss)
1499 silly packumentCache full:https://registry.npmjs.org/color-name set size:undefined disposed:false
1500 silly placeDep ROOT color-name@1.1.4 OK for: color-convert@2.0.1 want: ~1.1.4
1501 silly placeDep ROOT path-key@3.1.1 OK for: cross-spawn@7.0.6 want: ^3.1.0
1502 silly placeDep ROOT shebang-command@2.0.0 OK for: cross-spawn@7.0.6 want: ^2.0.0
1503 silly placeDep ROOT which@2.0.2 OK for: cross-spawn@7.0.6 want: ^2.0.1
1504 silly fetch manifest shebang-regex@^3.0.0
1505 silly packumentCache full:https://registry.npmjs.org/shebang-regex cache-miss
1506 silly fetch manifest isexe@^2.0.0
1507 silly packumentCache full:https://registry.npmjs.org/isexe cache-miss
1508 http fetch GET 200 https://registry.npmjs.org/shebang-regex 51ms (cache miss)
1509 silly packumentCache full:https://registry.npmjs.org/shebang-regex set size:undefined disposed:false
1510 http fetch GET 200 https://registry.npmjs.org/isexe 79ms (cache miss)
1511 silly packumentCache full:https://registry.npmjs.org/isexe set size:undefined disposed:false
1512 silly placeDep ROOT @next/eslint-plugin-next@15.1.6 OK for: eslint-config-next@15.1.6 want: 15.1.6
1513 silly placeDep ROOT @rushstack/eslint-patch@1.16.1 OK for: eslint-config-next@15.1.6 want: ^1.10.3
1514 silly placeDep ROOT @typescript-eslint/eslint-plugin@8.56.1 OK for: eslint-config-next@15.1.6 want: ^5.4.2 || ^6.0.0 || ^7.0.0 || ^8.0.0
1515 silly placeDep ROOT @typescript-eslint/parser@8.56.1 OK for: eslint-config-next@15.1.6 want: ^5.4.2 || ^6.0.0 || ^7.0.0 || ^8.0.0
1516 silly placeDep ROOT eslint-import-resolver-node@0.3.9 OK for: eslint-config-next@15.1.6 want: ^0.3.6
1517 silly placeDep ROOT eslint-import-resolver-typescript@3.10.1 OK for: eslint-config-next@15.1.6 want: ^3.5.2
1518 silly placeDep ROOT eslint-plugin-import@2.32.0 OK for: eslint-config-next@15.1.6 want: ^2.31.0
1519 silly placeDep ROOT eslint-plugin-jsx-a11y@6.10.2 OK for: eslint-config-next@15.1.6 want: ^6.10.0
1520 silly placeDep ROOT eslint-plugin-react@7.37.5 OK for: eslint-config-next@15.1.6 want: ^7.37.0
1521 silly placeDep ROOT eslint-plugin-react-hooks@5.2.0 OK for: eslint-config-next@15.1.6 want: ^5.0.0
1522 silly fetch manifest fast-glob@3.3.1
1523 silly packumentCache full:https://registry.npmjs.org/fast-glob cache-miss
1524 silly fetch manifest ignore@^7.0.5
1525 silly packumentCache full:https://registry.npmjs.org/ignore cache-hit
1526 silly fetch manifest ts-api-utils@^2.4.0
1527 silly packumentCache full:https://registry.npmjs.org/ts-api-utils cache-miss
1528 silly fetch manifest @typescript-eslint/utils@8.56.1
1529 silly packumentCache full:https://registry.npmjs.org/@typescript-eslint%2futils cache-miss
1530 silly fetch manifest @typescript-eslint/type-utils@8.56.1
1531 silly packumentCache full:https://registry.npmjs.org/@typescript-eslint%2ftype-utils cache-miss
1532 silly fetch manifest @typescript-eslint/visitor-keys@8.56.1
1533 silly packumentCache full:https://registry.npmjs.org/@typescript-eslint%2fvisitor-keys cache-miss
1534 silly fetch manifest @typescript-eslint/scope-manager@8.56.1
1535 silly packumentCache full:https://registry.npmjs.org/@typescript-eslint%2fscope-manager cache-miss
1536 silly fetch manifest @typescript-eslint/types@8.56.1
1537 silly packumentCache full:https://registry.npmjs.org/@typescript-eslint%2ftypes cache-miss
1538 http fetch GET 200 https://registry.npmjs.org/fast-glob 57ms (cache miss)
1539 silly packumentCache full:https://registry.npmjs.org/fast-glob set size:undefined disposed:false
1540 silly fetch manifest @typescript-eslint/visitor-keys@8.56.1
1541 silly packumentCache full:https://registry.npmjs.org/@typescript-eslint%2fvisitor-keys cache-miss
1542 http fetch GET 200 https://registry.npmjs.org/ts-api-utils 82ms (cache miss)
1543 silly packumentCache full:https://registry.npmjs.org/ts-api-utils set size:undefined disposed:false
1544 silly fetch manifest @typescript-eslint/scope-manager@8.56.1
1545 silly packumentCache full:https://registry.npmjs.org/@typescript-eslint%2fscope-manager cache-miss
1546 http fetch GET 200 https://registry.npmjs.org/@typescript-eslint%2futils 1188ms (cache miss)
1547 silly packumentCache full:https://registry.npmjs.org/@typescript-eslint%2futils set size:undefined disposed:false
1548 silly fetch manifest @typescript-eslint/typescript-estree@8.56.1
1549 silly packumentCache full:https://registry.npmjs.org/@typescript-eslint%2ftypescript-estree cache-miss
1550 http fetch GET 200 https://registry.npmjs.org/@typescript-eslint%2ftype-utils 1667ms (cache miss)
1551 silly packumentCache full:https://registry.npmjs.org/@typescript-eslint%2ftype-utils set size:undefined disposed:false
1552 silly fetch manifest debug@^3.2.7
1553 silly packumentCache full:https://registry.npmjs.org/debug cache-hit
1554 silly fetch manifest is-core-module@^2.13.0
1555 silly packumentCache full:https://registry.npmjs.org/is-core-module cache-miss
1556 http fetch GET 200 https://registry.npmjs.org/@typescript-eslint%2fvisitor-keys 1717ms (cache miss)
1557 silly packumentCache full:https://registry.npmjs.org/@typescript-eslint%2fvisitor-keys set size:undefined disposed:false
1558 silly fetch manifest resolve@^1.22.4
1559 silly packumentCache full:https://registry.npmjs.org/resolve cache-miss
1560 http fetch GET 200 https://registry.npmjs.org/is-core-module 165ms (cache miss)
1561 silly packumentCache full:https://registry.npmjs.org/is-core-module set size:undefined disposed:false
1562 silly fetch manifest tinyglobby@^0.2.13
1563 silly packumentCache full:https://registry.npmjs.org/tinyglobby cache-hit
1564 silly fetch manifest stable-hash@^0.0.5
1565 silly packumentCache full:https://registry.npmjs.org/stable-hash cache-miss
1566 http fetch GET 200 https://registry.npmjs.org/resolve 136ms (cache miss)
1567 silly packumentCache full:https://registry.npmjs.org/resolve set size:undefined disposed:false
1568 silly fetch manifest get-tsconfig@^4.10.0
1569 silly packumentCache full:https://registry.npmjs.org/get-tsconfig cache-miss
1570 http fetch GET 200 https://registry.npmjs.org/@typescript-eslint%2fvisitor-keys 1873ms (cache miss)
1571 silly packumentCache full:https://registry.npmjs.org/@typescript-eslint%2fvisitor-keys set size:undefined disposed:false
1572 silly fetch manifest is-bun-module@^2.0.0
1573 silly packumentCache full:https://registry.npmjs.org/is-bun-module cache-miss
1574 http fetch GET 200 https://registry.npmjs.org/stable-hash 133ms (cache miss)
1575 silly packumentCache full:https://registry.npmjs.org/stable-hash set size:undefined disposed:false
1576 silly fetch manifest unrs-resolver@^1.6.2
1577 silly packumentCache full:https://registry.npmjs.org/unrs-resolver cache-miss
1578 http fetch GET 200 https://registry.npmjs.org/get-tsconfig 108ms (cache miss)
1579 silly packumentCache full:https://registry.npmjs.org/get-tsconfig set size:undefined disposed:false
1580 silly fetch manifest @nolyfill/is-core-module@1.0.39
1581 silly packumentCache full:https://registry.npmjs.org/@nolyfill%2fis-core-module cache-miss
1582 http fetch GET 200 https://registry.npmjs.org/is-bun-module 68ms (cache miss)
1583 silly packumentCache full:https://registry.npmjs.org/is-bun-module set size:undefined disposed:false
1584 silly fetch manifest @rtsao/scc@^1.1.0
1585 silly packumentCache full:https://registry.npmjs.org/@rtsao%2fscc cache-miss
1586 http fetch GET 200 https://registry.npmjs.org/unrs-resolver 75ms (cache miss)
1587 silly packumentCache full:https://registry.npmjs.org/unrs-resolver set size:undefined disposed:false
1588 silly fetch manifest array-includes@^3.1.9
1589 silly packumentCache full:https://registry.npmjs.org/array-includes cache-miss
1590 http fetch GET 200 https://registry.npmjs.org/array-includes 77ms (cache miss)
1591 silly packumentCache full:https://registry.npmjs.org/array-includes set size:undefined disposed:false
1592 silly fetch manifest array.prototype.findlastindex@^1.2.6
1593 silly packumentCache full:https://registry.npmjs.org/array.prototype.findlastindex cache-miss
1594 http fetch GET 200 https://registry.npmjs.org/@rtsao%2fscc 100ms (cache miss)
1595 silly packumentCache full:https://registry.npmjs.org/@rtsao%2fscc set size:undefined disposed:false
1596 silly fetch manifest array.prototype.flat@^1.3.3
1597 silly packumentCache full:https://registry.npmjs.org/array.prototype.flat cache-miss
1598 http fetch GET 200 https://registry.npmjs.org/array.prototype.flat 164ms (cache miss)
1599 silly packumentCache full:https://registry.npmjs.org/array.prototype.flat set size:undefined disposed:false
1600 silly fetch manifest array.prototype.flatmap@^1.3.3
1601 silly packumentCache full:https://registry.npmjs.org/array.prototype.flatmap cache-miss
1602 http fetch GET 200 https://registry.npmjs.org/array.prototype.findlastindex 182ms (cache miss)
1603 silly packumentCache full:https://registry.npmjs.org/array.prototype.findlastindex set size:undefined disposed:false
1604 silly fetch manifest doctrine@^2.1.0
1605 silly packumentCache full:https://registry.npmjs.org/doctrine cache-miss
1606 http fetch GET 200 https://registry.npmjs.org/@nolyfill%2fis-core-module 498ms (cache miss)
1607 silly packumentCache full:https://registry.npmjs.org/@nolyfill%2fis-core-module set size:undefined disposed:false
1608 silly fetch manifest eslint-module-utils@^2.12.1
1609 silly packumentCache full:https://registry.npmjs.org/eslint-module-utils cache-miss
1610 http fetch GET 200 https://registry.npmjs.org/doctrine 386ms (cache miss)
1611 silly packumentCache full:https://registry.npmjs.org/doctrine set size:undefined disposed:false
1612 silly fetch manifest hasown@^2.0.2
1613 silly packumentCache full:https://registry.npmjs.org/hasown cache-miss
1614 http fetch GET 200 https://registry.npmjs.org/array.prototype.flatmap 409ms (cache miss)
1615 silly packumentCache full:https://registry.npmjs.org/array.prototype.flatmap set size:undefined disposed:false
1616 silly fetch manifest is-core-module@^2.16.1
1617 silly packumentCache full:https://registry.npmjs.org/is-core-module cache-miss
1618 http cache https://registry.npmjs.org/is-core-module 2ms (cache hit)
1619 silly packumentCache full:https://registry.npmjs.org/is-core-module set size:71788 disposed:false
1620 silly fetch manifest object.fromentries@^2.0.8
1621 silly packumentCache full:https://registry.npmjs.org/object.fromentries cache-miss
1622 http fetch GET 200 https://registry.npmjs.org/eslint-module-utils 367ms (cache miss)
1623 silly packumentCache full:https://registry.npmjs.org/eslint-module-utils set size:undefined disposed:false
1624 silly fetch manifest object.groupby@^1.0.3
1625 silly packumentCache full:https://registry.npmjs.org/object.groupby cache-miss
1626 http fetch GET 200 https://registry.npmjs.org/hasown 179ms (cache miss)
1627 silly packumentCache full:https://registry.npmjs.org/hasown set size:undefined disposed:false
1628 silly fetch manifest object.values@^1.2.1
1629 silly packumentCache full:https://registry.npmjs.org/object.values cache-miss
1630 http fetch GET 200 https://registry.npmjs.org/object.fromentries 180ms (cache miss)
1631 silly packumentCache full:https://registry.npmjs.org/object.fromentries set size:undefined disposed:false
1632 silly fetch manifest string.prototype.trimend@^1.0.9
1633 silly packumentCache full:https://registry.npmjs.org/string.prototype.trimend cache-miss
1634 http fetch GET 200 https://registry.npmjs.org/object.groupby 260ms (cache miss)
1635 silly packumentCache full:https://registry.npmjs.org/object.groupby set size:undefined disposed:false
1636 silly fetch manifest tsconfig-paths@^3.15.0
1637 silly packumentCache full:https://registry.npmjs.org/tsconfig-paths cache-miss
1638 http fetch GET 200 https://registry.npmjs.org/object.values 639ms (cache miss)
1639 silly packumentCache full:https://registry.npmjs.org/object.values set size:undefined disposed:false
1640 silly fetch manifest array-includes@^3.1.8
1641 silly packumentCache full:https://registry.npmjs.org/array-includes cache-miss
1642 http cache https://registry.npmjs.org/array-includes 3ms (cache hit)
1643 silly packumentCache full:https://registry.npmjs.org/array-includes set size:77143 disposed:false
1644 silly fetch manifest array.prototype.flatmap@^1.3.2
1645 silly packumentCache full:https://registry.npmjs.org/array.prototype.flatmap cache-miss
1646 http cache https://registry.npmjs.org/array.prototype.flatmap 2ms (cache hit)
1647 silly packumentCache full:https://registry.npmjs.org/array.prototype.flatmap set size:51458 disposed:false
1648 silly fetch manifest ast-types-flow@^0.0.8
1649 silly packumentCache full:https://registry.npmjs.org/ast-types-flow cache-miss
1650 http fetch GET 200 https://registry.npmjs.org/string.prototype.trimend 684ms (cache miss)
1651 silly packumentCache full:https://registry.npmjs.org/string.prototype.trimend set size:undefined disposed:false
1652 silly fetch manifest axe-core@^4.10.0
1653 silly packumentCache full:https://registry.npmjs.org/axe-core cache-miss
1654 http fetch GET 200 https://registry.npmjs.org/@typescript-eslint%2fscope-manager 3676ms (cache miss)
1655 silly packumentCache full:https://registry.npmjs.org/@typescript-eslint%2fscope-manager set size:undefined disposed:false
1656 silly fetch manifest axobject-query@^4.1.0
1657 silly packumentCache full:https://registry.npmjs.org/axobject-query cache-miss
1658 http fetch GET 200 https://registry.npmjs.org/@typescript-eslint%2ftypescript-estree 2536ms (cache miss)
1659 silly packumentCache full:https://registry.npmjs.org/@typescript-eslint%2ftypescript-estree set size:undefined disposed:false
1660 silly fetch manifest damerau-levenshtein@^1.0.8
1661 silly packumentCache full:https://registry.npmjs.org/damerau-levenshtein cache-miss
1662 http fetch GET 200 https://registry.npmjs.org/tsconfig-paths 804ms (cache miss)
1663 silly packumentCache full:https://registry.npmjs.org/tsconfig-paths set size:undefined disposed:false
1664 silly fetch manifest emoji-regex@^9.2.2
1665 silly packumentCache full:https://registry.npmjs.org/emoji-regex cache-miss
1666 http fetch GET 200 https://registry.npmjs.org/ast-types-flow 406ms (cache miss)
1667 silly packumentCache full:https://registry.npmjs.org/ast-types-flow set size:undefined disposed:false
1668 silly fetch manifest jsx-ast-utils@^3.3.5
1669 silly packumentCache full:https://registry.npmjs.org/jsx-ast-utils cache-miss
1670 http fetch GET 200 https://registry.npmjs.org/axobject-query 425ms (cache miss)
1671 silly packumentCache full:https://registry.npmjs.org/axobject-query set size:undefined disposed:false
1672 silly fetch manifest language-tags@^1.0.9
1673 silly packumentCache full:https://registry.npmjs.org/language-tags cache-miss
1674 http fetch GET 200 https://registry.npmjs.org/@typescript-eslint%2fscope-manager 4086ms (cache miss)
1675 silly packumentCache full:https://registry.npmjs.org/@typescript-eslint%2fscope-manager set size:undefined disposed:false
1676 silly fetch manifest safe-regex-test@^1.0.3
1677 silly packumentCache full:https://registry.npmjs.org/safe-regex-test cache-miss
1678 http fetch GET 200 https://registry.npmjs.org/damerau-levenshtein 364ms (cache miss)
1679 silly packumentCache full:https://registry.npmjs.org/damerau-levenshtein set size:undefined disposed:false
1680 silly fetch manifest string.prototype.includes@^2.0.1
1681 silly packumentCache full:https://registry.npmjs.org/string.prototype.includes cache-miss
1682 http fetch GET 200 https://registry.npmjs.org/jsx-ast-utils 280ms (cache miss)
1683 silly packumentCache full:https://registry.npmjs.org/jsx-ast-utils set size:undefined disposed:false
1684 silly fetch manifest array.prototype.findlast@^1.2.5
1685 silly packumentCache full:https://registry.npmjs.org/array.prototype.findlast cache-miss
1686 http fetch GET 200 https://registry.npmjs.org/emoji-regex 304ms (cache miss)
1687 silly packumentCache full:https://registry.npmjs.org/emoji-regex set size:undefined disposed:false
1688 silly fetch manifest array.prototype.tosorted@^1.1.4
1689 silly packumentCache full:https://registry.npmjs.org/array.prototype.tosorted cache-miss
1690 http fetch GET 200 https://registry.npmjs.org/array.prototype.findlast 127ms (cache miss)
1691 silly packumentCache full:https://registry.npmjs.org/array.prototype.findlast set size:undefined disposed:false
1692 silly fetch manifest es-iterator-helpers@^1.2.1
1693 silly packumentCache full:https://registry.npmjs.org/es-iterator-helpers cache-miss
1694 http fetch GET 200 https://registry.npmjs.org/string.prototype.includes 156ms (cache miss)
1695 silly packumentCache full:https://registry.npmjs.org/string.prototype.includes set size:undefined disposed:false
1696 silly fetch manifest estraverse@^5.3.0
1697 silly packumentCache full:https://registry.npmjs.org/estraverse cache-miss
1698 http cache https://registry.npmjs.org/estraverse 1ms (cache hit)
1699 silly packumentCache full:https://registry.npmjs.org/estraverse set size:62412 disposed:false
1700 silly fetch manifest jsx-ast-utils@^2.4.1 || ^3.0.0
1701 silly packumentCache full:https://registry.npmjs.org/jsx-ast-utils cache-miss
1702 http cache https://registry.npmjs.org/jsx-ast-utils 2ms (cache hit)
1703 silly packumentCache full:https://registry.npmjs.org/jsx-ast-utils set size:115998 disposed:false
1704 silly fetch manifest object.entries@^1.1.9
1705 silly packumentCache full:https://registry.npmjs.org/object.entries cache-miss
1706 http fetch GET 200 https://registry.npmjs.org/safe-regex-test 178ms (cache miss)
1707 silly packumentCache full:https://registry.npmjs.org/safe-regex-test set size:undefined disposed:false
1708 silly fetch manifest prop-types@^15.8.1
1709 silly packumentCache full:https://registry.npmjs.org/prop-types cache-miss
1710 http fetch GET 200 https://registry.npmjs.org/language-tags 246ms (cache miss)
1711 silly packumentCache full:https://registry.npmjs.org/language-tags set size:undefined disposed:false
1712 silly fetch manifest resolve@^2.0.0-next.5
1713 silly packumentCache full:https://registry.npmjs.org/resolve cache-miss
1714 http cache https://registry.npmjs.org/resolve 2ms (cache hit)
1715 silly packumentCache full:https://registry.npmjs.org/resolve set size:238156 disposed:false
1716 silly fetch manifest string.prototype.matchall@^4.0.12
1717 silly packumentCache full:https://registry.npmjs.org/string.prototype.matchall cache-miss
1718 http fetch GET 200 https://registry.npmjs.org/array.prototype.tosorted 152ms (cache miss)
1719 silly packumentCache full:https://registry.npmjs.org/array.prototype.tosorted set size:undefined disposed:false
1720 silly fetch manifest string.prototype.repeat@^1.0.0
1721 silly packumentCache full:https://registry.npmjs.org/string.prototype.repeat cache-miss
1722 http fetch GET 200 https://registry.npmjs.org/es-iterator-helpers 96ms (cache miss)
1723 silly packumentCache full:https://registry.npmjs.org/es-iterator-helpers set size:undefined disposed:false
1724 http fetch GET 200 https://registry.npmjs.org/prop-types 116ms (cache miss)
1725 silly packumentCache full:https://registry.npmjs.org/prop-types set size:undefined disposed:false
1726 http fetch GET 200 https://registry.npmjs.org/object.entries 128ms (cache miss)
1727 silly packumentCache full:https://registry.npmjs.org/object.entries set size:undefined disposed:false
1728 http fetch GET 200 https://registry.npmjs.org/string.prototype.repeat 126ms (cache miss)
1729 silly packumentCache full:https://registry.npmjs.org/string.prototype.repeat set size:undefined disposed:false
1730 http fetch GET 200 https://registry.npmjs.org/string.prototype.matchall 131ms (cache miss)
1731 silly packumentCache full:https://registry.npmjs.org/string.prototype.matchall set size:undefined disposed:false
1732 http fetch GET 200 https://registry.npmjs.org/axe-core 1298ms (cache miss)
1733 silly packumentCache full:https://registry.npmjs.org/axe-core set size:undefined disposed:false
1734 http fetch GET 200 https://registry.npmjs.org/@typescript-eslint%2ftypes 5397ms (cache miss)
1735 silly packumentCache full:https://registry.npmjs.org/@typescript-eslint%2ftypes set size:undefined disposed:false
1736 silly placeDep ROOT fast-glob@3.3.1 OK for: @next/eslint-plugin-next@15.1.6 want: 3.3.1
1737 silly fetch manifest merge2@^1.3.0
1738 silly packumentCache full:https://registry.npmjs.org/merge2 cache-miss
1739 silly fetch manifest micromatch@^4.0.4
1740 silly packumentCache full:https://registry.npmjs.org/micromatch cache-hit
1741 silly fetch manifest glob-parent@^5.1.2
1742 silly packumentCache full:https://registry.npmjs.org/glob-parent cache-hit
1743 silly fetch manifest @nodelib/fs.stat@^2.0.2
1744 silly packumentCache full:https://registry.npmjs.org/@nodelib%2ffs.stat cache-miss
1745 silly fetch manifest @nodelib/fs.walk@^1.2.3
1746 silly packumentCache full:https://registry.npmjs.org/@nodelib%2ffs.walk cache-miss
1747 http fetch GET 200 https://registry.npmjs.org/@nodelib%2ffs.walk 92ms (cache miss)
1748 silly packumentCache full:https://registry.npmjs.org/@nodelib%2ffs.walk set size:undefined disposed:false
1749 http fetch GET 200 https://registry.npmjs.org/merge2 102ms (cache miss)
1750 silly packumentCache full:https://registry.npmjs.org/merge2 set size:undefined disposed:false
1751 http fetch GET 200 https://registry.npmjs.org/@nodelib%2ffs.stat 108ms (cache miss)
1752 silly packumentCache full:https://registry.npmjs.org/@nodelib%2ffs.stat set size:undefined disposed:false
1753 silly placeDep ROOT @typescript-eslint/scope-manager@8.56.1 OK for: @typescript-eslint/eslint-plugin@8.56.1 want: 8.56.1
1754 silly placeDep ROOT @typescript-eslint/type-utils@8.56.1 OK for: @typescript-eslint/eslint-plugin@8.56.1 want: 8.56.1
1755 silly placeDep ROOT @typescript-eslint/utils@8.56.1 OK for: @typescript-eslint/eslint-plugin@8.56.1 want: 8.56.1
1756 silly placeDep ROOT @typescript-eslint/visitor-keys@8.56.1 OK for: @typescript-eslint/eslint-plugin@8.56.1 want: 8.56.1
1757 silly placeDep node_modules/@typescript-eslint/eslint-plugin ignore@7.0.5 OK for: @typescript-eslint/eslint-plugin@8.56.1 want: ^7.0.5
1758 silly placeDep ROOT ts-api-utils@2.4.0 OK for: @typescript-eslint/eslint-plugin@8.56.1 want: ^2.4.0
1759 silly fetch manifest eslint-visitor-keys@^5.0.0
1760 silly packumentCache full:https://registry.npmjs.org/eslint-visitor-keys cache-hit
1761 silly placeDep ROOT @typescript-eslint/types@8.56.1 OK for: @typescript-eslint/parser@8.56.1 want: 8.56.1
1762 silly placeDep ROOT @typescript-eslint/typescript-estree@8.56.1 OK for: @typescript-eslint/parser@8.56.1 want: 8.56.1
1763 silly fetch manifest semver@^7.7.3
1764 silly packumentCache full:https://registry.npmjs.org/semver cache-miss
1765 silly fetch manifest minimatch@^10.2.2
1766 silly packumentCache full:https://registry.npmjs.org/minimatch cache-hit
1767 silly fetch manifest tinyglobby@^0.2.15
1768 silly packumentCache full:https://registry.npmjs.org/tinyglobby cache-hit
1769 silly fetch manifest @typescript-eslint/tsconfig-utils@8.56.1
1770 silly packumentCache full:https://registry.npmjs.org/@typescript-eslint%2ftsconfig-utils cache-miss
1771 silly fetch manifest @typescript-eslint/project-service@8.56.1
1772 silly packumentCache full:https://registry.npmjs.org/@typescript-eslint%2fproject-service cache-miss
1773 http cache https://registry.npmjs.org/semver 4ms (cache hit)
1774 silly packumentCache full:https://registry.npmjs.org/semver set size:229678 disposed:false
1775 http fetch GET 200 https://registry.npmjs.org/@typescript-eslint%2fproject-service 184ms (cache miss)
1776 silly packumentCache full:https://registry.npmjs.org/@typescript-eslint%2fproject-service set size:undefined disposed:false
1777 http fetch GET 200 https://registry.npmjs.org/@typescript-eslint%2ftsconfig-utils 299ms (cache miss)
1778 silly packumentCache full:https://registry.npmjs.org/@typescript-eslint%2ftsconfig-utils set size:undefined disposed:false
1779 silly placeDep ROOT @typescript-eslint/project-service@8.56.1 OK for: @typescript-eslint/typescript-estree@8.56.1 want: 8.56.1
1780 silly placeDep ROOT @typescript-eslint/tsconfig-utils@8.56.1 OK for: @typescript-eslint/typescript-estree@8.56.1 want: 8.56.1
1781 silly placeDep node_modules/@typescript-eslint/typescript-estree minimatch@10.2.4 OK for: @typescript-eslint/typescript-estree@8.56.1 want: ^10.2.2
1782 silly placeDep node_modules/@typescript-eslint/typescript-estree semver@7.7.4 OK for: @typescript-eslint/typescript-estree@8.56.1 want: ^7.7.3
1783 silly placeDep ROOT tinyglobby@0.2.15 OK for: @typescript-eslint/typescript-estree@8.56.1 want: ^0.2.15
1784 silly fetch manifest @typescript-eslint/tsconfig-utils@^8.56.1
1785 silly packumentCache full:https://registry.npmjs.org/@typescript-eslint%2ftsconfig-utils cache-miss
1786 silly fetch manifest brace-expansion@^5.0.2
1787 silly packumentCache full:https://registry.npmjs.org/brace-expansion cache-miss
1788 silly fetch manifest fdir@^6.5.0
1789 silly packumentCache full:https://registry.npmjs.org/fdir cache-miss
1790 silly fetch manifest picomatch@^4.0.3
1791 silly packumentCache full:https://registry.npmjs.org/picomatch cache-hit
1792 http cache https://registry.npmjs.org/fdir 2ms (cache hit)
1793 silly packumentCache full:https://registry.npmjs.org/fdir set size:136182 disposed:false
1794 http cache https://registry.npmjs.org/brace-expansion 5ms (cache hit)
1795 silly packumentCache full:https://registry.npmjs.org/brace-expansion set size:55744 disposed:false
1796 http cache https://registry.npmjs.org/@typescript-eslint%2ftsconfig-utils 7ms (cache hit)
1797 silly packumentCache full:https://registry.npmjs.org/@typescript-eslint%2ftsconfig-utils set size:914816 disposed:false
1798 silly placeDep node_modules/@typescript-eslint/visitor-keys eslint-visitor-keys@5.0.1 OK for: @typescript-eslint/visitor-keys@8.56.1 want: ^5.0.0
1799 silly placeDep node_modules/eslint-import-resolver-node debug@3.2.7 OK for: eslint-import-resolver-node@0.3.9 want: ^3.2.7
1800 silly placeDep ROOT is-core-module@2.16.1 OK for: eslint-import-resolver-node@0.3.9 want: ^2.13.0
1801 silly placeDep ROOT resolve@1.22.11 OK for: eslint-import-resolver-node@0.3.9 want: ^1.22.4
1802 silly fetch manifest path-parse@^1.0.7
1803 silly packumentCache full:https://registry.npmjs.org/path-parse cache-miss
1804 silly fetch manifest supports-preserve-symlinks-flag@^1.0.0
1805 silly packumentCache full:https://registry.npmjs.org/supports-preserve-symlinks-flag cache-miss
1806 http fetch GET 200 https://registry.npmjs.org/path-parse 59ms (cache miss)
1807 silly packumentCache full:https://registry.npmjs.org/path-parse set size:undefined disposed:false
1808 http fetch GET 200 https://registry.npmjs.org/supports-preserve-symlinks-flag 82ms (cache miss)
1809 silly packumentCache full:https://registry.npmjs.org/supports-preserve-symlinks-flag set size:undefined disposed:false
1810 silly placeDep ROOT @nolyfill/is-core-module@1.0.39 OK for: eslint-import-resolver-typescript@3.10.1 want: 1.0.39
1811 silly placeDep ROOT get-tsconfig@4.13.6 OK for: eslint-import-resolver-typescript@3.10.1 want: ^4.10.0
1812 silly placeDep ROOT is-bun-module@2.0.0 OK for: eslint-import-resolver-typescript@3.10.1 want: ^2.0.0
1813 silly placeDep ROOT stable-hash@0.0.5 OK for: eslint-import-resolver-typescript@3.10.1 want: ^0.0.5
1814 silly placeDep ROOT unrs-resolver@1.11.1 OK for: eslint-import-resolver-typescript@3.10.1 want: ^1.6.2
1815 silly fetch manifest resolve-pkg-maps@^1.0.0
1816 silly packumentCache full:https://registry.npmjs.org/resolve-pkg-maps cache-miss
1817 silly fetch manifest semver@^7.7.1
1818 silly packumentCache full:https://registry.npmjs.org/semver cache-hit
1819 silly fetch manifest napi-postinstall@^0.3.0
1820 silly packumentCache full:https://registry.npmjs.org/napi-postinstall cache-miss
1821 silly fetch manifest @unrs/resolver-binding-win32-x64-msvc@1.11.1
1822 silly packumentCache full:https://registry.npmjs.org/@unrs%2fresolver-binding-win32-x64-msvc cache-miss
1823 silly fetch manifest @unrs/resolver-binding-win32-arm64-msvc@1.11.1
1824 silly packumentCache full:https://registry.npmjs.org/@unrs%2fresolver-binding-win32-arm64-msvc cache-miss
1825 silly fetch manifest @unrs/resolver-binding-win32-ia32-msvc@1.11.1
1826 silly packumentCache full:https://registry.npmjs.org/@unrs%2fresolver-binding-win32-ia32-msvc cache-miss
1827 silly fetch manifest @unrs/resolver-binding-linux-x64-gnu@1.11.1
1828 silly packumentCache full:https://registry.npmjs.org/@unrs%2fresolver-binding-linux-x64-gnu cache-miss
1829 silly fetch manifest @unrs/resolver-binding-linux-x64-musl@1.11.1
1830 silly packumentCache full:https://registry.npmjs.org/@unrs%2fresolver-binding-linux-x64-musl cache-miss
1831 http fetch GET 200 https://registry.npmjs.org/resolve-pkg-maps 69ms (cache miss)
1832 silly packumentCache full:https://registry.npmjs.org/resolve-pkg-maps set size:undefined disposed:false
1833 silly fetch manifest @unrs/resolver-binding-freebsd-x64@1.11.1
1834 silly packumentCache full:https://registry.npmjs.org/@unrs%2fresolver-binding-freebsd-x64 cache-miss
1835 http fetch GET 200 https://registry.npmjs.org/napi-postinstall 86ms (cache miss)
1836 silly packumentCache full:https://registry.npmjs.org/napi-postinstall set size:undefined disposed:false
1837 silly fetch manifest @unrs/resolver-binding-android-arm64@1.11.1
1838 silly packumentCache full:https://registry.npmjs.org/@unrs%2fresolver-binding-android-arm64 cache-miss
1839 http fetch GET 200 https://registry.npmjs.org/@unrs%2fresolver-binding-linux-x64-musl 92ms (cache miss)
1840 silly packumentCache full:https://registry.npmjs.org/@unrs%2fresolver-binding-linux-x64-musl set size:undefined disposed:false
1841 silly fetch manifest @unrs/resolver-binding-linux-arm64-gnu@1.11.1
1842 silly packumentCache full:https://registry.npmjs.org/@unrs%2fresolver-binding-linux-arm64-gnu cache-miss
1843 http fetch GET 200 https://registry.npmjs.org/@unrs%2fresolver-binding-win32-arm64-msvc 95ms (cache miss)
1844 silly packumentCache full:https://registry.npmjs.org/@unrs%2fresolver-binding-win32-arm64-msvc set size:undefined disposed:false
1845 silly fetch manifest @unrs/resolver-binding-linux-arm64-musl@1.11.1
1846 silly packumentCache full:https://registry.npmjs.org/@unrs%2fresolver-binding-linux-arm64-musl cache-miss
1847 http fetch GET 200 https://registry.npmjs.org/@unrs%2fresolver-binding-win32-ia32-msvc 105ms (cache miss)
1848 silly packumentCache full:https://registry.npmjs.org/@unrs%2fresolver-binding-win32-ia32-msvc set size:undefined disposed:false
1849 silly fetch manifest @unrs/resolver-binding-android-arm-eabi@1.11.1
1850 silly packumentCache full:https://registry.npmjs.org/@unrs%2fresolver-binding-android-arm-eabi cache-miss
1851 http fetch GET 200 https://registry.npmjs.org/@unrs%2fresolver-binding-linux-x64-gnu 118ms (cache miss)
1852 silly packumentCache full:https://registry.npmjs.org/@unrs%2fresolver-binding-linux-x64-gnu set size:undefined disposed:false
1853 silly fetch manifest @unrs/resolver-binding-linux-arm-gnueabihf@1.11.1
1854 silly packumentCache full:https://registry.npmjs.org/@unrs%2fresolver-binding-linux-arm-gnueabihf cache-miss
1855 http fetch GET 200 https://registry.npmjs.org/@unrs%2fresolver-binding-freebsd-x64 88ms (cache miss)
1856 silly packumentCache full:https://registry.npmjs.org/@unrs%2fresolver-binding-freebsd-x64 set size:undefined disposed:false
1857 silly fetch manifest @unrs/resolver-binding-linux-arm-musleabihf@1.11.1
1858 silly packumentCache full:https://registry.npmjs.org/@unrs%2fresolver-binding-linux-arm-musleabihf cache-miss
1859 http fetch GET 200 https://registry.npmjs.org/@unrs%2fresolver-binding-win32-x64-msvc 158ms (cache miss)
1860 silly packumentCache full:https://registry.npmjs.org/@unrs%2fresolver-binding-win32-x64-msvc set size:undefined disposed:false
1861 silly fetch manifest @unrs/resolver-binding-linux-ppc64-gnu@1.11.1
1862 silly packumentCache full:https://registry.npmjs.org/@unrs%2fresolver-binding-linux-ppc64-gnu cache-miss
1863 http fetch GET 200 https://registry.npmjs.org/@unrs%2fresolver-binding-linux-arm64-musl 83ms (cache miss)
1864 silly packumentCache full:https://registry.npmjs.org/@unrs%2fresolver-binding-linux-arm64-musl set size:undefined disposed:false
1865 silly fetch manifest @unrs/resolver-binding-linux-riscv64-gnu@1.11.1
1866 silly packumentCache full:https://registry.npmjs.org/@unrs%2fresolver-binding-linux-riscv64-gnu cache-miss
1867 http fetch GET 200 https://registry.npmjs.org/@unrs%2fresolver-binding-linux-arm64-gnu 89ms (cache miss)
1868 silly packumentCache full:https://registry.npmjs.org/@unrs%2fresolver-binding-linux-arm64-gnu set size:undefined disposed:false
1869 silly fetch manifest @unrs/resolver-binding-linux-riscv64-musl@1.11.1
1870 silly packumentCache full:https://registry.npmjs.org/@unrs%2fresolver-binding-linux-riscv64-musl cache-miss
1871 http fetch GET 200 https://registry.npmjs.org/@unrs%2fresolver-binding-android-arm64 123ms (cache miss)
1872 silly packumentCache full:https://registry.npmjs.org/@unrs%2fresolver-binding-android-arm64 set size:undefined disposed:false
1873 silly fetch manifest @unrs/resolver-binding-linux-s390x-gnu@1.11.1
1874 silly packumentCache full:https://registry.npmjs.org/@unrs%2fresolver-binding-linux-s390x-gnu cache-miss
1875 http fetch GET 200 https://registry.npmjs.org/@unrs%2fresolver-binding-linux-arm-gnueabihf 100ms (cache miss)
1876 silly packumentCache full:https://registry.npmjs.org/@unrs%2fresolver-binding-linux-arm-gnueabihf set size:undefined disposed:false
1877 silly fetch manifest @unrs/resolver-binding-darwin-x64@1.11.1
1878 silly packumentCache full:https://registry.npmjs.org/@unrs%2fresolver-binding-darwin-x64 cache-miss
1879 http fetch GET 200 https://registry.npmjs.org/@unrs%2fresolver-binding-linux-arm-musleabihf 83ms (cache miss)
1880 silly packumentCache full:https://registry.npmjs.org/@unrs%2fresolver-binding-linux-arm-musleabihf set size:undefined disposed:false
1881 silly fetch manifest @unrs/resolver-binding-darwin-arm64@1.11.1
1882 silly packumentCache full:https://registry.npmjs.org/@unrs%2fresolver-binding-darwin-arm64 cache-miss
1883 http fetch GET 200 https://registry.npmjs.org/@unrs%2fresolver-binding-linux-ppc64-gnu 81ms (cache miss)
1884 silly packumentCache full:https://registry.npmjs.org/@unrs%2fresolver-binding-linux-ppc64-gnu set size:undefined disposed:false
1885 silly fetch manifest @unrs/resolver-binding-wasm32-wasi@1.11.1
1886 silly packumentCache full:https://registry.npmjs.org/@unrs%2fresolver-binding-wasm32-wasi cache-miss
1887 http fetch GET 200 https://registry.npmjs.org/@unrs%2fresolver-binding-linux-riscv64-gnu 86ms (cache miss)
1888 silly packumentCache full:https://registry.npmjs.org/@unrs%2fresolver-binding-linux-riscv64-gnu set size:undefined disposed:false
1889 http fetch GET 200 https://registry.npmjs.org/@unrs%2fresolver-binding-linux-riscv64-musl 94ms (cache miss)
1890 silly packumentCache full:https://registry.npmjs.org/@unrs%2fresolver-binding-linux-riscv64-musl set size:undefined disposed:false
1891 http fetch GET 200 https://registry.npmjs.org/@unrs%2fresolver-binding-linux-s390x-gnu 116ms (cache miss)
1892 silly packumentCache full:https://registry.npmjs.org/@unrs%2fresolver-binding-linux-s390x-gnu set size:undefined disposed:false
1893 http fetch GET 200 https://registry.npmjs.org/@unrs%2fresolver-binding-wasm32-wasi 90ms (cache miss)
1894 silly packumentCache full:https://registry.npmjs.org/@unrs%2fresolver-binding-wasm32-wasi set size:undefined disposed:false
1895 http fetch GET 200 https://registry.npmjs.org/@unrs%2fresolver-binding-darwin-arm64 160ms (cache miss)
1896 silly packumentCache full:https://registry.npmjs.org/@unrs%2fresolver-binding-darwin-arm64 set size:undefined disposed:false
1897 http fetch GET 200 https://registry.npmjs.org/@unrs%2fresolver-binding-android-arm-eabi 320ms (cache miss)
1898 silly packumentCache full:https://registry.npmjs.org/@unrs%2fresolver-binding-android-arm-eabi set size:undefined disposed:false
1899 http fetch GET 200 https://registry.npmjs.org/@unrs%2fresolver-binding-darwin-x64 286ms (cache miss)
1900 silly packumentCache full:https://registry.npmjs.org/@unrs%2fresolver-binding-darwin-x64 set size:undefined disposed:false
1901 silly placeDep ROOT @rtsao/scc@1.1.0 OK for: eslint-plugin-import@2.32.0 want: ^1.1.0
1902 silly placeDep ROOT array-includes@3.1.9 OK for: eslint-plugin-import@2.32.0 want: ^3.1.9
1903 silly placeDep ROOT array.prototype.findlastindex@1.2.6 OK for: eslint-plugin-import@2.32.0 want: ^1.2.6
1904 silly placeDep ROOT array.prototype.flat@1.3.3 OK for: eslint-plugin-import@2.32.0 want: ^1.3.3
1905 silly placeDep ROOT array.prototype.flatmap@1.3.3 OK for: eslint-plugin-import@2.32.0 want: ^1.3.3
1906 silly placeDep node_modules/eslint-plugin-import debug@3.2.7 OK for: eslint-plugin-import@2.32.0 want: ^3.2.7
1907 silly placeDep ROOT doctrine@2.1.0 OK for: eslint-plugin-import@2.32.0 want: ^2.1.0
1908 silly placeDep ROOT eslint-module-utils@2.12.1 OK for: eslint-plugin-import@2.32.0 want: ^2.12.1
1909 silly placeDep ROOT hasown@2.0.2 OK for: eslint-plugin-import@2.32.0 want: ^2.0.2
1910 silly placeDep ROOT object.fromentries@2.0.8 OK for: eslint-plugin-import@2.32.0 want: ^2.0.8
1911 silly placeDep ROOT object.groupby@1.0.3 OK for: eslint-plugin-import@2.32.0 want: ^1.0.3
1912 silly placeDep ROOT object.values@1.2.1 OK for: eslint-plugin-import@2.32.0 want: ^1.2.1
1913 silly placeDep ROOT string.prototype.trimend@1.0.9 OK for: eslint-plugin-import@2.32.0 want: ^1.0.9
1914 silly placeDep ROOT tsconfig-paths@3.15.0 OK for: eslint-plugin-import@2.32.0 want: ^3.15.0
1915 silly fetch manifest call-bind@^1.0.8
1916 silly packumentCache full:https://registry.npmjs.org/call-bind cache-miss
1917 silly fetch manifest call-bound@^1.0.4
1918 silly packumentCache full:https://registry.npmjs.org/call-bound cache-miss
1919 silly fetch manifest define-properties@^1.2.1
1920 silly packumentCache full:https://registry.npmjs.org/define-properties cache-miss
1921 silly fetch manifest es-abstract@^1.24.0
1922 silly packumentCache full:https://registry.npmjs.org/es-abstract cache-miss
1923 silly fetch manifest es-object-atoms@^1.1.1
1924 silly packumentCache full:https://registry.npmjs.org/es-object-atoms cache-miss
1925 silly fetch manifest get-intrinsic@^1.3.0
1926 silly packumentCache full:https://registry.npmjs.org/get-intrinsic cache-miss
1927 silly fetch manifest is-string@^1.1.1
1928 silly packumentCache full:https://registry.npmjs.org/is-string cache-miss
1929 http fetch GET 200 https://registry.npmjs.org/is-string 50ms (cache miss)
1930 silly packumentCache full:https://registry.npmjs.org/is-string set size:undefined disposed:false
1931 silly fetch manifest math-intrinsics@^1.1.0
1932 silly packumentCache full:https://registry.npmjs.org/math-intrinsics cache-miss
1933 http fetch GET 200 https://registry.npmjs.org/es-object-atoms 55ms (cache miss)
1934 silly packumentCache full:https://registry.npmjs.org/es-object-atoms set size:undefined disposed:false
1935 silly fetch manifest call-bind@^1.0.8
1936 silly packumentCache full:https://registry.npmjs.org/call-bind cache-miss
1937 http fetch GET 200 https://registry.npmjs.org/define-properties 57ms (cache miss)
1938 silly packumentCache full:https://registry.npmjs.org/define-properties set size:undefined disposed:false
1939 silly fetch manifest call-bound@^1.0.4
1940 silly packumentCache full:https://registry.npmjs.org/call-bound cache-miss
1941 http fetch GET 200 https://registry.npmjs.org/get-intrinsic 62ms (cache miss)
1942 silly packumentCache full:https://registry.npmjs.org/get-intrinsic set size:undefined disposed:false
1943 silly fetch manifest es-abstract@^1.23.9
1944 silly packumentCache full:https://registry.npmjs.org/es-abstract cache-miss
1945 http fetch GET 200 https://registry.npmjs.org/call-bound 170ms (cache miss)
1946 silly packumentCache full:https://registry.npmjs.org/call-bound set size:undefined disposed:false
1947 silly fetch manifest es-errors@^1.3.0
1948 silly packumentCache full:https://registry.npmjs.org/es-errors cache-miss
1949 http fetch GET 200 https://registry.npmjs.org/math-intrinsics 124ms (cache miss)
1950 silly packumentCache full:https://registry.npmjs.org/math-intrinsics set size:undefined disposed:false
1951 silly fetch manifest es-shim-unscopables@^1.1.0
1952 silly packumentCache full:https://registry.npmjs.org/es-shim-unscopables cache-miss
1953 http fetch GET 200 https://registry.npmjs.org/call-bound 126ms (cache miss)
1954 silly packumentCache full:https://registry.npmjs.org/call-bound set size:undefined disposed:false
1955 silly fetch manifest call-bind@^1.0.8
1956 silly packumentCache full:https://registry.npmjs.org/call-bind cache-miss
1957 http fetch GET 200 https://registry.npmjs.org/call-bind 185ms (cache miss)
1958 silly packumentCache full:https://registry.npmjs.org/call-bind set size:undefined disposed:false
1959 silly fetch manifest es-abstract@^1.23.5
1960 silly packumentCache full:https://registry.npmjs.org/es-abstract cache-miss
1961 http fetch GET 200 https://registry.npmjs.org/call-bind 131ms (cache miss)
1962 silly packumentCache full:https://registry.npmjs.org/call-bind set size:undefined disposed:false
1963 silly fetch manifest es-shim-unscopables@^1.0.2
1964 silly packumentCache full:https://registry.npmjs.org/es-shim-unscopables cache-miss
1965 http cache https://registry.npmjs.org/call-bind 15ms (cache hit)
1966 silly packumentCache full:https://registry.npmjs.org/call-bind set size:30096 disposed:false
1967 silly fetch manifest es-abstract@^1.23.5
1968 silly packumentCache full:https://registry.npmjs.org/es-abstract cache-miss
1969 http fetch GET 200 https://registry.npmjs.org/es-abstract 202ms (cache miss)
1970 silly packumentCache full:https://registry.npmjs.org/es-abstract set size:undefined disposed:false
1971 silly fetch manifest es-shim-unscopables@^1.0.2
1972 silly packumentCache full:https://registry.npmjs.org/es-shim-unscopables cache-miss
1973 http fetch GET 200 https://registry.npmjs.org/es-abstract 149ms (cache miss)
1974 silly packumentCache full:https://registry.npmjs.org/es-abstract set size:undefined disposed:false
1975 silly fetch manifest function-bind@^1.1.2
1976 silly packumentCache full:https://registry.npmjs.org/function-bind cache-miss
1977 http cache https://registry.npmjs.org/es-abstract 22ms (cache hit)
1978 silly packumentCache full:https://registry.npmjs.org/es-abstract set size:378584 disposed:false
1979 silly fetch manifest call-bind@^1.0.7
1980 silly packumentCache full:https://registry.npmjs.org/call-bind cache-hit
1981 silly fetch manifest es-abstract@^1.23.2
1982 silly packumentCache full:https://registry.npmjs.org/es-abstract cache-hit
1983 silly fetch manifest es-object-atoms@^1.0.0
1984 silly packumentCache full:https://registry.npmjs.org/es-object-atoms cache-miss
1985 http cache https://registry.npmjs.org/es-object-atoms 3ms (cache hit)
1986 silly packumentCache full:https://registry.npmjs.org/es-object-atoms set size:15304 disposed:false
1987 silly fetch manifest call-bound@^1.0.3
1988 silly packumentCache full:https://registry.npmjs.org/call-bound cache-miss
1989 http cache https://registry.npmjs.org/call-bound 3ms (cache hit)
1990 silly packumentCache full:https://registry.npmjs.org/call-bound set size:15317 disposed:false
1991 silly fetch manifest call-bound@^1.0.2
1992 silly packumentCache full:https://registry.npmjs.org/call-bound cache-hit
1993 silly fetch manifest json5@^1.0.2
1994 silly packumentCache full:https://registry.npmjs.org/json5 cache-hit
1995 silly fetch manifest minimist@^1.2.6
1996 silly packumentCache full:https://registry.npmjs.org/minimist cache-miss
1997 http fetch GET 200 https://registry.npmjs.org/es-shim-unscopables 50ms (cache miss)
1998 silly packumentCache full:https://registry.npmjs.org/es-shim-unscopables set size:undefined disposed:false
1999 silly fetch manifest strip-bom@^3.0.0
2000 silly packumentCache full:https://registry.npmjs.org/strip-bom cache-miss
2001 http fetch GET 200 https://registry.npmjs.org/es-shim-unscopables 86ms (cache miss)
2002 silly packumentCache full:https://registry.npmjs.org/es-shim-unscopables set size:undefined disposed:false
2003 silly fetch manifest @types/json5@^0.0.29
2004 silly packumentCache full:https://registry.npmjs.org/@types%2fjson5 cache-miss
2005 http fetch GET 200 https://registry.npmjs.org/es-errors 92ms (cache miss)
2006 silly packumentCache full:https://registry.npmjs.org/es-errors set size:undefined disposed:false
2007 http fetch GET 200 https://registry.npmjs.org/es-shim-unscopables 59ms (cache miss)
2008 silly packumentCache full:https://registry.npmjs.org/es-shim-unscopables set size:undefined disposed:false
2009 http fetch GET 200 https://registry.npmjs.org/function-bind 69ms (cache miss)
2010 silly packumentCache full:https://registry.npmjs.org/function-bind set size:undefined disposed:false
2011 http fetch GET 200 https://registry.npmjs.org/strip-bom 51ms (cache miss)
2012 silly packumentCache full:https://registry.npmjs.org/strip-bom set size:undefined disposed:false
2013 http fetch GET 200 https://registry.npmjs.org/es-abstract 123ms (cache miss)
2014 silly packumentCache full:https://registry.npmjs.org/es-abstract set size:undefined disposed:false
2015 silly packumentCache full:https://registry.npmjs.org/es-abstract dispose
2016 http fetch GET 200 https://registry.npmjs.org/minimist 85ms (cache miss)
2017 silly packumentCache full:https://registry.npmjs.org/minimist set size:undefined disposed:false
2018 http fetch GET 200 https://registry.npmjs.org/@types%2fjson5 83ms (cache miss)
2019 silly packumentCache full:https://registry.npmjs.org/@types%2fjson5 set size:undefined disposed:false
2020 silly placeDep ROOT call-bind@1.0.8 OK for: array-includes@3.1.9 want: ^1.0.8
2021 silly placeDep ROOT call-bound@1.0.4 OK for: array-includes@3.1.9 want: ^1.0.4
2022 silly placeDep ROOT define-properties@1.2.1 OK for: array-includes@3.1.9 want: ^1.2.1
2023 silly placeDep ROOT es-abstract@1.24.1 OK for: array-includes@3.1.9 want: ^1.24.0
2024 silly placeDep ROOT es-object-atoms@1.1.1 OK for: array-includes@3.1.9 want: ^1.1.1
2025 silly placeDep ROOT get-intrinsic@1.3.0 OK for: array-includes@3.1.9 want: ^1.3.0
2026 silly placeDep ROOT is-string@1.1.1 OK for: array-includes@3.1.9 want: ^1.1.1
2027 silly placeDep ROOT math-intrinsics@1.1.0 OK for: array-includes@3.1.9 want: ^1.1.0
2028 silly fetch manifest call-bind-apply-helpers@^1.0.0
2029 silly packumentCache full:https://registry.npmjs.org/call-bind-apply-helpers cache-miss
2030 silly fetch manifest es-define-property@^1.0.0
2031 silly packumentCache full:https://registry.npmjs.org/es-define-property cache-miss
2032 silly fetch manifest get-intrinsic@^1.2.4
2033 silly packumentCache full:https://registry.npmjs.org/get-intrinsic cache-miss
2034 silly fetch manifest set-function-length@^1.2.2
2035 silly packumentCache full:https://registry.npmjs.org/set-function-length cache-miss
2036 silly fetch manifest call-bind-apply-helpers@^1.0.2
2037 silly packumentCache full:https://registry.npmjs.org/call-bind-apply-helpers cache-miss
2038 silly fetch manifest define-data-property@^1.0.1
2039 silly packumentCache full:https://registry.npmjs.org/define-data-property cache-miss
2040 silly fetch manifest has-property-descriptors@^1.0.0
2041 silly packumentCache full:https://registry.npmjs.org/has-property-descriptors cache-miss
2042 http cache https://registry.npmjs.org/get-intrinsic 5ms (cache hit)
2043 silly packumentCache full:https://registry.npmjs.org/get-intrinsic set size:60985 disposed:false
2044 silly fetch manifest object-keys@^1.1.1
2045 silly packumentCache full:https://registry.npmjs.org/object-keys cache-miss
2046 http fetch GET 200 https://registry.npmjs.org/call-bind-apply-helpers 42ms (cache miss)
2047 silly packumentCache full:https://registry.npmjs.org/call-bind-apply-helpers set size:undefined disposed:false
2048 silly fetch manifest array-buffer-byte-length@^1.0.2
2049 silly packumentCache full:https://registry.npmjs.org/array-buffer-byte-length cache-miss
2050 http fetch GET 200 https://registry.npmjs.org/has-property-descriptors 47ms (cache miss)
2051 silly packumentCache full:https://registry.npmjs.org/has-property-descriptors set size:undefined disposed:false
2052 silly fetch manifest arraybuffer.prototype.slice@^1.0.4
2053 silly packumentCache full:https://registry.npmjs.org/arraybuffer.prototype.slice cache-miss
2054 http fetch GET 200 https://registry.npmjs.org/set-function-length 56ms (cache miss)
2055 silly packumentCache full:https://registry.npmjs.org/set-function-length set size:undefined disposed:false
2056 silly fetch manifest available-typed-arrays@^1.0.7
2057 silly packumentCache full:https://registry.npmjs.org/available-typed-arrays cache-miss
2058 http fetch GET 200 https://registry.npmjs.org/es-define-property 59ms (cache miss)
2059 silly packumentCache full:https://registry.npmjs.org/es-define-property set size:undefined disposed:false
2060 silly fetch manifest data-view-buffer@^1.0.2
2061 silly packumentCache full:https://registry.npmjs.org/data-view-buffer cache-miss
2062 http fetch GET 200 https://registry.npmjs.org/call-bind-apply-helpers 69ms (cache miss)
2063 silly packumentCache full:https://registry.npmjs.org/call-bind-apply-helpers set size:undefined disposed:false
2064 silly fetch manifest data-view-byte-length@^1.0.2
2065 silly packumentCache full:https://registry.npmjs.org/data-view-byte-length cache-miss
2066 http fetch GET 200 https://registry.npmjs.org/define-data-property 77ms (cache miss)
2067 silly packumentCache full:https://registry.npmjs.org/define-data-property set size:undefined disposed:false
2068 silly fetch manifest data-view-byte-offset@^1.0.1
2069 silly packumentCache full:https://registry.npmjs.org/data-view-byte-offset cache-miss
2070 http fetch GET 200 https://registry.npmjs.org/object-keys 82ms (cache miss)
2071 silly packumentCache full:https://registry.npmjs.org/object-keys set size:undefined disposed:false
2072 silly fetch manifest es-define-property@^1.0.1
2073 silly packumentCache full:https://registry.npmjs.org/es-define-property cache-miss
2074 http cache https://registry.npmjs.org/es-define-property 2ms (cache hit)
2075 silly packumentCache full:https://registry.npmjs.org/es-define-property set size:8542 disposed:false
2076 silly fetch manifest es-set-tostringtag@^2.1.0
2077 silly packumentCache full:https://registry.npmjs.org/es-set-tostringtag cache-miss
2078 http fetch GET 200 https://registry.npmjs.org/array-buffer-byte-length 51ms (cache miss)
2079 silly packumentCache full:https://registry.npmjs.org/array-buffer-byte-length set size:undefined disposed:false
2080 silly fetch manifest es-to-primitive@^1.3.0
2081 silly packumentCache full:https://registry.npmjs.org/es-to-primitive cache-miss
2082 http fetch GET 200 https://registry.npmjs.org/arraybuffer.prototype.slice 62ms (cache miss)
2083 silly packumentCache full:https://registry.npmjs.org/arraybuffer.prototype.slice set size:undefined disposed:false
2084 silly fetch manifest function.prototype.name@^1.1.8
2085 silly packumentCache full:https://registry.npmjs.org/function.prototype.name cache-miss
2086 http fetch GET 200 https://registry.npmjs.org/data-view-buffer 54ms (cache miss)
2087 silly packumentCache full:https://registry.npmjs.org/data-view-buffer set size:undefined disposed:false
2088 silly fetch manifest get-proto@^1.0.1
2089 silly packumentCache full:https://registry.npmjs.org/get-proto cache-miss
2090 http fetch GET 200 https://registry.npmjs.org/data-view-byte-length 66ms (cache miss)
2091 silly packumentCache full:https://registry.npmjs.org/data-view-byte-length set size:undefined disposed:false
2092 silly fetch manifest get-symbol-description@^1.1.0
2093 silly packumentCache full:https://registry.npmjs.org/get-symbol-description cache-miss
2094 http fetch GET 200 https://registry.npmjs.org/data-view-byte-offset 82ms (cache miss)
2095 silly packumentCache full:https://registry.npmjs.org/data-view-byte-offset set size:undefined disposed:false
2096 silly fetch manifest globalthis@^1.0.4
2097 silly packumentCache full:https://registry.npmjs.org/globalthis cache-miss
2098 http fetch GET 200 https://registry.npmjs.org/es-set-tostringtag 71ms (cache miss)
2099 silly packumentCache full:https://registry.npmjs.org/es-set-tostringtag set size:undefined disposed:false
2100 silly fetch manifest gopd@^1.2.0
2101 silly packumentCache full:https://registry.npmjs.org/gopd cache-miss
2102 http fetch GET 200 https://registry.npmjs.org/get-proto 69ms (cache miss)
2103 silly packumentCache full:https://registry.npmjs.org/get-proto set size:undefined disposed:false
2104 silly fetch manifest has-property-descriptors@^1.0.2
2105 silly packumentCache full:https://registry.npmjs.org/has-property-descriptors cache-miss
2106 http cache https://registry.npmjs.org/has-property-descriptors 2ms (cache hit)
2107 silly packumentCache full:https://registry.npmjs.org/has-property-descriptors set size:12452 disposed:false
2108 silly fetch manifest has-proto@^1.2.0
2109 silly packumentCache full:https://registry.npmjs.org/has-proto cache-miss
2110 http fetch GET 200 https://registry.npmjs.org/es-to-primitive 96ms (cache miss)
2111 silly packumentCache full:https://registry.npmjs.org/es-to-primitive set size:undefined disposed:false
2112 silly fetch manifest has-symbols@^1.1.0
2113 silly packumentCache full:https://registry.npmjs.org/has-symbols cache-miss
2114 http fetch GET 200 https://registry.npmjs.org/function.prototype.name 84ms (cache miss)
2115 silly packumentCache full:https://registry.npmjs.org/function.prototype.name set size:undefined disposed:false
2116 silly fetch manifest internal-slot@^1.1.0
2117 silly packumentCache full:https://registry.npmjs.org/internal-slot cache-miss
2118 http fetch GET 200 https://registry.npmjs.org/get-symbol-description 64ms (cache miss)
2119 silly packumentCache full:https://registry.npmjs.org/get-symbol-description set size:undefined disposed:false
2120 silly fetch manifest is-array-buffer@^3.0.5
2121 silly packumentCache full:https://registry.npmjs.org/is-array-buffer cache-miss
2122 http fetch GET 200 https://registry.npmjs.org/gopd 74ms (cache miss)
2123 silly packumentCache full:https://registry.npmjs.org/gopd set size:undefined disposed:false
2124 silly fetch manifest is-callable@^1.2.7
2125 silly packumentCache full:https://registry.npmjs.org/is-callable cache-miss
2126 http fetch GET 200 https://registry.npmjs.org/has-proto 54ms (cache miss)
2127 silly packumentCache full:https://registry.npmjs.org/has-proto set size:undefined disposed:false
2128 silly fetch manifest is-data-view@^1.0.2
2129 silly packumentCache full:https://registry.npmjs.org/is-data-view cache-miss
2130 http fetch GET 200 https://registry.npmjs.org/globalthis 79ms (cache miss)
2131 silly packumentCache full:https://registry.npmjs.org/globalthis set size:undefined disposed:false
2132 silly fetch manifest is-negative-zero@^2.0.3
2133 silly packumentCache full:https://registry.npmjs.org/is-negative-zero cache-miss
2134 http fetch GET 200 https://registry.npmjs.org/has-symbols 56ms (cache miss)
2135 silly packumentCache full:https://registry.npmjs.org/has-symbols set size:undefined disposed:false
2136 silly fetch manifest is-regex@^1.2.1
2137 silly packumentCache full:https://registry.npmjs.org/is-regex cache-miss
2138 http fetch GET 200 https://registry.npmjs.org/internal-slot 77ms (cache miss)
2139 silly packumentCache full:https://registry.npmjs.org/internal-slot set size:undefined disposed:false
2140 silly fetch manifest is-set@^2.0.3
2141 silly packumentCache full:https://registry.npmjs.org/is-set cache-miss
2142 http fetch GET 200 https://registry.npmjs.org/is-callable 63ms (cache miss)
2143 silly packumentCache full:https://registry.npmjs.org/is-callable set size:undefined disposed:false
2144 silly fetch manifest is-shared-array-buffer@^1.0.4
2145 silly packumentCache full:https://registry.npmjs.org/is-shared-array-buffer cache-miss
2146 http fetch GET 200 https://registry.npmjs.org/is-data-view 73ms (cache miss)
2147 silly packumentCache full:https://registry.npmjs.org/is-data-view set size:undefined disposed:false
2148 silly fetch manifest is-typed-array@^1.1.15
2149 silly packumentCache full:https://registry.npmjs.org/is-typed-array cache-miss
2150 http fetch GET 200 https://registry.npmjs.org/is-negative-zero 73ms (cache miss)
2151 silly packumentCache full:https://registry.npmjs.org/is-negative-zero set size:undefined disposed:false
2152 silly fetch manifest is-weakref@^1.1.1
2153 silly packumentCache full:https://registry.npmjs.org/is-weakref cache-miss
2154 http fetch GET 200 https://registry.npmjs.org/is-set 71ms (cache miss)
2155 silly packumentCache full:https://registry.npmjs.org/is-set set size:undefined disposed:false
2156 silly fetch manifest object-inspect@^1.13.4
2157 silly packumentCache full:https://registry.npmjs.org/object-inspect cache-miss
2158 http fetch GET 200 https://registry.npmjs.org/is-shared-array-buffer 48ms (cache miss)
2159 silly packumentCache full:https://registry.npmjs.org/is-shared-array-buffer set size:undefined disposed:false
2160 silly fetch manifest object.assign@^4.1.7
2161 silly packumentCache full:https://registry.npmjs.org/object.assign cache-miss
2162 http fetch GET 200 https://registry.npmjs.org/is-regex 127ms (cache miss)
2163 silly packumentCache full:https://registry.npmjs.org/is-regex set size:undefined disposed:false
2164 silly fetch manifest own-keys@^1.0.1
2165 silly packumentCache full:https://registry.npmjs.org/own-keys cache-miss
2166 http fetch GET 200 https://registry.npmjs.org/is-weakref 74ms (cache miss)
2167 silly packumentCache full:https://registry.npmjs.org/is-weakref set size:undefined disposed:false
2168 silly fetch manifest regexp.prototype.flags@^1.5.4
2169 silly packumentCache full:https://registry.npmjs.org/regexp.prototype.flags cache-miss
2170 http fetch GET 200 https://registry.npmjs.org/is-typed-array 77ms (cache miss)
2171 silly packumentCache full:https://registry.npmjs.org/is-typed-array set size:undefined disposed:false
2172 silly fetch manifest safe-array-concat@^1.1.3
2173 silly packumentCache full:https://registry.npmjs.org/safe-array-concat cache-miss
2174 http fetch GET 200 https://registry.npmjs.org/object-inspect 74ms (cache miss)
2175 silly packumentCache full:https://registry.npmjs.org/object-inspect set size:undefined disposed:false
2176 silly fetch manifest safe-push-apply@^1.0.0
2177 silly packumentCache full:https://registry.npmjs.org/safe-push-apply cache-miss
2178 http fetch GET 200 https://registry.npmjs.org/object.assign 78ms (cache miss)
2179 silly packumentCache full:https://registry.npmjs.org/object.assign set size:undefined disposed:false
2180 silly fetch manifest safe-regex-test@^1.1.0
2181 silly packumentCache full:https://registry.npmjs.org/safe-regex-test cache-miss
2182 http cache https://registry.npmjs.org/safe-regex-test 1ms (cache hit)
2183 silly packumentCache full:https://registry.npmjs.org/safe-regex-test set size:17412 disposed:false
2184 silly fetch manifest set-proto@^1.0.0
2185 silly packumentCache full:https://registry.npmjs.org/set-proto cache-miss
2186 http fetch GET 200 https://registry.npmjs.org/own-keys 68ms (cache miss)
2187 silly packumentCache full:https://registry.npmjs.org/own-keys set size:undefined disposed:false
2188 silly fetch manifest stop-iteration-iterator@^1.1.0
2189 silly packumentCache full:https://registry.npmjs.org/stop-iteration-iterator cache-miss
2190 http fetch GET 200 https://registry.npmjs.org/safe-array-concat 71ms (cache miss)
2191 silly packumentCache full:https://registry.npmjs.org/safe-array-concat set size:undefined disposed:false
2192 silly fetch manifest string.prototype.trim@^1.2.10
2193 silly packumentCache full:https://registry.npmjs.org/string.prototype.trim cache-miss
2194 http fetch GET 200 https://registry.npmjs.org/regexp.prototype.flags 77ms (cache miss)
2195 silly packumentCache full:https://registry.npmjs.org/regexp.prototype.flags set size:undefined disposed:false
2196 silly fetch manifest string.prototype.trimstart@^1.0.8
2197 silly packumentCache full:https://registry.npmjs.org/string.prototype.trimstart cache-miss
2198 http fetch GET 200 https://registry.npmjs.org/set-proto 62ms (cache miss)
2199 silly packumentCache full:https://registry.npmjs.org/set-proto set size:undefined disposed:false
2200 silly fetch manifest typed-array-buffer@^1.0.3
2201 silly packumentCache full:https://registry.npmjs.org/typed-array-buffer cache-miss
2202 http fetch GET 200 https://registry.npmjs.org/safe-push-apply 89ms (cache miss)
2203 silly packumentCache full:https://registry.npmjs.org/safe-push-apply set size:undefined disposed:false
2204 silly fetch manifest typed-array-byte-length@^1.0.3
2205 silly packumentCache full:https://registry.npmjs.org/typed-array-byte-length cache-miss
2206 http fetch GET 200 https://registry.npmjs.org/stop-iteration-iterator 77ms (cache miss)
2207 silly packumentCache full:https://registry.npmjs.org/stop-iteration-iterator set size:undefined disposed:false
2208 silly fetch manifest typed-array-byte-offset@^1.0.4
2209 silly packumentCache full:https://registry.npmjs.org/typed-array-byte-offset cache-miss
2210 http fetch GET 200 https://registry.npmjs.org/string.prototype.trim 75ms (cache miss)
2211 silly packumentCache full:https://registry.npmjs.org/string.prototype.trim set size:undefined disposed:false
2212 silly fetch manifest typed-array-length@^1.0.7
2213 silly packumentCache full:https://registry.npmjs.org/typed-array-length cache-miss
2214 http fetch GET 200 https://registry.npmjs.org/string.prototype.trimstart 75ms (cache miss)
2215 silly packumentCache full:https://registry.npmjs.org/string.prototype.trimstart set size:undefined disposed:false
2216 silly fetch manifest unbox-primitive@^1.1.0
2217 silly packumentCache full:https://registry.npmjs.org/unbox-primitive cache-miss
2218 http fetch GET 200 https://registry.npmjs.org/typed-array-buffer 48ms (cache miss)
2219 silly packumentCache full:https://registry.npmjs.org/typed-array-buffer set size:undefined disposed:false
2220 silly fetch manifest which-typed-array@^1.1.19
2221 silly packumentCache full:https://registry.npmjs.org/which-typed-array cache-miss
2222 http fetch GET 200 https://registry.npmjs.org/typed-array-byte-offset 63ms (cache miss)
2223 silly packumentCache full:https://registry.npmjs.org/typed-array-byte-offset set size:undefined disposed:false
2224 silly fetch manifest has-tostringtag@^1.0.2
2225 silly packumentCache full:https://registry.npmjs.org/has-tostringtag cache-miss
2226 http fetch GET 200 https://registry.npmjs.org/typed-array-byte-length 79ms (cache miss)
2227 silly packumentCache full:https://registry.npmjs.org/typed-array-byte-length set size:undefined disposed:false
2228 http fetch GET 200 https://registry.npmjs.org/unbox-primitive 71ms (cache miss)
2229 silly packumentCache full:https://registry.npmjs.org/unbox-primitive set size:undefined disposed:false
2230 http fetch GET 200 https://registry.npmjs.org/which-typed-array 87ms (cache miss)
2231 silly packumentCache full:https://registry.npmjs.org/which-typed-array set size:undefined disposed:false
2232 http fetch GET 200 https://registry.npmjs.org/typed-array-length 93ms (cache miss)
2233 silly packumentCache full:https://registry.npmjs.org/typed-array-length set size:undefined disposed:false
2234 http fetch GET 200 https://registry.npmjs.org/has-tostringtag 57ms (cache miss)
2235 silly packumentCache full:https://registry.npmjs.org/has-tostringtag set size:undefined disposed:false
2236 http fetch GET 200 https://registry.npmjs.org/available-typed-arrays 594ms (cache miss)
2237 silly packumentCache full:https://registry.npmjs.org/available-typed-arrays set size:undefined disposed:false
2238 http fetch GET 200 https://registry.npmjs.org/is-array-buffer 637ms (cache miss)
2239 silly packumentCache full:https://registry.npmjs.org/is-array-buffer set size:undefined disposed:false
2240 silly placeDep ROOT es-errors@1.3.0 OK for: array.prototype.findlastindex@1.2.6 want: ^1.3.0
2241 silly placeDep ROOT es-shim-unscopables@1.1.0 OK for: array.prototype.findlastindex@1.2.6 want: ^1.1.0
2242 silly placeDep ROOT call-bind-apply-helpers@1.0.2 OK for: call-bind@1.0.8 want: ^1.0.0
2243 silly placeDep ROOT es-define-property@1.0.1 OK for: call-bind@1.0.8 want: ^1.0.0
2244 silly placeDep ROOT set-function-length@1.2.2 OK for: call-bind@1.0.8 want: ^1.2.2
2245 silly fetch manifest define-data-property@^1.1.4
2246 silly packumentCache full:https://registry.npmjs.org/define-data-property cache-miss
2247 silly fetch manifest gopd@^1.0.1
2248 silly packumentCache full:https://registry.npmjs.org/gopd cache-miss
2249 http cache https://registry.npmjs.org/define-data-property 2ms (cache hit)
2250 silly packumentCache full:https://registry.npmjs.org/define-data-property set size:28048 disposed:false
2251 http cache https://registry.npmjs.org/gopd 3ms (cache hit)
2252 silly packumentCache full:https://registry.npmjs.org/gopd set size:11458 disposed:false
2253 silly placeDep ROOT function-bind@1.1.2 OK for: call-bind-apply-helpers@1.0.2 want: ^1.1.2
2254 silly placeDep ROOT define-data-property@1.1.4 OK for: define-properties@1.2.1 want: ^1.0.1
2255 silly placeDep ROOT has-property-descriptors@1.0.2 OK for: define-properties@1.2.1 want: ^1.0.0
2256 silly placeDep ROOT object-keys@1.1.1 OK for: define-properties@1.2.1 want: ^1.1.1
2257 silly placeDep ROOT gopd@1.2.0 OK for: define-data-property@1.1.4 want: ^1.0.1
2258 silly placeDep ROOT array-buffer-byte-length@1.0.2 OK for: es-abstract@1.24.1 want: ^1.0.2
2259 silly placeDep ROOT arraybuffer.prototype.slice@1.0.4 OK for: es-abstract@1.24.1 want: ^1.0.4
2260 silly placeDep ROOT available-typed-arrays@1.0.7 OK for: es-abstract@1.24.1 want: ^1.0.7
2261 silly placeDep ROOT data-view-buffer@1.0.2 OK for: es-abstract@1.24.1 want: ^1.0.2
2262 silly placeDep ROOT data-view-byte-length@1.0.2 OK for: es-abstract@1.24.1 want: ^1.0.2
2263 silly placeDep ROOT data-view-byte-offset@1.0.1 OK for: es-abstract@1.24.1 want: ^1.0.1
2264 silly placeDep ROOT es-set-tostringtag@2.1.0 OK for: es-abstract@1.24.1 want: ^2.1.0
2265 silly placeDep ROOT es-to-primitive@1.3.0 OK for: es-abstract@1.24.1 want: ^1.3.0
2266 silly placeDep ROOT function.prototype.name@1.1.8 OK for: es-abstract@1.24.1 want: ^1.1.8
2267 silly placeDep ROOT get-proto@1.0.1 OK for: es-abstract@1.24.1 want: ^1.0.1
2268 silly placeDep ROOT get-symbol-description@1.1.0 OK for: es-abstract@1.24.1 want: ^1.1.0
2269 silly placeDep ROOT globalthis@1.0.4 OK for: es-abstract@1.24.1 want: ^1.0.4
2270 silly placeDep ROOT has-proto@1.2.0 OK for: es-abstract@1.24.1 want: ^1.2.0
2271 silly placeDep ROOT has-symbols@1.1.0 OK for: es-abstract@1.24.1 want: ^1.1.0
2272 silly placeDep ROOT internal-slot@1.1.0 OK for: es-abstract@1.24.1 want: ^1.1.0
2273 silly placeDep ROOT is-array-buffer@3.0.5 OK for: es-abstract@1.24.1 want: ^3.0.5
2274 silly placeDep ROOT is-callable@1.2.7 OK for: es-abstract@1.24.1 want: ^1.2.7
2275 silly placeDep ROOT is-data-view@1.0.2 OK for: es-abstract@1.24.1 want: ^1.0.2
2276 silly placeDep ROOT is-negative-zero@2.0.3 OK for: es-abstract@1.24.1 want: ^2.0.3
2277 silly placeDep ROOT is-regex@1.2.1 OK for: es-abstract@1.24.1 want: ^1.2.1
2278 silly placeDep ROOT is-set@2.0.3 OK for: es-abstract@1.24.1 want: ^2.0.3
2279 silly placeDep ROOT is-shared-array-buffer@1.0.4 OK for: es-abstract@1.24.1 want: ^1.0.4
2280 silly placeDep ROOT is-typed-array@1.1.15 OK for: es-abstract@1.24.1 want: ^1.1.15
2281 silly placeDep ROOT is-weakref@1.1.1 OK for: es-abstract@1.24.1 want: ^1.1.1
2282 silly placeDep ROOT object-inspect@1.13.4 OK for: es-abstract@1.24.1 want: ^1.13.4
2283 silly placeDep ROOT object.assign@4.1.7 OK for: es-abstract@1.24.1 want: ^4.1.7
2284 silly placeDep ROOT own-keys@1.0.1 OK for: es-abstract@1.24.1 want: ^1.0.1
2285 silly placeDep ROOT regexp.prototype.flags@1.5.4 OK for: es-abstract@1.24.1 want: ^1.5.4
2286 silly placeDep ROOT safe-array-concat@1.1.3 OK for: es-abstract@1.24.1 want: ^1.1.3
2287 silly placeDep ROOT safe-push-apply@1.0.0 OK for: es-abstract@1.24.1 want: ^1.0.0
2288 silly placeDep ROOT safe-regex-test@1.1.0 OK for: es-abstract@1.24.1 want: ^1.1.0
2289 silly placeDep ROOT set-proto@1.0.0 OK for: es-abstract@1.24.1 want: ^1.0.0
2290 silly placeDep ROOT stop-iteration-iterator@1.1.0 OK for: es-abstract@1.24.1 want: ^1.1.0
2291 silly placeDep ROOT string.prototype.trim@1.2.10 OK for: es-abstract@1.24.1 want: ^1.2.10
2292 silly placeDep ROOT string.prototype.trimstart@1.0.8 OK for: es-abstract@1.24.1 want: ^1.0.8
2293 silly placeDep ROOT typed-array-buffer@1.0.3 OK for: es-abstract@1.24.1 want: ^1.0.3
2294 silly placeDep ROOT typed-array-byte-length@1.0.3 OK for: es-abstract@1.24.1 want: ^1.0.3
2295 silly placeDep ROOT typed-array-byte-offset@1.0.4 OK for: es-abstract@1.24.1 want: ^1.0.4
2296 silly placeDep ROOT typed-array-length@1.0.7 OK for: es-abstract@1.24.1 want: ^1.0.7
2297 silly placeDep ROOT unbox-primitive@1.1.0 OK for: es-abstract@1.24.1 want: ^1.1.0
2298 silly placeDep ROOT which-typed-array@1.1.20 OK for: es-abstract@1.24.1 want: ^1.1.19
2299 silly fetch manifest is-array-buffer@^3.0.4
2300 silly packumentCache full:https://registry.npmjs.org/is-array-buffer cache-miss
2301 silly fetch manifest possible-typed-array-names@^1.0.0
2302 silly packumentCache full:https://registry.npmjs.org/possible-typed-array-names cache-miss
2303 silly fetch manifest is-data-view@^1.0.1
2304 silly packumentCache full:https://registry.npmjs.org/is-data-view cache-miss
2305 silly fetch manifest is-date-object@^1.0.5
2306 silly packumentCache full:https://registry.npmjs.org/is-date-object cache-miss
2307 silly fetch manifest is-symbol@^1.0.4
2308 silly packumentCache full:https://registry.npmjs.org/is-symbol cache-miss
2309 silly fetch manifest functions-have-names@^1.2.3
2310 silly packumentCache full:https://registry.npmjs.org/functions-have-names cache-miss
2311 silly fetch manifest dunder-proto@^1.0.1
2312 silly packumentCache full:https://registry.npmjs.org/dunder-proto cache-miss
2313 http cache https://registry.npmjs.org/is-array-buffer 7ms (cache hit)
2314 silly packumentCache full:https://registry.npmjs.org/is-array-buffer set size:33562 disposed:false
2315 silly fetch manifest dunder-proto@^1.0.0
2316 silly packumentCache full:https://registry.npmjs.org/dunder-proto cache-miss
2317 http cache https://registry.npmjs.org/is-data-view 8ms (cache hit)
2318 silly packumentCache full:https://registry.npmjs.org/is-data-view set size:13756 disposed:false
2319 silly fetch manifest side-channel@^1.1.0
2320 silly packumentCache full:https://registry.npmjs.org/side-channel cache-miss
2321 http fetch GET 200 https://registry.npmjs.org/is-date-object 53ms (cache miss)
2322 silly packumentCache full:https://registry.npmjs.org/is-date-object set size:undefined disposed:false
2323 silly fetch manifest is-typed-array@^1.1.13
2324 silly packumentCache full:https://registry.npmjs.org/is-typed-array cache-miss
2325 http cache https://registry.npmjs.org/is-typed-array 2ms (cache hit)
2326 silly packumentCache full:https://registry.npmjs.org/is-typed-array set size:79965 disposed:false
2327 silly fetch manifest which-typed-array@^1.1.16
2328 silly packumentCache full:https://registry.npmjs.org/which-typed-array cache-miss
2329 http cache https://registry.npmjs.org/which-typed-array 1ms (cache hit)
2330 silly packumentCache full:https://registry.npmjs.org/which-typed-array set size:93605 disposed:false
2331 silly fetch manifest set-function-name@^2.0.2
2332 silly packumentCache full:https://registry.npmjs.org/set-function-name cache-miss
2333 http fetch GET 200 https://registry.npmjs.org/dunder-proto 56ms (cache miss)
2334 silly packumentCache full:https://registry.npmjs.org/dunder-proto set size:undefined disposed:false
2335 silly fetch manifest isarray@^2.0.5
2336 silly packumentCache full:https://registry.npmjs.org/isarray cache-miss
2337 http fetch GET 200 https://registry.npmjs.org/dunder-proto 69ms (cache miss)
2338 silly packumentCache full:https://registry.npmjs.org/dunder-proto set size:undefined disposed:false
2339 silly fetch manifest isarray@^2.0.5
2340 silly packumentCache full:https://registry.npmjs.org/isarray cache-miss
2341 http fetch GET 200 https://registry.npmjs.org/is-symbol 74ms (cache miss)
2342 silly packumentCache full:https://registry.npmjs.org/is-symbol set size:undefined disposed:false
2343 silly fetch manifest for-each@^0.3.3
2344 silly packumentCache full:https://registry.npmjs.org/for-each cache-miss
2345 http fetch GET 200 https://registry.npmjs.org/possible-typed-array-names 77ms (cache miss)
2346 silly packumentCache full:https://registry.npmjs.org/possible-typed-array-names set size:undefined disposed:false
2347 silly fetch manifest for-each@^0.3.3
2348 silly packumentCache full:https://registry.npmjs.org/for-each cache-miss
2349 http fetch GET 200 https://registry.npmjs.org/functions-have-names 78ms (cache miss)
2350 silly packumentCache full:https://registry.npmjs.org/functions-have-names set size:undefined disposed:false
2351 silly fetch manifest reflect.getprototypeof@^1.0.9
2352 silly packumentCache full:https://registry.npmjs.org/reflect.getprototypeof cache-miss
2353 http fetch GET 200 https://registry.npmjs.org/side-channel 73ms (cache miss)
2354 silly packumentCache full:https://registry.npmjs.org/side-channel set size:undefined disposed:false
2355 silly fetch manifest for-each@^0.3.3
2356 silly packumentCache full:https://registry.npmjs.org/for-each cache-miss
2357 http fetch GET 200 https://registry.npmjs.org/set-function-name 44ms (cache miss)
2358 silly packumentCache full:https://registry.npmjs.org/set-function-name set size:undefined disposed:false
2359 silly fetch manifest reflect.getprototypeof@^1.0.6
2360 silly packumentCache full:https://registry.npmjs.org/reflect.getprototypeof cache-miss
2361 http fetch GET 200 https://registry.npmjs.org/isarray 43ms (cache miss)
2362 silly packumentCache full:https://registry.npmjs.org/isarray set size:undefined disposed:false
2363 silly fetch manifest has-bigints@^1.0.2
2364 silly packumentCache full:https://registry.npmjs.org/has-bigints cache-miss
2365 http fetch GET 200 https://registry.npmjs.org/isarray 46ms (cache miss)
2366 silly packumentCache full:https://registry.npmjs.org/isarray set size:undefined disposed:false
2367 silly fetch manifest which-boxed-primitive@^1.1.1
2368 silly packumentCache full:https://registry.npmjs.org/which-boxed-primitive cache-miss
2369 http fetch GET 200 https://registry.npmjs.org/for-each 75ms (cache miss)
2370 silly packumentCache full:https://registry.npmjs.org/for-each set size:undefined disposed:false
2371 silly fetch manifest for-each@^0.3.5
2372 silly packumentCache full:https://registry.npmjs.org/for-each cache-miss
2373 http cache https://registry.npmjs.org/for-each 2ms (cache hit)
2374 silly packumentCache full:https://registry.npmjs.org/for-each set size:14327 disposed:false
2375 http fetch GET 200 https://registry.npmjs.org/reflect.getprototypeof 75ms (cache miss)
2376 silly packumentCache full:https://registry.npmjs.org/reflect.getprototypeof set size:undefined disposed:false
2377 http fetch GET 200 https://registry.npmjs.org/reflect.getprototypeof 52ms (cache miss)
2378 silly packumentCache full:https://registry.npmjs.org/reflect.getprototypeof set size:undefined disposed:false
2379 http fetch GET 200 https://registry.npmjs.org/for-each 81ms (cache miss)
2380 silly packumentCache full:https://registry.npmjs.org/for-each set size:undefined disposed:false
2381 silly packumentCache full:https://registry.npmjs.org/for-each dispose
2382 http fetch GET 200 https://registry.npmjs.org/has-bigints 62ms (cache miss)
2383 silly packumentCache full:https://registry.npmjs.org/has-bigints set size:undefined disposed:false
2384 http fetch GET 200 https://registry.npmjs.org/which-boxed-primitive 70ms (cache miss)
2385 silly packumentCache full:https://registry.npmjs.org/which-boxed-primitive set size:undefined disposed:false
2386 http fetch GET 200 https://registry.npmjs.org/for-each 171ms (cache miss)
2387 silly packumentCache full:https://registry.npmjs.org/for-each set size:undefined disposed:true
2388 silly placeDep ROOT possible-typed-array-names@1.1.0 OK for: available-typed-arrays@1.0.7 want: ^1.0.0
2389 silly placeDep ROOT has-tostringtag@1.0.2 OK for: es-set-tostringtag@2.1.0 want: ^1.0.2
2390 silly placeDep ROOT is-date-object@1.1.0 OK for: es-to-primitive@1.3.0 want: ^1.0.5
2391 silly placeDep ROOT is-symbol@1.1.1 OK for: es-to-primitive@1.3.0 want: ^1.0.4
2392 silly placeDep node_modules/eslint-module-utils debug@3.2.7 OK for: eslint-module-utils@2.12.1 want: ^3.2.7
2393 silly placeDep ROOT ast-types-flow@0.0.8 OK for: eslint-plugin-jsx-a11y@6.10.2 want: ^0.0.8
2394 silly placeDep ROOT axe-core@4.11.1 OK for: eslint-plugin-jsx-a11y@6.10.2 want: ^4.10.0
2395 silly placeDep ROOT axobject-query@4.1.0 OK for: eslint-plugin-jsx-a11y@6.10.2 want: ^4.1.0
2396 silly placeDep ROOT damerau-levenshtein@1.0.8 OK for: eslint-plugin-jsx-a11y@6.10.2 want: ^1.0.8
2397 silly placeDep ROOT emoji-regex@9.2.2 OK for: eslint-plugin-jsx-a11y@6.10.2 want: ^9.2.2
2398 silly placeDep ROOT jsx-ast-utils@3.3.5 OK for: eslint-plugin-jsx-a11y@6.10.2 want: ^3.3.5
2399 silly placeDep ROOT language-tags@1.0.9 OK for: eslint-plugin-jsx-a11y@6.10.2 want: ^1.0.9
2400 silly placeDep ROOT string.prototype.includes@2.0.1 OK for: eslint-plugin-jsx-a11y@6.10.2 want: ^2.0.1
2401 silly fetch manifest language-subtag-registry@^0.3.20
2402 silly packumentCache full:https://registry.npmjs.org/language-subtag-registry cache-miss
2403 http fetch GET 200 https://registry.npmjs.org/language-subtag-registry 75ms (cache miss)
2404 silly packumentCache full:https://registry.npmjs.org/language-subtag-registry set size:undefined disposed:false
2405 silly placeDep ROOT array.prototype.findlast@1.2.5 OK for: eslint-plugin-react@7.37.5 want: ^1.2.5
2406 silly placeDep ROOT array.prototype.tosorted@1.1.4 OK for: eslint-plugin-react@7.37.5 want: ^1.1.4
2407 silly placeDep ROOT es-iterator-helpers@1.2.2 OK for: eslint-plugin-react@7.37.5 want: ^1.2.1
2408 silly placeDep ROOT estraverse@5.3.0 OK for: eslint-plugin-react@7.37.5 want: ^5.3.0
2409 silly placeDep ROOT object.entries@1.1.9 OK for: eslint-plugin-react@7.37.5 want: ^1.1.9
2410 silly placeDep ROOT prop-types@15.8.1 OK for: eslint-plugin-react@7.37.5 want: ^15.8.1
2411 silly placeDep node_modules/eslint-plugin-react resolve@2.0.0-next.6 OK for: eslint-plugin-react@7.37.5 want: ^2.0.0-next.5
2412 silly placeDep ROOT string.prototype.matchall@4.0.12 OK for: eslint-plugin-react@7.37.5 want: ^4.0.12
2413 silly placeDep ROOT string.prototype.repeat@1.0.0 OK for: eslint-plugin-react@7.37.5 want: ^1.0.0
2414 silly fetch manifest iterator.prototype@^1.1.5
2415 silly packumentCache full:https://registry.npmjs.org/iterator.prototype cache-miss
2416 silly fetch manifest loose-envify@^1.4.0
2417 silly packumentCache full:https://registry.npmjs.org/loose-envify cache-miss
2418 silly fetch manifest object-assign@^4.1.1
2419 silly packumentCache full:https://registry.npmjs.org/object-assign cache-miss
2420 silly fetch manifest react-is@^16.13.1
2421 silly packumentCache full:https://registry.npmjs.org/react-is cache-miss
2422 silly fetch manifest node-exports-info@^1.6.0
2423 silly packumentCache full:https://registry.npmjs.org/node-exports-info cache-miss
2424 http cache https://registry.npmjs.org/react-is 12ms (cache hit)
2425 silly packumentCache full:https://registry.npmjs.org/react-is set size:5282126 disposed:false
2426 http fetch GET 200 https://registry.npmjs.org/node-exports-info 73ms (cache miss)
2427 silly packumentCache full:https://registry.npmjs.org/node-exports-info set size:undefined disposed:false
2428 http fetch GET 200 https://registry.npmjs.org/loose-envify 81ms (cache miss)
2429 silly packumentCache full:https://registry.npmjs.org/loose-envify set size:undefined disposed:false
2430 http fetch GET 200 https://registry.npmjs.org/iterator.prototype 83ms (cache miss)
2431 silly packumentCache full:https://registry.npmjs.org/iterator.prototype set size:undefined disposed:false
2432 http fetch GET 200 https://registry.npmjs.org/object-assign 99ms (cache miss)
2433 silly packumentCache full:https://registry.npmjs.org/object-assign set size:undefined disposed:false
2434 silly placeDep ROOT iterator.prototype@1.1.5 OK for: es-iterator-helpers@1.2.2 want: ^1.1.5
2435 silly placeDep ROOT esrecurse@4.3.0 OK for: eslint-scope@8.4.0 want: ^4.3.0
2436 silly placeDep ROOT acorn@8.16.0 OK for: espree@10.4.0 want: ^8.15.0
2437 silly placeDep ROOT acorn-jsx@5.3.2 OK for: espree@10.4.0 want: ^5.3.2
2438 silly placeDep ROOT @nodelib/fs.stat@2.0.5 OK for: fast-glob@3.3.1 want: ^2.0.2
2439 silly placeDep ROOT @nodelib/fs.walk@1.2.8 OK for: fast-glob@3.3.1 want: ^1.2.3
2440 silly placeDep node_modules/fast-glob glob-parent@5.1.2 OK for: fast-glob@3.3.1 want: ^5.1.2
2441 silly placeDep ROOT merge2@1.4.1 OK for: fast-glob@3.3.1 want: ^1.3.0
2442 silly placeDep ROOT micromatch@4.0.8 OK for: fast-glob@3.3.1 want: ^4.0.4
2443 silly fetch manifest fastq@^1.6.0
2444 silly packumentCache full:https://registry.npmjs.org/fastq cache-miss
2445 silly fetch manifest @nodelib/fs.scandir@2.1.5
2446 silly packumentCache full:https://registry.npmjs.org/@nodelib%2ffs.scandir cache-miss
2447 silly fetch manifest braces@^3.0.3
2448 silly packumentCache full:https://registry.npmjs.org/braces cache-miss
2449 silly fetch manifest picomatch@^2.3.1
2450 silly packumentCache full:https://registry.npmjs.org/picomatch cache-hit
2451 http fetch GET 200 https://registry.npmjs.org/fastq 63ms (cache miss)
2452 silly packumentCache full:https://registry.npmjs.org/fastq set size:undefined disposed:false
2453 http fetch GET 200 https://registry.npmjs.org/@nodelib%2ffs.scandir 83ms (cache miss)
2454 silly packumentCache full:https://registry.npmjs.org/@nodelib%2ffs.scandir set size:undefined disposed:false
2455 http fetch GET 200 https://registry.npmjs.org/braces 85ms (cache miss)
2456 silly packumentCache full:https://registry.npmjs.org/braces set size:undefined disposed:false
2457 silly placeDep ROOT @nodelib/fs.scandir@2.1.5 OK for: @nodelib/fs.walk@1.2.8 want: 2.1.5
2458 silly placeDep ROOT fastq@1.20.1 OK for: @nodelib/fs.walk@1.2.8 want: ^1.6.0
2459 silly fetch manifest run-parallel@^1.1.9
2460 silly packumentCache full:https://registry.npmjs.org/run-parallel cache-miss
2461 silly fetch manifest reusify@^1.0.4
2462 silly packumentCache full:https://registry.npmjs.org/reusify cache-miss
2463 http fetch GET 200 https://registry.npmjs.org/run-parallel 48ms (cache miss)
2464 silly packumentCache full:https://registry.npmjs.org/run-parallel set size:undefined disposed:false
2465 http fetch GET 200 https://registry.npmjs.org/reusify 51ms (cache miss)
2466 silly packumentCache full:https://registry.npmjs.org/reusify set size:undefined disposed:false
2467 silly placeDep ROOT run-parallel@1.2.0 OK for: @nodelib/fs.scandir@2.1.5 want: ^1.1.9
2468 silly fetch manifest queue-microtask@^1.2.2
2469 silly packumentCache full:https://registry.npmjs.org/queue-microtask cache-miss
2470 http fetch GET 200 https://registry.npmjs.org/queue-microtask 80ms (cache miss)
2471 silly packumentCache full:https://registry.npmjs.org/queue-microtask set size:undefined disposed:false
2472 silly placeDep ROOT reusify@1.1.0 OK for: fastq@1.20.1 want: ^1.0.4
2473 silly placeDep ROOT flat-cache@4.0.1 OK for: file-entry-cache@8.0.0 want: ^4.0.0
2474 silly fetch manifest keyv@^4.5.4
2475 silly packumentCache full:https://registry.npmjs.org/keyv cache-miss
2476 silly fetch manifest flatted@^3.2.9
2477 silly packumentCache full:https://registry.npmjs.org/flatted cache-miss
2478 http fetch GET 200 https://registry.npmjs.org/flatted 73ms (cache miss)
2479 silly packumentCache full:https://registry.npmjs.org/flatted set size:undefined disposed:false
2480 http fetch GET 200 https://registry.npmjs.org/keyv 77ms (cache miss)
2481 silly packumentCache full:https://registry.npmjs.org/keyv set size:undefined disposed:false
2482 silly placeDep ROOT locate-path@6.0.0 OK for: find-up@5.0.0 want: ^6.0.0
2483 silly placeDep ROOT path-exists@4.0.0 OK for: find-up@5.0.0 want: ^4.0.0
2484 silly fetch manifest p-locate@^5.0.0
2485 silly packumentCache full:https://registry.npmjs.org/p-locate cache-miss
2486 http fetch GET 200 https://registry.npmjs.org/p-locate 76ms (cache miss)
2487 silly packumentCache full:https://registry.npmjs.org/p-locate set size:undefined disposed:false
2488 silly placeDep ROOT flatted@3.3.4 OK for: flat-cache@4.0.1 want: ^3.2.9
2489 silly placeDep ROOT keyv@4.5.4 OK for: flat-cache@4.0.1 want: ^4.5.4
2490 silly fetch manifest json-buffer@3.0.1
2491 silly packumentCache full:https://registry.npmjs.org/json-buffer cache-miss
2492 http fetch GET 200 https://registry.npmjs.org/json-buffer 73ms (cache miss)
2493 silly packumentCache full:https://registry.npmjs.org/json-buffer set size:undefined disposed:false
2494 silly placeDep ROOT functions-have-names@1.2.3 OK for: function.prototype.name@1.1.8 want: ^1.2.3
2495 silly placeDep ROOT dunder-proto@1.0.1 OK for: get-proto@1.0.1 want: ^1.0.1
2496 silly placeDep ROOT resolve-pkg-maps@1.0.0 OK for: get-tsconfig@4.13.6 want: ^1.0.0
2497 silly placeDep node_modules/htmlparser2 entities@7.0.1 OK for: htmlparser2@10.1.0 want: ^7.0.1
2498 silly placeDep ROOT safer-buffer@2.1.2 OK for: iconv-lite@0.6.3 want: >= 2.1.2 < 3.0.0
2499 silly placeDep ROOT parent-module@1.0.1 OK for: import-fresh@3.3.1 want: ^1.0.0
2500 silly placeDep ROOT resolve-from@4.0.0 OK for: import-fresh@3.3.1 want: ^4.0.0
2501 silly fetch manifest callsites@^3.0.0
2502 silly packumentCache full:https://registry.npmjs.org/callsites cache-miss
2503 http fetch GET 200 https://registry.npmjs.org/callsites 46ms (cache miss)
2504 silly packumentCache full:https://registry.npmjs.org/callsites set size:undefined disposed:false
2505 silly placeDep ROOT side-channel@1.1.0 OK for: internal-slot@1.1.0 want: ^1.1.0
2506 silly fetch manifest side-channel-list@^1.0.0
2507 silly packumentCache full:https://registry.npmjs.org/side-channel-list cache-miss
2508 silly fetch manifest side-channel-map@^1.0.1
2509 silly packumentCache full:https://registry.npmjs.org/side-channel-map cache-miss
2510 silly fetch manifest side-channel-weakmap@^1.0.2
2511 silly packumentCache full:https://registry.npmjs.org/side-channel-weakmap cache-miss
2512 http fetch GET 200 https://registry.npmjs.org/side-channel-weakmap 53ms (cache miss)
2513 silly packumentCache full:https://registry.npmjs.org/side-channel-weakmap set size:undefined disposed:false
2514 http fetch GET 200 https://registry.npmjs.org/side-channel-map 75ms (cache miss)
2515 silly packumentCache full:https://registry.npmjs.org/side-channel-map set size:undefined disposed:false
2516 http fetch GET 200 https://registry.npmjs.org/side-channel-list 75ms (cache miss)
2517 silly packumentCache full:https://registry.npmjs.org/side-channel-list set size:undefined disposed:false
2518 silly placeDep node_modules/is-bun-module semver@7.7.4 OK for: is-bun-module@2.0.0 want: ^7.7.1
2519 silly placeDep ROOT is-extglob@2.1.1 OK for: is-glob@4.0.3 want: ^2.1.1
2520 silly placeDep ROOT set-function-name@2.0.2 OK for: iterator.prototype@1.1.5 want: ^2.0.2
2521 silly placeDep ROOT argparse@2.0.1 OK for: js-yaml@4.1.1 want: ^2.0.1
2522 silly placeDep ROOT cssstyle@4.6.0 OK for: jsdom@25.0.1 want: ^4.1.0
2523 silly placeDep ROOT data-urls@5.0.0 OK for: jsdom@25.0.1 want: ^5.0.0
2524 silly placeDep ROOT decimal.js@10.6.0 OK for: jsdom@25.0.1 want: ^10.4.3
2525 silly placeDep ROOT form-data@4.0.5 OK for: jsdom@25.0.1 want: ^4.0.0
2526 silly placeDep ROOT html-encoding-sniffer@4.0.0 OK for: jsdom@25.0.1 want: ^4.0.0
2527 silly placeDep ROOT http-proxy-agent@7.0.2 OK for: jsdom@25.0.1 want: ^7.0.2
2528 silly placeDep ROOT https-proxy-agent@7.0.6 OK for: jsdom@25.0.1 want: ^7.0.5
2529 silly placeDep ROOT is-potential-custom-element-name@1.0.1 OK for: jsdom@25.0.1 want: ^1.0.1
2530 silly placeDep ROOT nwsapi@2.2.23 OK for: jsdom@25.0.1 want: ^2.2.12
2531 silly placeDep ROOT rrweb-cssom@0.7.1 OK for: jsdom@25.0.1 want: ^0.7.1
2532 silly placeDep ROOT saxes@6.0.0 OK for: jsdom@25.0.1 want: ^6.0.0
2533 silly placeDep ROOT symbol-tree@3.2.4 OK for: jsdom@25.0.1 want: ^3.2.4
2534 silly placeDep ROOT tough-cookie@5.1.2 OK for: jsdom@25.0.1 want: ^5.0.0
2535 silly placeDep ROOT w3c-xmlserializer@5.0.0 OK for: jsdom@25.0.1 want: ^5.0.0
2536 silly placeDep ROOT webidl-conversions@7.0.0 OK for: jsdom@25.0.1 want: ^7.0.0
2537 silly placeDep ROOT whatwg-url@14.2.0 OK for: jsdom@25.0.1 want: ^14.0.0
2538 silly placeDep ROOT xml-name-validator@5.0.0 OK for: jsdom@25.0.1 want: ^5.0.0
2539 silly fetch manifest rrweb-cssom@^0.8.0
2540 silly packumentCache full:https://registry.npmjs.org/rrweb-cssom cache-hit
2541 silly fetch manifest @asamuzakjp/css-color@^3.2.0
2542 silly packumentCache full:https://registry.npmjs.org/@asamuzakjp%2fcss-color cache-miss
2543 silly fetch manifest asynckit@^0.4.0
2544 silly packumentCache full:https://registry.npmjs.org/asynckit cache-miss
2545 silly fetch manifest combined-stream@^1.0.8
2546 silly packumentCache full:https://registry.npmjs.org/combined-stream cache-miss
2547 silly fetch manifest mime-types@^2.1.12
2548 silly packumentCache full:https://registry.npmjs.org/mime-types cache-miss
2549 silly fetch manifest agent-base@^7.1.0
2550 silly packumentCache full:https://registry.npmjs.org/agent-base cache-miss
2551 silly fetch manifest agent-base@^7.1.2
2552 silly packumentCache full:https://registry.npmjs.org/agent-base cache-miss
2553 silly fetch manifest xmlchars@^2.2.0
2554 silly packumentCache full:https://registry.npmjs.org/xmlchars cache-miss
2555 http fetch GET 200 https://registry.npmjs.org/agent-base 66ms (cache miss)
2556 silly packumentCache full:https://registry.npmjs.org/agent-base set size:undefined disposed:false
2557 silly fetch manifest tldts@^6.1.32
2558 silly packumentCache full:https://registry.npmjs.org/tldts cache-miss
2559 http fetch GET 200 https://registry.npmjs.org/xmlchars 67ms (cache miss)
2560 silly packumentCache full:https://registry.npmjs.org/xmlchars set size:undefined disposed:false
2561 silly fetch manifest tr46@^5.1.0
2562 silly packumentCache full:https://registry.npmjs.org/tr46 cache-miss
2563 http fetch GET 200 https://registry.npmjs.org/mime-types 69ms (cache miss)
2564 silly packumentCache full:https://registry.npmjs.org/mime-types set size:undefined disposed:false
2565 http fetch GET 200 https://registry.npmjs.org/asynckit 72ms (cache miss)
2566 silly packumentCache full:https://registry.npmjs.org/asynckit set size:undefined disposed:false
2567 http fetch GET 200 https://registry.npmjs.org/combined-stream 84ms (cache miss)
2568 silly packumentCache full:https://registry.npmjs.org/combined-stream set size:undefined disposed:false
2569 http fetch GET 200 https://registry.npmjs.org/agent-base 88ms (cache miss)
2570 silly packumentCache full:https://registry.npmjs.org/agent-base set size:undefined disposed:false
2571 http fetch GET 200 https://registry.npmjs.org/@asamuzakjp%2fcss-color 132ms (cache miss)
2572 silly packumentCache full:https://registry.npmjs.org/@asamuzakjp%2fcss-color set size:undefined disposed:false
2573 http fetch GET 200 https://registry.npmjs.org/tr46 92ms (cache miss)
2574 silly packumentCache full:https://registry.npmjs.org/tr46 set size:undefined disposed:false
2575 http fetch GET 200 https://registry.npmjs.org/tldts 392ms (cache miss)
2576 silly packumentCache full:https://registry.npmjs.org/tldts set size:undefined disposed:false
2577 silly placeDep ROOT @asamuzakjp/css-color@3.2.0 OK for: cssstyle@4.6.0 want: ^3.2.0
2578 silly placeDep node_modules/cssstyle rrweb-cssom@0.8.0 OK for: cssstyle@4.6.0 want: ^0.8.0
2579 silly fetch manifest lru-cache@^10.4.3
2580 silly packumentCache full:https://registry.npmjs.org/lru-cache cache-hit
2581 silly fetch manifest @csstools/css-calc@^2.1.3
2582 silly packumentCache full:https://registry.npmjs.org/@csstools%2fcss-calc cache-miss
2583 silly fetch manifest @csstools/css-tokenizer@^3.0.3
2584 silly packumentCache full:https://registry.npmjs.org/@csstools%2fcss-tokenizer cache-miss
2585 silly fetch manifest @csstools/css-color-parser@^3.0.9
2586 silly packumentCache full:https://registry.npmjs.org/@csstools%2fcss-color-parser cache-miss
2587 silly fetch manifest @csstools/css-parser-algorithms@^3.0.4
2588 silly packumentCache full:https://registry.npmjs.org/@csstools%2fcss-parser-algorithms cache-miss
2589 http fetch GET 200 https://registry.npmjs.org/@csstools%2fcss-tokenizer 101ms (cache miss)
2590 silly packumentCache full:https://registry.npmjs.org/@csstools%2fcss-tokenizer set size:undefined disposed:false
2591 http fetch GET 200 https://registry.npmjs.org/@csstools%2fcss-color-parser 110ms (cache miss)
2592 silly packumentCache full:https://registry.npmjs.org/@csstools%2fcss-color-parser set size:undefined disposed:false
2593 http fetch GET 200 https://registry.npmjs.org/@csstools%2fcss-calc 113ms (cache miss)
2594 silly packumentCache full:https://registry.npmjs.org/@csstools%2fcss-calc set size:undefined disposed:false
2595 http fetch GET 200 https://registry.npmjs.org/@csstools%2fcss-parser-algorithms 231ms (cache miss)
2596 silly packumentCache full:https://registry.npmjs.org/@csstools%2fcss-parser-algorithms set size:undefined disposed:false
2597 silly placeDep ROOT @csstools/css-calc@2.1.4 OK for: @asamuzakjp/css-color@3.2.0 want: ^2.1.3
2598 silly placeDep ROOT @csstools/css-color-parser@3.1.0 OK for: @asamuzakjp/css-color@3.2.0 want: ^3.0.9
2599 silly placeDep ROOT @csstools/css-parser-algorithms@3.0.5 OK for: @asamuzakjp/css-color@3.2.0 want: ^3.0.4
2600 silly placeDep ROOT @csstools/css-tokenizer@3.0.4 OK for: @asamuzakjp/css-color@3.2.0 want: ^3.0.3
2601 silly placeDep node_modules/@asamuzakjp/css-color lru-cache@10.4.3 OK for: @asamuzakjp/css-color@3.2.0 want: ^10.4.3
2602 silly fetch manifest @csstools/color-helpers@^5.1.0
2603 silly packumentCache full:https://registry.npmjs.org/@csstools%2fcolor-helpers cache-miss
2604 http fetch GET 200 https://registry.npmjs.org/@csstools%2fcolor-helpers 178ms (cache miss)
2605 silly packumentCache full:https://registry.npmjs.org/@csstools%2fcolor-helpers set size:undefined disposed:false
2606 silly placeDep ROOT @csstools/color-helpers@5.1.0 OK for: @csstools/css-color-parser@3.1.0 want: ^5.1.0
2607 silly placeDep ROOT asynckit@0.4.0 OK for: form-data@4.0.5 want: ^0.4.0
2608 silly placeDep ROOT combined-stream@1.0.8 OK for: form-data@4.0.5 want: ^1.0.8
2609 silly placeDep ROOT mime-types@2.1.35 OK for: form-data@4.0.5 want: ^2.1.12
2610 silly fetch manifest delayed-stream@~1.0.0
2611 silly packumentCache full:https://registry.npmjs.org/delayed-stream cache-miss
2612 silly fetch manifest mime-db@1.52.0
2613 silly packumentCache full:https://registry.npmjs.org/mime-db cache-miss
2614 http fetch GET 200 https://registry.npmjs.org/delayed-stream 74ms (cache miss)
2615 silly packumentCache full:https://registry.npmjs.org/delayed-stream set size:undefined disposed:false
2616 http fetch GET 200 https://registry.npmjs.org/mime-db 74ms (cache miss)
2617 silly packumentCache full:https://registry.npmjs.org/mime-db set size:undefined disposed:false
2618 silly placeDep ROOT delayed-stream@1.0.0 OK for: combined-stream@1.0.8 want: ~1.0.0
2619 silly placeDep ROOT agent-base@7.1.4 OK for: http-proxy-agent@7.0.2 want: ^7.1.0
2620 silly placeDep ROOT json-buffer@3.0.1 OK for: keyv@4.5.4 want: 3.0.1
2621 silly placeDep ROOT language-subtag-registry@0.3.23 OK for: language-tags@1.0.9 want: ^0.3.20
2622 silly placeDep ROOT prelude-ls@1.2.1 OK for: levn@0.4.1 want: ^1.2.1
2623 silly placeDep ROOT type-check@0.4.0 OK for: levn@0.4.1 want: ~0.4.0
2624 silly placeDep ROOT detect-libc@2.1.2 OK for: lightningcss@1.31.1 want: ^2.0.3
2625 silly placeDep ROOT lightningcss-android-arm64@1.31.1 OK for: lightningcss@1.31.1 want: 1.31.1
2626 silly placeDep ROOT lightningcss-darwin-arm64@1.31.1 OK for: lightningcss@1.31.1 want: 1.31.1
2627 silly placeDep ROOT lightningcss-darwin-x64@1.31.1 OK for: lightningcss@1.31.1 want: 1.31.1
2628 silly placeDep ROOT lightningcss-freebsd-x64@1.31.1 OK for: lightningcss@1.31.1 want: 1.31.1
2629 silly placeDep ROOT lightningcss-linux-arm-gnueabihf@1.31.1 OK for: lightningcss@1.31.1 want: 1.31.1
2630 silly placeDep ROOT lightningcss-linux-arm64-gnu@1.31.1 OK for: lightningcss@1.31.1 want: 1.31.1
2631 silly placeDep ROOT lightningcss-linux-arm64-musl@1.31.1 OK for: lightningcss@1.31.1 want: 1.31.1
2632 silly placeDep ROOT lightningcss-linux-x64-gnu@1.31.1 OK for: lightningcss@1.31.1 want: 1.31.1
2633 silly placeDep ROOT lightningcss-linux-x64-musl@1.31.1 OK for: lightningcss@1.31.1 want: 1.31.1
2634 silly placeDep ROOT lightningcss-win32-arm64-msvc@1.31.1 OK for: lightningcss@1.31.1 want: 1.31.1
2635 silly placeDep ROOT lightningcss-win32-x64-msvc@1.31.1 OK for: lightningcss@1.31.1 want: 1.31.1
2636 silly placeDep node_modules/lint-staged chalk@5.6.2 OK for: lint-staged@15.5.2 want: ^5.4.1
2637 silly placeDep ROOT commander@13.1.0 OK for: lint-staged@15.5.2 want: ^13.1.0
2638 silly placeDep ROOT execa@8.0.1 OK for: lint-staged@15.5.2 want: ^8.0.1
2639 silly placeDep ROOT lilconfig@3.1.3 OK for: lint-staged@15.5.2 want: ^3.1.3
2640 silly placeDep ROOT listr2@8.3.3 OK for: lint-staged@15.5.2 want: ^8.2.5
2641 silly placeDep ROOT pidtree@0.6.0 OK for: lint-staged@15.5.2 want: ^0.6.0
2642 silly placeDep ROOT string-argv@0.3.2 OK for: lint-staged@15.5.2 want: ^0.3.2
2643 silly placeDep ROOT yaml@2.8.2 OK for: lint-staged@15.5.2 want: ^2.7.0
2644 silly fetch manifest onetime@^6.0.0
2645 silly packumentCache full:https://registry.npmjs.org/onetime cache-miss
2646 silly fetch manifest is-stream@^3.0.0
2647 silly packumentCache full:https://registry.npmjs.org/is-stream cache-miss
2648 silly fetch manifest get-stream@^8.0.1
2649 silly packumentCache full:https://registry.npmjs.org/get-stream cache-miss
2650 silly fetch manifest signal-exit@^4.1.0
2651 silly packumentCache full:https://registry.npmjs.org/signal-exit cache-miss
2652 silly fetch manifest merge-stream@^2.0.0
2653 silly packumentCache full:https://registry.npmjs.org/merge-stream cache-miss
2654 silly fetch manifest npm-run-path@^5.1.0
2655 silly packumentCache full:https://registry.npmjs.org/npm-run-path cache-miss
2656 silly fetch manifest human-signals@^5.0.0
2657 silly packumentCache full:https://registry.npmjs.org/human-signals cache-miss
2658 http fetch GET 200 https://registry.npmjs.org/is-stream 77ms (cache miss)
2659 silly packumentCache full:https://registry.npmjs.org/is-stream set size:undefined disposed:false
2660 silly fetch manifest strip-final-newline@^3.0.0
2661 silly packumentCache full:https://registry.npmjs.org/strip-final-newline cache-miss
2662 http fetch GET 200 https://registry.npmjs.org/npm-run-path 80ms (cache miss)
2663 silly packumentCache full:https://registry.npmjs.org/npm-run-path set size:undefined disposed:false
2664 silly fetch manifest rfdc@^1.4.1
2665 silly packumentCache full:https://registry.npmjs.org/rfdc cache-miss
2666 http fetch GET 200 https://registry.npmjs.org/signal-exit 83ms (cache miss)
2667 silly packumentCache full:https://registry.npmjs.org/signal-exit set size:undefined disposed:false
2668 silly fetch manifest colorette@^2.0.20
2669 silly packumentCache full:https://registry.npmjs.org/colorette cache-miss
2670 http fetch GET 200 https://registry.npmjs.org/onetime 85ms (cache miss)
2671 silly packumentCache full:https://registry.npmjs.org/onetime set size:undefined disposed:false
2672 silly fetch manifest wrap-ansi@^9.0.0
2673 silly packumentCache full:https://registry.npmjs.org/wrap-ansi cache-miss
2674 http fetch GET 200 https://registry.npmjs.org/get-stream 107ms (cache miss)
2675 silly packumentCache full:https://registry.npmjs.org/get-stream set size:undefined disposed:false
2676 silly fetch manifest log-update@^6.1.0
2677 silly packumentCache full:https://registry.npmjs.org/log-update cache-miss
2678 http fetch GET 200 https://registry.npmjs.org/merge-stream 168ms (cache miss)
2679 silly packumentCache full:https://registry.npmjs.org/merge-stream set size:undefined disposed:false
2680 silly fetch manifest cli-truncate@^4.0.0
2681 silly packumentCache full:https://registry.npmjs.org/cli-truncate cache-miss
2682 http fetch GET 200 https://registry.npmjs.org/strip-final-newline 93ms (cache miss)
2683 silly packumentCache full:https://registry.npmjs.org/strip-final-newline set size:undefined disposed:false
2684 silly fetch manifest eventemitter3@^5.0.1
2685 silly packumentCache full:https://registry.npmjs.org/eventemitter3 cache-miss
2686 http fetch GET 200 https://registry.npmjs.org/rfdc 101ms (cache miss)
2687 silly packumentCache full:https://registry.npmjs.org/rfdc set size:undefined disposed:false
2688 http fetch GET 200 https://registry.npmjs.org/log-update 93ms (cache miss)
2689 silly packumentCache full:https://registry.npmjs.org/log-update set size:undefined disposed:false
2690 http fetch GET 200 https://registry.npmjs.org/cli-truncate 55ms (cache miss)
2691 silly packumentCache full:https://registry.npmjs.org/cli-truncate set size:undefined disposed:false
2692 http fetch GET 200 https://registry.npmjs.org/wrap-ansi 142ms (cache miss)
2693 silly packumentCache full:https://registry.npmjs.org/wrap-ansi set size:undefined disposed:false
2694 http fetch GET 200 https://registry.npmjs.org/eventemitter3 90ms (cache miss)
2695 silly packumentCache full:https://registry.npmjs.org/eventemitter3 set size:undefined disposed:false
2696 http fetch GET 200 https://registry.npmjs.org/human-signals 287ms (cache miss)
2697 silly packumentCache full:https://registry.npmjs.org/human-signals set size:undefined disposed:false
2698 http fetch GET 200 https://registry.npmjs.org/colorette 308ms (cache miss)
2699 silly packumentCache full:https://registry.npmjs.org/colorette set size:undefined disposed:false
2700 silly placeDep ROOT get-stream@8.0.1 OK for: execa@8.0.1 want: ^8.0.1
2701 silly placeDep ROOT human-signals@5.0.0 OK for: execa@8.0.1 want: ^5.0.0
2702 silly placeDep ROOT is-stream@3.0.0 OK for: execa@8.0.1 want: ^3.0.0
2703 silly placeDep ROOT merge-stream@2.0.0 OK for: execa@8.0.1 want: ^2.0.0
2704 silly placeDep ROOT npm-run-path@5.3.0 OK for: execa@8.0.1 want: ^5.1.0
2705 silly placeDep ROOT onetime@6.0.0 OK for: execa@8.0.1 want: ^6.0.0
2706 silly placeDep ROOT signal-exit@4.1.0 OK for: execa@8.0.1 want: ^4.1.0
2707 silly placeDep ROOT strip-final-newline@3.0.0 OK for: execa@8.0.1 want: ^3.0.0
2708 silly fetch manifest path-key@^4.0.0
2709 silly packumentCache full:https://registry.npmjs.org/path-key cache-miss
2710 silly fetch manifest mimic-fn@^4.0.0
2711 silly packumentCache full:https://registry.npmjs.org/mimic-fn cache-miss
2712 http cache https://registry.npmjs.org/path-key 3ms (cache hit)
2713 silly packumentCache full:https://registry.npmjs.org/path-key set size:16975 disposed:false
2714 http fetch GET 200 https://registry.npmjs.org/mimic-fn 46ms (cache miss)
2715 silly packumentCache full:https://registry.npmjs.org/mimic-fn set size:undefined disposed:false
2716 silly placeDep ROOT cli-truncate@4.0.0 OK for: listr2@8.3.3 want: ^4.0.0
2717 silly placeDep ROOT colorette@2.0.20 OK for: listr2@8.3.3 want: ^2.0.20
2718 silly placeDep ROOT eventemitter3@5.0.4 OK for: listr2@8.3.3 want: ^5.0.1
2719 silly placeDep ROOT log-update@6.1.0 OK for: listr2@8.3.3 want: ^6.1.0
2720 silly placeDep ROOT rfdc@1.4.1 OK for: listr2@8.3.3 want: ^1.4.1
2721 silly placeDep ROOT wrap-ansi@9.0.2 OK for: listr2@8.3.3 want: ^9.0.0
2722 silly fetch manifest slice-ansi@^5.0.0
2723 silly packumentCache full:https://registry.npmjs.org/slice-ansi cache-miss
2724 silly fetch manifest string-width@^7.0.0
2725 silly packumentCache full:https://registry.npmjs.org/string-width cache-miss
2726 silly fetch manifest cli-cursor@^5.0.0
2727 silly packumentCache full:https://registry.npmjs.org/cli-cursor cache-miss
2728 silly fetch manifest slice-ansi@^7.1.0
2729 silly packumentCache full:https://registry.npmjs.org/slice-ansi cache-miss
2730 silly fetch manifest strip-ansi@^7.1.0
2731 silly packumentCache full:https://registry.npmjs.org/strip-ansi cache-miss
2732 silly fetch manifest ansi-escapes@^7.0.0
2733 silly packumentCache full:https://registry.npmjs.org/ansi-escapes cache-miss
2734 silly fetch manifest strip-ansi@^7.1.0
2735 silly packumentCache full:https://registry.npmjs.org/strip-ansi cache-miss
2736 http fetch GET 200 https://registry.npmjs.org/string-width 61ms (cache miss)
2737 silly packumentCache full:https://registry.npmjs.org/string-width set size:undefined disposed:false
2738 silly fetch manifest ansi-styles@^6.2.1
2739 silly packumentCache full:https://registry.npmjs.org/ansi-styles cache-hit
2740 http fetch GET 200 https://registry.npmjs.org/slice-ansi 69ms (cache miss)
2741 silly packumentCache full:https://registry.npmjs.org/slice-ansi set size:undefined disposed:false
2742 http fetch GET 200 https://registry.npmjs.org/slice-ansi 89ms (cache miss)
2743 silly packumentCache full:https://registry.npmjs.org/slice-ansi set size:undefined disposed:false
2744 http fetch GET 200 https://registry.npmjs.org/ansi-escapes 90ms (cache miss)
2745 silly packumentCache full:https://registry.npmjs.org/ansi-escapes set size:undefined disposed:false
2746 http fetch GET 200 https://registry.npmjs.org/strip-ansi 91ms (cache miss)
2747 silly packumentCache full:https://registry.npmjs.org/strip-ansi set size:undefined disposed:false
2748 http fetch GET 200 https://registry.npmjs.org/strip-ansi 92ms (cache miss)
2749 silly packumentCache full:https://registry.npmjs.org/strip-ansi set size:undefined disposed:false
2750 http fetch GET 200 https://registry.npmjs.org/cli-cursor 96ms (cache miss)
2751 silly packumentCache full:https://registry.npmjs.org/cli-cursor set size:undefined disposed:false
2752 silly placeDep ROOT slice-ansi@5.0.0 OK for: cli-truncate@4.0.0 want: ^5.0.0
2753 silly placeDep ROOT string-width@7.2.0 OK for: cli-truncate@4.0.0 want: ^7.0.0
2754 silly fetch manifest ansi-styles@^6.0.0
2755 silly packumentCache full:https://registry.npmjs.org/ansi-styles cache-hit
2756 silly fetch manifest is-fullwidth-code-point@^4.0.0
2757 silly packumentCache full:https://registry.npmjs.org/is-fullwidth-code-point cache-miss
2758 silly fetch manifest emoji-regex@^10.3.0
2759 silly packumentCache full:https://registry.npmjs.org/emoji-regex cache-miss
2760 silly fetch manifest get-east-asian-width@^1.0.0
2761 silly packumentCache full:https://registry.npmjs.org/get-east-asian-width cache-miss
2762 http cache https://registry.npmjs.org/emoji-regex 3ms (cache hit)
2763 silly packumentCache full:https://registry.npmjs.org/emoji-regex set size:89088 disposed:false
2764 http fetch GET 200 https://registry.npmjs.org/get-east-asian-width 64ms (cache miss)
2765 silly packumentCache full:https://registry.npmjs.org/get-east-asian-width set size:undefined disposed:false
2766 http fetch GET 200 https://registry.npmjs.org/is-fullwidth-code-point 71ms (cache miss)
2767 silly packumentCache full:https://registry.npmjs.org/is-fullwidth-code-point set size:undefined disposed:false
2768 silly placeDep ROOT p-locate@5.0.0 OK for: locate-path@6.0.0 want: ^5.0.0
2769 silly fetch manifest p-limit@^3.0.2
2770 silly packumentCache full:https://registry.npmjs.org/p-limit cache-miss
2771 http fetch GET 200 https://registry.npmjs.org/p-limit 72ms (cache miss)
2772 silly packumentCache full:https://registry.npmjs.org/p-limit set size:undefined disposed:false
2773 silly placeDep ROOT ansi-escapes@7.3.0 OK for: log-update@6.1.0 want: ^7.0.0
2774 silly placeDep ROOT cli-cursor@5.0.0 OK for: log-update@6.1.0 want: ^5.0.0
2775 silly placeDep node_modules/log-update slice-ansi@7.1.2 OK for: log-update@6.1.0 want: ^7.1.0
2776 silly placeDep ROOT strip-ansi@7.2.0 OK for: log-update@6.1.0 want: ^7.1.0
2777 silly fetch manifest environment@^1.0.0
2778 silly packumentCache full:https://registry.npmjs.org/environment cache-miss
2779 silly fetch manifest restore-cursor@^5.0.0
2780 silly packumentCache full:https://registry.npmjs.org/restore-cursor cache-miss
2781 silly fetch manifest is-fullwidth-code-point@^5.0.0
2782 silly packumentCache full:https://registry.npmjs.org/is-fullwidth-code-point cache-miss
2783 silly fetch manifest ansi-regex@^6.2.2
2784 silly packumentCache full:https://registry.npmjs.org/ansi-regex cache-miss
2785 http cache https://registry.npmjs.org/is-fullwidth-code-point 3ms (cache hit)
2786 silly packumentCache full:https://registry.npmjs.org/is-fullwidth-code-point set size:14578 disposed:false
2787 http cache https://registry.npmjs.org/ansi-regex 4ms (cache hit)
2788 silly packumentCache full:https://registry.npmjs.org/ansi-regex set size:43572 disposed:false
2789 http fetch GET 200 https://registry.npmjs.org/environment 58ms (cache miss)
2790 silly packumentCache full:https://registry.npmjs.org/environment set size:undefined disposed:false
2791 http fetch GET 200 https://registry.npmjs.org/restore-cursor 76ms (cache miss)
2792 silly packumentCache full:https://registry.npmjs.org/restore-cursor set size:undefined disposed:false
2793 silly placeDep ROOT environment@1.1.0 OK for: ansi-escapes@7.3.0 want: ^1.0.0
2794 silly placeDep ROOT restore-cursor@5.1.0 OK for: cli-cursor@5.0.0 want: ^5.0.0
2795 silly fetch manifest onetime@^7.0.0
2796 silly packumentCache full:https://registry.npmjs.org/onetime cache-miss
2797 http cache https://registry.npmjs.org/onetime 2ms (cache hit)
2798 silly packumentCache full:https://registry.npmjs.org/onetime set size:32314 disposed:false
2799 silly placeDep ROOT yallist@3.1.1 OK for: lru-cache@5.1.1 want: ^3.0.2
2800 silly placeDep ROOT braces@3.0.3 OK for: micromatch@4.0.8 want: ^3.0.3
2801 silly placeDep ROOT picomatch@2.3.1 OK for: micromatch@4.0.8 want: ^2.3.1
2802 silly fetch manifest fill-range@^7.1.1
2803 silly packumentCache full:https://registry.npmjs.org/fill-range cache-miss
2804 http fetch GET 200 https://registry.npmjs.org/fill-range 59ms (cache miss)
2805 silly packumentCache full:https://registry.npmjs.org/fill-range set size:undefined disposed:false
2806 silly placeDep ROOT fill-range@7.1.1 OK for: braces@3.0.3 want: ^7.1.1
2807 silly fetch manifest to-regex-range@^5.0.1
2808 silly packumentCache full:https://registry.npmjs.org/to-regex-range cache-miss
2809 http fetch GET 200 https://registry.npmjs.org/to-regex-range 96ms (cache miss)
2810 silly packumentCache full:https://registry.npmjs.org/to-regex-range set size:undefined disposed:false
2811 silly placeDep ROOT to-regex-range@5.0.1 OK for: fill-range@7.1.1 want: ^5.0.1
2812 silly fetch manifest is-number@^7.0.0
2813 silly packumentCache full:https://registry.npmjs.org/is-number cache-miss
2814 http fetch GET 200 https://registry.npmjs.org/is-number 103ms (cache miss)
2815 silly packumentCache full:https://registry.npmjs.org/is-number set size:undefined disposed:false
2816 silly placeDep ROOT mime-db@1.52.0 OK for: mime-types@2.1.35 want: 1.52.0
2817 silly placeDep ROOT brace-expansion@1.1.12 OK for: minimatch@3.1.5 want: ^1.1.7
2818 silly fetch manifest concat-map@0.0.1
2819 silly packumentCache full:https://registry.npmjs.org/concat-map cache-miss
2820 silly fetch manifest balanced-match@^1.0.0
2821 silly packumentCache full:https://registry.npmjs.org/balanced-match cache-miss
2822 http fetch GET 200 https://registry.npmjs.org/concat-map 47ms (cache miss)
2823 silly packumentCache full:https://registry.npmjs.org/concat-map set size:undefined disposed:false
2824 http fetch GET 200 https://registry.npmjs.org/balanced-match 76ms (cache miss)
2825 silly packumentCache full:https://registry.npmjs.org/balanced-match set size:undefined disposed:false
2826 silly placeDep ROOT balanced-match@1.0.2 OK for: brace-expansion@1.1.12 want: ^1.0.0
2827 silly placeDep ROOT concat-map@0.0.1 OK for: brace-expansion@1.1.12 want: 0.0.1
2828 silly placeDep ROOT @next/env@15.1.6 OK for: next@15.1.6 want: 15.1.6
2829 silly placeDep ROOT @next/swc-darwin-arm64@15.1.6 OK for: next@15.1.6 want: 15.1.6
2830 silly placeDep ROOT @next/swc-darwin-x64@15.1.6 OK for: next@15.1.6 want: 15.1.6
2831 silly placeDep ROOT @next/swc-linux-arm64-gnu@15.1.6 OK for: next@15.1.6 want: 15.1.6
2832 silly placeDep ROOT @next/swc-linux-arm64-musl@15.1.6 OK for: next@15.1.6 want: 15.1.6
2833 silly placeDep ROOT @next/swc-linux-x64-gnu@15.1.6 OK for: next@15.1.6 want: 15.1.6
2834 silly placeDep ROOT @next/swc-linux-x64-musl@15.1.6 OK for: next@15.1.6 want: 15.1.6
2835 silly placeDep ROOT @next/swc-win32-arm64-msvc@15.1.6 OK for: next@15.1.6 want: 15.1.6
2836 silly placeDep ROOT @next/swc-win32-x64-msvc@15.1.6 OK for: next@15.1.6 want: 15.1.6
2837 silly placeDep ROOT @swc/counter@0.1.3 OK for: next@15.1.6 want: 0.1.3
2838 silly placeDep ROOT @swc/helpers@0.5.15 OK for: next@15.1.6 want: 0.5.15
2839 silly placeDep ROOT busboy@1.6.0 OK for: next@15.1.6 want: 1.6.0
2840 silly placeDep node_modules/next postcss@8.4.31 OK for: next@15.1.6 want: 8.4.31
2841 silly placeDep ROOT sharp@0.33.5 OK for: next@15.1.6 want: ^0.33.5
2842 silly placeDep ROOT styled-jsx@5.1.6 OK for: next@15.1.6 want: 5.1.6
2843 silly fetch manifest streamsearch@^1.1.0
2844 silly packumentCache full:https://registry.npmjs.org/streamsearch cache-miss
2845 silly fetch manifest nanoid@^3.3.6
2846 silly packumentCache full:https://registry.npmjs.org/nanoid cache-hit
2847 silly fetch manifest color@^4.2.3
2848 silly packumentCache full:https://registry.npmjs.org/color cache-miss
2849 silly fetch manifest semver@^7.6.3
2850 silly packumentCache full:https://registry.npmjs.org/semver cache-hit
2851 silly fetch manifest @img/sharp-wasm32@0.33.5
2852 silly packumentCache full:https://registry.npmjs.org/@img%2fsharp-wasm32 cache-miss
2853 silly fetch manifest @img/sharp-linux-arm@0.33.5
2854 silly packumentCache full:https://registry.npmjs.org/@img%2fsharp-linux-arm cache-miss
2855 silly fetch manifest @img/sharp-linux-x64@0.33.5
2856 silly packumentCache full:https://registry.npmjs.org/@img%2fsharp-linux-x64 cache-miss
2857 silly fetch manifest @img/sharp-win32-x64@0.33.5
2858 silly packumentCache full:https://registry.npmjs.org/@img%2fsharp-win32-x64 cache-miss
2859 silly fetch manifest @img/sharp-darwin-x64@0.33.5
2860 silly packumentCache full:https://registry.npmjs.org/@img%2fsharp-darwin-x64 cache-miss
2861 http fetch GET 200 https://registry.npmjs.org/streamsearch 89ms (cache miss)
2862 silly packumentCache full:https://registry.npmjs.org/streamsearch set size:undefined disposed:false
2863 silly fetch manifest @img/sharp-win32-ia32@0.33.5
2864 silly packumentCache full:https://registry.npmjs.org/@img%2fsharp-win32-ia32 cache-miss
2865 http fetch GET 200 https://registry.npmjs.org/@img%2fsharp-win32-x64 94ms (cache miss)
2866 silly packumentCache full:https://registry.npmjs.org/@img%2fsharp-win32-x64 set size:undefined disposed:false
2867 silly fetch manifest @img/sharp-linux-arm64@0.33.5
2868 silly packumentCache full:https://registry.npmjs.org/@img%2fsharp-linux-arm64 cache-miss
2869 http fetch GET 200 https://registry.npmjs.org/@img%2fsharp-linux-arm 98ms (cache miss)
2870 silly packumentCache full:https://registry.npmjs.org/@img%2fsharp-linux-arm set size:undefined disposed:false
2871 silly fetch manifest @img/sharp-linux-s390x@0.33.5
2872 silly packumentCache full:https://registry.npmjs.org/@img%2fsharp-linux-s390x cache-miss
2873 http fetch GET 200 https://registry.npmjs.org/color 103ms (cache miss)
2874 silly packumentCache full:https://registry.npmjs.org/color set size:undefined disposed:false
2875 silly fetch manifest @img/sharp-darwin-arm64@0.33.5
2876 silly packumentCache full:https://registry.npmjs.org/@img%2fsharp-darwin-arm64 cache-miss
2877 http fetch GET 200 https://registry.npmjs.org/@img%2fsharp-darwin-x64 103ms (cache miss)
2878 silly packumentCache full:https://registry.npmjs.org/@img%2fsharp-darwin-x64 set size:undefined disposed:false
2879 silly fetch manifest @img/sharp-linuxmusl-x64@0.33.5
2880 silly packumentCache full:https://registry.npmjs.org/@img%2fsharp-linuxmusl-x64 cache-miss
2881 http fetch GET 200 https://registry.npmjs.org/@img%2fsharp-linux-x64 115ms (cache miss)
2882 silly packumentCache full:https://registry.npmjs.org/@img%2fsharp-linux-x64 set size:undefined disposed:false
2883 silly fetch manifest @img/sharp-linuxmusl-arm64@0.33.5
2884 silly packumentCache full:https://registry.npmjs.org/@img%2fsharp-linuxmusl-arm64 cache-miss
2885 http fetch GET 200 https://registry.npmjs.org/@img%2fsharp-wasm32 122ms (cache miss)
2886 silly packumentCache full:https://registry.npmjs.org/@img%2fsharp-wasm32 set size:undefined disposed:false
2887 silly fetch manifest @img/sharp-libvips-linux-arm@1.0.5
2888 silly packumentCache full:https://registry.npmjs.org/@img%2fsharp-libvips-linux-arm cache-miss
2889 http fetch GET 200 https://registry.npmjs.org/@img%2fsharp-win32-ia32 86ms (cache miss)
2890 silly packumentCache full:https://registry.npmjs.org/@img%2fsharp-win32-ia32 set size:undefined disposed:false
2891 silly fetch manifest @img/sharp-libvips-linux-x64@1.0.4
2892 silly packumentCache full:https://registry.npmjs.org/@img%2fsharp-libvips-linux-x64 cache-miss
2893 http fetch GET 200 https://registry.npmjs.org/@img%2fsharp-linux-s390x 88ms (cache miss)
2894 silly packumentCache full:https://registry.npmjs.org/@img%2fsharp-linux-s390x set size:undefined disposed:false
2895 silly fetch manifest @img/sharp-libvips-darwin-x64@1.0.4
2896 silly packumentCache full:https://registry.npmjs.org/@img%2fsharp-libvips-darwin-x64 cache-miss
2897 http fetch GET 200 https://registry.npmjs.org/@img%2fsharp-darwin-arm64 92ms (cache miss)
2898 silly packumentCache full:https://registry.npmjs.org/@img%2fsharp-darwin-arm64 set size:undefined disposed:false
2899 silly fetch manifest @img/sharp-libvips-linux-arm64@1.0.4
2900 silly packumentCache full:https://registry.npmjs.org/@img%2fsharp-libvips-linux-arm64 cache-miss
2901 http fetch GET 200 https://registry.npmjs.org/@img%2fsharp-linuxmusl-x64 99ms (cache miss)
2902 silly packumentCache full:https://registry.npmjs.org/@img%2fsharp-linuxmusl-x64 set size:undefined disposed:false
2903 silly fetch manifest @img/sharp-libvips-linux-s390x@1.0.4
2904 silly packumentCache full:https://registry.npmjs.org/@img%2fsharp-libvips-linux-s390x cache-miss
2905 http fetch GET 200 https://registry.npmjs.org/@img%2fsharp-linux-arm64 111ms (cache miss)
2906 silly packumentCache full:https://registry.npmjs.org/@img%2fsharp-linux-arm64 set size:undefined disposed:false
2907 silly fetch manifest @img/sharp-libvips-darwin-arm64@1.0.4
2908 silly packumentCache full:https://registry.npmjs.org/@img%2fsharp-libvips-darwin-arm64 cache-miss
2909 http fetch GET 200 https://registry.npmjs.org/@img%2fsharp-libvips-linux-arm 99ms (cache miss)
2910 silly packumentCache full:https://registry.npmjs.org/@img%2fsharp-libvips-linux-arm set size:undefined disposed:false
2911 silly fetch manifest @img/sharp-libvips-linuxmusl-x64@1.0.4
2912 silly packumentCache full:https://registry.npmjs.org/@img%2fsharp-libvips-linuxmusl-x64 cache-miss
2913 http fetch GET 200 https://registry.npmjs.org/@img%2fsharp-linuxmusl-arm64 120ms (cache miss)
2914 silly packumentCache full:https://registry.npmjs.org/@img%2fsharp-linuxmusl-arm64 set size:undefined disposed:false
2915 silly fetch manifest @img/sharp-libvips-linuxmusl-arm64@1.0.4
2916 silly packumentCache full:https://registry.npmjs.org/@img%2fsharp-libvips-linuxmusl-arm64 cache-miss
2917 http fetch GET 200 https://registry.npmjs.org/@img%2fsharp-libvips-linux-x64 94ms (cache miss)
2918 silly packumentCache full:https://registry.npmjs.org/@img%2fsharp-libvips-linux-x64 set size:undefined disposed:false
2919 silly fetch manifest client-only@0.0.1
2920 silly packumentCache full:https://registry.npmjs.org/client-only cache-miss
2921 http fetch GET 200 https://registry.npmjs.org/@img%2fsharp-libvips-darwin-x64 85ms (cache miss)
2922 silly packumentCache full:https://registry.npmjs.org/@img%2fsharp-libvips-darwin-x64 set size:undefined disposed:false
2923 http fetch GET 200 https://registry.npmjs.org/@img%2fsharp-libvips-linux-arm64 81ms (cache miss)
2924 silly packumentCache full:https://registry.npmjs.org/@img%2fsharp-libvips-linux-arm64 set size:undefined disposed:false
2925 http fetch GET 200 https://registry.npmjs.org/@img%2fsharp-libvips-linux-s390x 88ms (cache miss)
2926 silly packumentCache full:https://registry.npmjs.org/@img%2fsharp-libvips-linux-s390x set size:undefined disposed:false
2927 http fetch GET 200 https://registry.npmjs.org/@img%2fsharp-libvips-linuxmusl-x64 86ms (cache miss)
2928 silly packumentCache full:https://registry.npmjs.org/@img%2fsharp-libvips-linuxmusl-x64 set size:undefined disposed:false
2929 http fetch GET 200 https://registry.npmjs.org/@img%2fsharp-libvips-darwin-arm64 114ms (cache miss)
2930 silly packumentCache full:https://registry.npmjs.org/@img%2fsharp-libvips-darwin-arm64 set size:undefined disposed:false
2931 http fetch GET 200 https://registry.npmjs.org/@img%2fsharp-libvips-linuxmusl-arm64 160ms (cache miss)
2932 silly packumentCache full:https://registry.npmjs.org/@img%2fsharp-libvips-linuxmusl-arm64 set size:undefined disposed:false
2933 http fetch GET 200 https://registry.npmjs.org/client-only 260ms (cache miss)
2934 silly packumentCache full:https://registry.npmjs.org/client-only set size:undefined disposed:false
2935 silly placeDep ROOT streamsearch@1.1.0 OK for: busboy@1.6.0 want: ^1.1.0
2936 silly placeDep node_modules/npm-run-path path-key@4.0.0 OK for: npm-run-path@5.3.0 want: ^4.0.0
2937 silly placeDep ROOT mimic-fn@4.0.0 OK for: onetime@6.0.0 want: ^4.0.0
2938 silly placeDep ROOT deep-is@0.1.4 OK for: optionator@0.9.4 want: ^0.1.3
2939 silly placeDep ROOT fast-levenshtein@2.0.6 OK for: optionator@0.9.4 want: ^2.0.6
2940 silly placeDep ROOT word-wrap@1.2.5 OK for: optionator@0.9.4 want: ^1.2.5
2941 silly placeDep ROOT p-limit@3.1.0 OK for: p-locate@5.0.0 want: ^3.0.2
2942 silly fetch manifest yocto-queue@^0.1.0
2943 silly packumentCache full:https://registry.npmjs.org/yocto-queue cache-miss
2944 http fetch GET 200 https://registry.npmjs.org/yocto-queue 73ms (cache miss)
2945 silly packumentCache full:https://registry.npmjs.org/yocto-queue set size:undefined disposed:false
2946 silly placeDep ROOT yocto-queue@0.1.0 OK for: p-limit@3.1.0 want: ^0.1.0
2947 silly placeDep ROOT callsites@3.1.0 OK for: parent-module@1.0.1 want: ^3.0.0
2948 silly placeDep node_modules/parse5 entities@6.0.1 OK for: parse5@7.3.0 want: ^6.0.0
2949 silly placeDep ROOT nanoid@3.3.11 OK for: postcss@8.5.8 want: ^3.3.11
2950 silly placeDep ROOT loose-envify@1.4.0 OK for: prop-types@15.8.1 want: ^1.4.0
2951 silly placeDep ROOT object-assign@4.1.1 OK for: prop-types@15.8.1 want: ^4.1.1
2952 silly placeDep ROOT react-is@16.13.1 OK for: prop-types@15.8.1 want: ^16.13.1
2953 silly placeDep ROOT scheduler@0.27.0 OK for: react-dom@19.2.4 want: ^0.27.0
2954 silly placeDep ROOT indent-string@4.0.0 OK for: redent@3.0.0 want: ^4.0.0
2955 silly placeDep ROOT strip-indent@3.0.0 OK for: redent@3.0.0 want: ^3.0.0
2956 silly fetch manifest min-indent@^1.0.0
2957 silly packumentCache full:https://registry.npmjs.org/min-indent cache-miss
2958 http fetch GET 200 https://registry.npmjs.org/min-indent 68ms (cache miss)
2959 silly packumentCache full:https://registry.npmjs.org/min-indent set size:undefined disposed:false
2960 silly placeDep ROOT path-parse@1.0.7 OK for: resolve@1.22.11 want: ^1.0.7
2961 silly placeDep ROOT supports-preserve-symlinks-flag@1.0.0 OK for: resolve@1.22.11 want: ^1.0.0
2962 silly placeDep node_modules/restore-cursor onetime@7.0.0 OK for: restore-cursor@5.1.0 want: ^7.0.0
2963 silly fetch manifest mimic-function@^5.0.0
2964 silly packumentCache full:https://registry.npmjs.org/mimic-function cache-miss
2965 http fetch GET 200 https://registry.npmjs.org/mimic-function 85ms (cache miss)
2966 silly packumentCache full:https://registry.npmjs.org/mimic-function set size:undefined disposed:false
2967 silly placeDep ROOT queue-microtask@1.2.3 OK for: run-parallel@1.2.0 want: ^1.2.2
2968 silly placeDep ROOT isarray@2.0.5 OK for: safe-array-concat@1.1.3 want: ^2.0.5
2969 silly placeDep ROOT xmlchars@2.2.0 OK for: saxes@6.0.0 want: ^2.2.0
2970 silly placeDep ROOT @img/sharp-darwin-arm64@0.33.5 OK for: sharp@0.33.5 want: 0.33.5
2971 silly placeDep ROOT @img/sharp-darwin-x64@0.33.5 OK for: sharp@0.33.5 want: 0.33.5
2972 silly placeDep ROOT @img/sharp-libvips-darwin-arm64@1.0.4 OK for: sharp@0.33.5 want: 1.0.4
2973 silly placeDep ROOT @img/sharp-libvips-darwin-x64@1.0.4 OK for: sharp@0.33.5 want: 1.0.4
2974 silly placeDep ROOT @img/sharp-libvips-linux-arm@1.0.5 OK for: sharp@0.33.5 want: 1.0.5
2975 silly placeDep ROOT @img/sharp-libvips-linux-arm64@1.0.4 OK for: sharp@0.33.5 want: 1.0.4
2976 silly placeDep ROOT @img/sharp-libvips-linux-s390x@1.0.4 OK for: sharp@0.33.5 want: 1.0.4
2977 silly placeDep ROOT @img/sharp-libvips-linux-x64@1.0.4 OK for: sharp@0.33.5 want: 1.0.4
2978 silly placeDep ROOT @img/sharp-libvips-linuxmusl-arm64@1.0.4 OK for: sharp@0.33.5 want: 1.0.4
2979 silly placeDep ROOT @img/sharp-libvips-linuxmusl-x64@1.0.4 OK for: sharp@0.33.5 want: 1.0.4
2980 silly placeDep ROOT @img/sharp-linux-arm@0.33.5 OK for: sharp@0.33.5 want: 0.33.5
2981 silly placeDep ROOT @img/sharp-linux-arm64@0.33.5 OK for: sharp@0.33.5 want: 0.33.5
2982 silly placeDep ROOT @img/sharp-linux-s390x@0.33.5 OK for: sharp@0.33.5 want: 0.33.5
2983 silly placeDep ROOT @img/sharp-linux-x64@0.33.5 OK for: sharp@0.33.5 want: 0.33.5
2984 silly placeDep ROOT @img/sharp-linuxmusl-arm64@0.33.5 OK for: sharp@0.33.5 want: 0.33.5
2985 silly placeDep ROOT @img/sharp-linuxmusl-x64@0.33.5 OK for: sharp@0.33.5 want: 0.33.5
2986 silly placeDep ROOT @img/sharp-wasm32@0.33.5 OK for: sharp@0.33.5 want: 0.33.5
2987 silly placeDep ROOT @img/sharp-win32-ia32@0.33.5 OK for: sharp@0.33.5 want: 0.33.5
2988 silly placeDep ROOT @img/sharp-win32-x64@0.33.5 OK for: sharp@0.33.5 want: 0.33.5
2989 silly placeDep ROOT color@4.2.3 OK for: sharp@0.33.5 want: ^4.2.3
2990 silly placeDep node_modules/sharp semver@7.7.4 OK for: sharp@0.33.5 want: ^7.6.3
2991 silly fetch manifest @emnapi/runtime@^1.2.0
2992 silly packumentCache full:https://registry.npmjs.org/@emnapi%2fruntime cache-miss
2993 silly fetch manifest color-string@^1.9.0
2994 silly packumentCache full:https://registry.npmjs.org/color-string cache-miss
2995 http fetch GET 200 https://registry.npmjs.org/@emnapi%2fruntime 85ms (cache miss)
2996 silly packumentCache full:https://registry.npmjs.org/@emnapi%2fruntime set size:undefined disposed:false
2997 http fetch GET 200 https://registry.npmjs.org/color-string 255ms (cache miss)
2998 silly packumentCache full:https://registry.npmjs.org/color-string set size:undefined disposed:false
2999 silly placeDep ROOT @emnapi/runtime@1.8.1 OK for: @img/sharp-wasm32@0.33.5 want: ^1.2.0
3000 silly placeDep ROOT color-string@1.9.1 OK for: color@4.2.3 want: ^1.9.0
3001 silly fetch manifest simple-swizzle@^0.2.2
3002 silly packumentCache full:https://registry.npmjs.org/simple-swizzle cache-miss
3003 http fetch GET 200 https://registry.npmjs.org/simple-swizzle 47ms (cache miss)
3004 silly packumentCache full:https://registry.npmjs.org/simple-swizzle set size:undefined disposed:false
3005 silly placeDep ROOT simple-swizzle@0.2.4 OK for: color-string@1.9.1 want: ^0.2.2
3006 silly fetch manifest is-arrayish@^0.3.1
3007 silly packumentCache full:https://registry.npmjs.org/is-arrayish cache-miss
3008 http fetch GET 200 https://registry.npmjs.org/is-arrayish 58ms (cache miss)
3009 silly packumentCache full:https://registry.npmjs.org/is-arrayish set size:undefined disposed:false
3010 silly placeDep ROOT shebang-regex@3.0.0 OK for: shebang-command@2.0.0 want: ^3.0.0
3011 silly placeDep ROOT side-channel-list@1.0.0 OK for: side-channel@1.1.0 want: ^1.0.0
3012 silly placeDep ROOT side-channel-map@1.0.1 OK for: side-channel@1.1.0 want: ^1.0.1
3013 silly placeDep ROOT side-channel-weakmap@1.0.2 OK for: side-channel@1.1.0 want: ^1.0.2
3014 silly placeDep ROOT is-arrayish@0.3.4 OK for: simple-swizzle@0.2.4 want: ^0.3.1
3015 silly placeDep node_modules/slice-ansi ansi-styles@6.2.3 OK for: slice-ansi@5.0.0 want: ^6.0.0
3016 silly placeDep ROOT is-fullwidth-code-point@4.0.0 OK for: slice-ansi@5.0.0 want: ^4.0.0
3017 silly placeDep node_modules/string-width emoji-regex@10.6.0 OK for: string-width@7.2.0 want: ^10.3.0
3018 silly placeDep ROOT get-east-asian-width@1.5.0 OK for: string-width@7.2.0 want: ^1.0.0
3019 silly placeDep ROOT ansi-regex@6.2.2 OK for: strip-ansi@7.2.0 want: ^6.2.2
3020 silly placeDep ROOT min-indent@1.0.1 OK for: strip-indent@3.0.0 want: ^1.0.0
3021 silly placeDep ROOT client-only@0.0.1 OK for: styled-jsx@5.1.6 want: 0.0.1
3022 silly placeDep ROOT has-flag@4.0.0 OK for: supports-color@7.2.0 want: ^4.0.0
3023 silly placeDep ROOT fdir@6.5.0 OK for: tinyglobby@0.2.15 want: ^6.5.0
3024 silly placeDep node_modules/tinyglobby picomatch@4.0.3 OK for: tinyglobby@0.2.15 want: ^4.0.3
3025 silly placeDep ROOT is-number@7.0.0 OK for: to-regex-range@5.0.1 want: ^7.0.0
3026 silly placeDep ROOT tldts@6.1.86 OK for: tough-cookie@5.1.2 want: ^6.1.32
3027 silly fetch manifest tldts-core@^6.1.86
3028 silly packumentCache full:https://registry.npmjs.org/tldts-core cache-miss
3029 http fetch GET 200 https://registry.npmjs.org/tldts-core 551ms (cache miss)
3030 silly packumentCache full:https://registry.npmjs.org/tldts-core set size:undefined disposed:false
3031 silly placeDep ROOT tldts-core@6.1.86 OK for: tldts@6.1.86 want: ^6.1.86
3032 silly placeDep ROOT @types/json5@0.0.29 OK for: tsconfig-paths@3.15.0 want: ^0.0.29
3033 silly placeDep node_modules/tsconfig-paths json5@1.0.2 OK for: tsconfig-paths@3.15.0 want: ^1.0.2
3034 silly placeDep ROOT minimist@1.2.8 OK for: tsconfig-paths@3.15.0 want: ^1.2.6
3035 silly placeDep ROOT strip-bom@3.0.0 OK for: tsconfig-paths@3.15.0 want: ^3.0.0
3036 silly fetch manifest minimist@^1.2.0
3037 silly packumentCache full:https://registry.npmjs.org/minimist cache-miss
3038 http cache https://registry.npmjs.org/minimist 4ms (cache hit)
3039 silly packumentCache full:https://registry.npmjs.org/minimist set size:77082 disposed:false
3040 silly placeDep ROOT for-each@0.3.5 OK for: typed-array-byte-length@1.0.3 want: ^0.3.3
3041 silly placeDep ROOT reflect.getprototypeof@1.0.10 OK for: typed-array-byte-offset@1.0.4 want: ^1.0.9
3042 silly fetch manifest which-builtin-type@^1.2.1
3043 silly packumentCache full:https://registry.npmjs.org/which-builtin-type cache-miss
3044 http fetch GET 200 https://registry.npmjs.org/which-builtin-type 68ms (cache miss)
3045 silly packumentCache full:https://registry.npmjs.org/which-builtin-type set size:undefined disposed:false
3046 silly placeDep ROOT which-builtin-type@1.2.1 OK for: reflect.getprototypeof@1.0.10 want: ^1.2.1
3047 silly fetch manifest is-async-function@^2.0.0
3048 silly packumentCache full:https://registry.npmjs.org/is-async-function cache-miss
3049 silly fetch manifest is-finalizationregistry@^1.1.0
3050 silly packumentCache full:https://registry.npmjs.org/is-finalizationregistry cache-miss
3051 silly fetch manifest is-generator-function@^1.0.10
3052 silly packumentCache full:https://registry.npmjs.org/is-generator-function cache-miss
3053 silly fetch manifest which-boxed-primitive@^1.1.0
3054 silly packumentCache full:https://registry.npmjs.org/which-boxed-primitive cache-miss
3055 silly fetch manifest which-collection@^1.0.2
3056 silly packumentCache full:https://registry.npmjs.org/which-collection cache-miss
3057 http cache https://registry.npmjs.org/which-boxed-primitive 7ms (cache hit)
3058 silly packumentCache full:https://registry.npmjs.org/which-boxed-primitive set size:19407 disposed:false
3059 http fetch GET 200 https://registry.npmjs.org/which-collection 58ms (cache miss)
3060 silly packumentCache full:https://registry.npmjs.org/which-collection set size:undefined disposed:false
3061 http fetch GET 200 https://registry.npmjs.org/is-finalizationregistry 70ms (cache miss)
3062 silly packumentCache full:https://registry.npmjs.org/is-finalizationregistry set size:undefined disposed:false
3063 http fetch GET 200 https://registry.npmjs.org/is-async-function 80ms (cache miss)
3064 silly packumentCache full:https://registry.npmjs.org/is-async-function set size:undefined disposed:false
3065 http fetch GET 200 https://registry.npmjs.org/is-generator-function 110ms (cache miss)
3066 silly packumentCache full:https://registry.npmjs.org/is-generator-function set size:undefined disposed:false
3067 silly placeDep ROOT has-bigints@1.1.0 OK for: unbox-primitive@1.1.0 want: ^1.0.2
3068 silly placeDep ROOT which-boxed-primitive@1.1.1 OK for: unbox-primitive@1.1.0 want: ^1.1.1
3069 silly fetch manifest is-bigint@^1.1.0
3070 silly packumentCache full:https://registry.npmjs.org/is-bigint cache-miss
3071 silly fetch manifest is-boolean-object@^1.2.1
3072 silly packumentCache full:https://registry.npmjs.org/is-boolean-object cache-miss
3073 silly fetch manifest is-number-object@^1.1.1
3074 silly packumentCache full:https://registry.npmjs.org/is-number-object cache-miss
3075 http fetch GET 200 https://registry.npmjs.org/is-bigint 47ms (cache miss)
3076 silly packumentCache full:https://registry.npmjs.org/is-bigint set size:undefined disposed:false
3077 http fetch GET 200 https://registry.npmjs.org/is-number-object 71ms (cache miss)
3078 silly packumentCache full:https://registry.npmjs.org/is-number-object set size:undefined disposed:false
3079 http fetch GET 200 https://registry.npmjs.org/is-boolean-object 74ms (cache miss)
3080 silly packumentCache full:https://registry.npmjs.org/is-boolean-object set size:undefined disposed:false
3081 silly placeDep ROOT @unrs/resolver-binding-android-arm-eabi@1.11.1 OK for: unrs-resolver@1.11.1 want: 1.11.1
3082 silly placeDep ROOT @unrs/resolver-binding-android-arm64@1.11.1 OK for: unrs-resolver@1.11.1 want: 1.11.1
3083 silly placeDep ROOT @unrs/resolver-binding-darwin-arm64@1.11.1 OK for: unrs-resolver@1.11.1 want: 1.11.1
3084 silly placeDep ROOT @unrs/resolver-binding-darwin-x64@1.11.1 OK for: unrs-resolver@1.11.1 want: 1.11.1
3085 silly placeDep ROOT @unrs/resolver-binding-freebsd-x64@1.11.1 OK for: unrs-resolver@1.11.1 want: 1.11.1
3086 silly placeDep ROOT @unrs/resolver-binding-linux-arm-gnueabihf@1.11.1 OK for: unrs-resolver@1.11.1 want: 1.11.1
3087 silly placeDep ROOT @unrs/resolver-binding-linux-arm-musleabihf@1.11.1 OK for: unrs-resolver@1.11.1 want: 1.11.1
3088 silly placeDep ROOT @unrs/resolver-binding-linux-arm64-gnu@1.11.1 OK for: unrs-resolver@1.11.1 want: 1.11.1
3089 silly placeDep ROOT @unrs/resolver-binding-linux-arm64-musl@1.11.1 OK for: unrs-resolver@1.11.1 want: 1.11.1
3090 silly placeDep ROOT @unrs/resolver-binding-linux-ppc64-gnu@1.11.1 OK for: unrs-resolver@1.11.1 want: 1.11.1
3091 silly placeDep ROOT @unrs/resolver-binding-linux-riscv64-gnu@1.11.1 OK for: unrs-resolver@1.11.1 want: 1.11.1
3092 silly placeDep ROOT @unrs/resolver-binding-linux-riscv64-musl@1.11.1 OK for: unrs-resolver@1.11.1 want: 1.11.1
3093 silly placeDep ROOT @unrs/resolver-binding-linux-s390x-gnu@1.11.1 OK for: unrs-resolver@1.11.1 want: 1.11.1
3094 silly placeDep ROOT @unrs/resolver-binding-linux-x64-gnu@1.11.1 OK for: unrs-resolver@1.11.1 want: 1.11.1
3095 silly placeDep ROOT @unrs/resolver-binding-linux-x64-musl@1.11.1 OK for: unrs-resolver@1.11.1 want: 1.11.1
3096 silly placeDep ROOT @unrs/resolver-binding-wasm32-wasi@1.11.1 OK for: unrs-resolver@1.11.1 want: 1.11.1
3097 silly placeDep ROOT @unrs/resolver-binding-win32-arm64-msvc@1.11.1 OK for: unrs-resolver@1.11.1 want: 1.11.1
3098 silly placeDep ROOT @unrs/resolver-binding-win32-ia32-msvc@1.11.1 OK for: unrs-resolver@1.11.1 want: 1.11.1
3099 silly placeDep ROOT @unrs/resolver-binding-win32-x64-msvc@1.11.1 OK for: unrs-resolver@1.11.1 want: 1.11.1
3100 silly placeDep ROOT napi-postinstall@0.3.4 OK for: unrs-resolver@1.11.1 want: ^0.3.0
3101 silly fetch manifest @napi-rs/wasm-runtime@^0.2.11
3102 silly packumentCache full:https://registry.npmjs.org/@napi-rs%2fwasm-runtime cache-miss
3103 http fetch GET 200 https://registry.npmjs.org/@napi-rs%2fwasm-runtime 94ms (cache miss)
3104 silly packumentCache full:https://registry.npmjs.org/@napi-rs%2fwasm-runtime set size:undefined disposed:false
3105 silly placeDep ROOT @napi-rs/wasm-runtime@0.2.12 OK for: @unrs/resolver-binding-wasm32-wasi@1.11.1 want: ^0.2.11
3106 silly fetch manifest @emnapi/core@^1.4.3
3107 silly packumentCache full:https://registry.npmjs.org/@emnapi%2fcore cache-miss
3108 silly fetch manifest @tybys/wasm-util@^0.10.0
3109 silly packumentCache full:https://registry.npmjs.org/@tybys%2fwasm-util cache-miss
3110 http fetch GET 200 https://registry.npmjs.org/@emnapi%2fcore 79ms (cache miss)
3111 silly packumentCache full:https://registry.npmjs.org/@emnapi%2fcore set size:undefined disposed:false
3112 http fetch GET 200 https://registry.npmjs.org/@tybys%2fwasm-util 92ms (cache miss)
3113 silly packumentCache full:https://registry.npmjs.org/@tybys%2fwasm-util set size:undefined disposed:false
3114 silly placeDep ROOT @emnapi/core@1.8.1 OK for: @napi-rs/wasm-runtime@0.2.12 want: ^1.4.3
3115 silly placeDep ROOT @tybys/wasm-util@0.10.1 OK for: @napi-rs/wasm-runtime@0.2.12 want: ^0.10.0
3116 silly fetch manifest @emnapi/wasi-threads@1.1.0
3117 silly packumentCache full:https://registry.npmjs.org/@emnapi%2fwasi-threads cache-miss
3118 http fetch GET 200 https://registry.npmjs.org/@emnapi%2fwasi-threads 83ms (cache miss)
3119 silly packumentCache full:https://registry.npmjs.org/@emnapi%2fwasi-threads set size:undefined disposed:false
3120 silly placeDep ROOT @emnapi/wasi-threads@1.1.0 OK for: @emnapi/core@1.8.1 want: 1.1.0
3121 silly placeDep ROOT escalade@3.2.0 OK for: update-browserslist-db@1.2.3 want: ^3.2.0
3122 silly placeDep ROOT punycode@2.3.1 OK for: uri-js@4.4.1 want: ^2.1.0
3123 silly placeDep ROOT @types/chai@5.2.3 OK for: vitest@3.2.4 want: ^5.2.2
3124 silly placeDep ROOT @vitest/expect@3.2.4 OK for: vitest@3.2.4 want: 3.2.4
3125 silly placeDep ROOT @vitest/mocker@3.2.4 OK for: vitest@3.2.4 want: 3.2.4
3126 silly placeDep ROOT @vitest/pretty-format@3.2.4 OK for: vitest@3.2.4 want: ^3.2.4
3127 silly placeDep ROOT @vitest/runner@3.2.4 OK for: vitest@3.2.4 want: 3.2.4
3128 silly placeDep ROOT @vitest/snapshot@3.2.4 OK for: vitest@3.2.4 want: 3.2.4
3129 silly placeDep ROOT @vitest/spy@3.2.4 OK for: vitest@3.2.4 want: 3.2.4
3130 silly placeDep ROOT @vitest/utils@3.2.4 OK for: vitest@3.2.4 want: 3.2.4
3131 silly placeDep ROOT chai@5.3.3 OK for: vitest@3.2.4 want: ^5.2.0
3132 silly placeDep ROOT expect-type@1.3.0 OK for: vitest@3.2.4 want: ^1.2.1
3133 silly placeDep ROOT pathe@2.0.3 OK for: vitest@3.2.4 want: ^2.0.3
3134 silly placeDep node_modules/vitest picomatch@4.0.3 OK for: vitest@3.2.4 want: ^4.0.2
3135 silly placeDep ROOT std-env@3.10.0 OK for: vitest@3.2.4 want: ^3.9.0
3136 silly placeDep ROOT tinybench@2.9.0 OK for: vitest@3.2.4 want: ^2.9.0
3137 silly placeDep ROOT tinyexec@0.3.2 OK for: vitest@3.2.4 want: ^0.3.2
3138 silly placeDep ROOT tinypool@1.1.1 OK for: vitest@3.2.4 want: ^1.1.1
3139 silly placeDep ROOT tinyrainbow@2.0.0 OK for: vitest@3.2.4 want: ^2.0.0
3140 silly placeDep ROOT vite@7.3.1 OK for: vitest@3.2.4 want: ^5.0.0 || ^6.0.0 || ^7.0.0-0
3141 silly placeDep ROOT vite-node@3.2.4 OK for: vitest@3.2.4 want: 3.2.4
3142 silly placeDep ROOT why-is-node-running@2.3.0 OK for: vitest@3.2.4 want: ^2.3.0
3143 silly fetch manifest @types/deep-eql@*
3144 silly packumentCache full:https://registry.npmjs.org/@types%2fdeep-eql cache-miss
3145 silly fetch manifest assertion-error@^2.0.1
3146 silly packumentCache full:https://registry.npmjs.org/assertion-error cache-miss
3147 silly fetch manifest estree-walker@^3.0.3
3148 silly packumentCache full:https://registry.npmjs.org/estree-walker cache-miss
3149 silly fetch manifest strip-literal@^3.0.0
3150 silly packumentCache full:https://registry.npmjs.org/strip-literal cache-miss
3151 silly fetch manifest tinyspy@^4.0.3
3152 silly packumentCache full:https://registry.npmjs.org/tinyspy cache-miss
3153 silly fetch manifest loupe@^3.1.4
3154 silly packumentCache full:https://registry.npmjs.org/loupe cache-miss
3155 silly fetch manifest loupe@^3.1.0
3156 silly packumentCache full:https://registry.npmjs.org/loupe cache-miss
3157 http fetch GET 200 https://registry.npmjs.org/@types%2fdeep-eql 69ms (cache miss)
3158 silly packumentCache full:https://registry.npmjs.org/@types%2fdeep-eql set size:undefined disposed:false
3159 silly fetch manifest pathval@^2.0.0
3160 silly packumentCache full:https://registry.npmjs.org/pathval cache-miss
3161 http fetch GET 200 https://registry.npmjs.org/assertion-error 72ms (cache miss)
3162 silly packumentCache full:https://registry.npmjs.org/assertion-error set size:undefined disposed:false
3163 silly fetch manifest deep-eql@^5.0.1
3164 silly packumentCache full:https://registry.npmjs.org/deep-eql cache-miss
3165 http fetch GET 200 https://registry.npmjs.org/strip-literal 81ms (cache miss)
3166 silly packumentCache full:https://registry.npmjs.org/strip-literal set size:undefined disposed:false
3167 silly fetch manifest check-error@^2.1.1
3168 silly packumentCache full:https://registry.npmjs.org/check-error cache-miss
3169 http fetch GET 200 https://registry.npmjs.org/tinyspy 94ms (cache miss)
3170 silly packumentCache full:https://registry.npmjs.org/tinyspy set size:undefined disposed:false
3171 silly fetch manifest rollup@^4.43.0
3172 silly packumentCache full:https://registry.npmjs.org/rollup cache-miss
3173 http fetch GET 200 https://registry.npmjs.org/loupe 96ms (cache miss)
3174 silly packumentCache full:https://registry.npmjs.org/loupe set size:undefined disposed:false
3175 silly fetch manifest esbuild@^0.27.0
3176 silly packumentCache full:https://registry.npmjs.org/esbuild cache-miss
3177 http fetch GET 200 https://registry.npmjs.org/estree-walker 98ms (cache miss)
3178 silly packumentCache full:https://registry.npmjs.org/estree-walker set size:undefined disposed:false
3179 silly fetch manifest fsevents@~2.3.3
3180 silly packumentCache full:https://registry.npmjs.org/fsevents cache-miss
3181 http fetch GET 200 https://registry.npmjs.org/loupe 98ms (cache miss)
3182 silly packumentCache full:https://registry.npmjs.org/loupe set size:undefined disposed:false
3183 silly fetch manifest cac@^6.7.14
3184 silly packumentCache full:https://registry.npmjs.org/cac cache-miss
3185 http cache https://registry.npmjs.org/esbuild 10ms (cache hit)
3186 silly packumentCache full:https://registry.npmjs.org/esbuild set size:1242223 disposed:false
3187 silly fetch manifest es-module-lexer@^1.7.0
3188 silly packumentCache full:https://registry.npmjs.org/es-module-lexer cache-miss
3189 http cache https://registry.npmjs.org/fsevents 16ms (cache hit)
3190 silly packumentCache full:https://registry.npmjs.org/fsevents set size:182472 disposed:false
3191 silly fetch manifest siginfo@^2.0.0
3192 silly packumentCache full:https://registry.npmjs.org/siginfo cache-miss
3193 http cache https://registry.npmjs.org/rollup 27ms (cache hit)
3194 silly packumentCache full:https://registry.npmjs.org/rollup set size:6122682 disposed:false
3195 silly fetch manifest stackback@0.0.2
3196 silly packumentCache full:https://registry.npmjs.org/stackback cache-miss
3197 http fetch GET 200 https://registry.npmjs.org/pathval 113ms (cache miss)
3198 silly packumentCache full:https://registry.npmjs.org/pathval set size:undefined disposed:false
3199 http fetch GET 200 https://registry.npmjs.org/check-error 101ms (cache miss)
3200 silly packumentCache full:https://registry.npmjs.org/check-error set size:undefined disposed:false
3201 http fetch GET 200 https://registry.npmjs.org/deep-eql 112ms (cache miss)
3202 silly packumentCache full:https://registry.npmjs.org/deep-eql set size:undefined disposed:false
3203 http fetch GET 200 https://registry.npmjs.org/cac 105ms (cache miss)
3204 silly packumentCache full:https://registry.npmjs.org/cac set size:undefined disposed:false
3205 http fetch GET 200 https://registry.npmjs.org/siginfo 111ms (cache miss)
3206 silly packumentCache full:https://registry.npmjs.org/siginfo set size:undefined disposed:false
3207 http fetch GET 200 https://registry.npmjs.org/stackback 75ms (cache miss)
3208 silly packumentCache full:https://registry.npmjs.org/stackback set size:undefined disposed:false
3209 http fetch GET 200 https://registry.npmjs.org/es-module-lexer 165ms (cache miss)
3210 silly packumentCache full:https://registry.npmjs.org/es-module-lexer set size:undefined disposed:false
3211 silly placeDep ROOT @types/deep-eql@4.0.2 OK for: @types/chai@5.2.3 want: *
3212 silly placeDep ROOT assertion-error@2.0.1 OK for: @types/chai@5.2.3 want: ^2.0.1
3213 silly placeDep ROOT estree-walker@3.0.3 OK for: @vitest/mocker@3.2.4 want: ^3.0.3
3214 silly placeDep ROOT strip-literal@3.1.0 OK for: @vitest/runner@3.2.4 want: ^3.0.0
3215 silly fetch manifest js-tokens@^9.0.1
3216 silly packumentCache full:https://registry.npmjs.org/js-tokens cache-hit
3217 silly placeDep ROOT tinyspy@4.0.4 OK for: @vitest/spy@3.2.4 want: ^4.0.3
3218 silly placeDep ROOT loupe@3.2.1 OK for: @vitest/utils@3.2.4 want: ^3.1.4
3219 silly placeDep ROOT check-error@2.1.3 OK for: chai@5.3.3 want: ^2.1.1
3220 silly placeDep ROOT deep-eql@5.0.2 OK for: chai@5.3.3 want: ^5.0.1
3221 silly placeDep ROOT pathval@2.0.1 OK for: chai@5.3.3 want: ^2.0.0
3222 silly placeDep node_modules/strip-literal js-tokens@9.0.1 OK for: strip-literal@3.1.0 want: ^9.0.1
3223 silly placeDep ROOT esbuild@0.27.3 OK for: vite@7.3.1 want: ^0.27.0
3224 silly placeDep ROOT fsevents@2.3.3 OK for: vite@7.3.1 want: ~2.3.3
3225 silly placeDep node_modules/vite picomatch@4.0.3 OK for: vite@7.3.1 want: ^4.0.3
3226 silly placeDep ROOT rollup@4.59.0 OK for: vite@7.3.1 want: ^4.43.0
3227 silly fetch manifest @esbuild/aix-ppc64@0.27.3
3228 silly packumentCache full:https://registry.npmjs.org/@esbuild%2faix-ppc64 cache-miss
3229 silly fetch manifest @esbuild/android-arm@0.27.3
3230 silly packumentCache full:https://registry.npmjs.org/@esbuild%2fandroid-arm cache-miss
3231 silly fetch manifest @esbuild/android-arm64@0.27.3
3232 silly packumentCache full:https://registry.npmjs.org/@esbuild%2fandroid-arm64 cache-miss
3233 silly fetch manifest @esbuild/android-x64@0.27.3
3234 silly packumentCache full:https://registry.npmjs.org/@esbuild%2fandroid-x64 cache-miss
3235 silly fetch manifest @esbuild/darwin-arm64@0.27.3
3236 silly packumentCache full:https://registry.npmjs.org/@esbuild%2fdarwin-arm64 cache-miss
3237 silly fetch manifest @esbuild/darwin-x64@0.27.3
3238 silly packumentCache full:https://registry.npmjs.org/@esbuild%2fdarwin-x64 cache-miss
3239 silly fetch manifest @esbuild/freebsd-arm64@0.27.3
3240 silly packumentCache full:https://registry.npmjs.org/@esbuild%2ffreebsd-arm64 cache-miss
3241 http fetch GET 200 https://registry.npmjs.org/@esbuild%2fdarwin-arm64 118ms (cache miss)
3242 silly packumentCache full:https://registry.npmjs.org/@esbuild%2fdarwin-arm64 set size:undefined disposed:false
3243 silly fetch manifest @esbuild/freebsd-x64@0.27.3
3244 silly packumentCache full:https://registry.npmjs.org/@esbuild%2ffreebsd-x64 cache-miss
3245 http fetch GET 200 https://registry.npmjs.org/@esbuild%2fandroid-x64 121ms (cache miss)
3246 silly packumentCache full:https://registry.npmjs.org/@esbuild%2fandroid-x64 set size:undefined disposed:false
3247 silly fetch manifest @esbuild/linux-arm@0.27.3
3248 silly packumentCache full:https://registry.npmjs.org/@esbuild%2flinux-arm cache-miss
3249 http fetch GET 200 https://registry.npmjs.org/@esbuild%2ffreebsd-arm64 125ms (cache miss)
3250 silly packumentCache full:https://registry.npmjs.org/@esbuild%2ffreebsd-arm64 set size:undefined disposed:false
3251 silly fetch manifest @esbuild/linux-arm64@0.27.3
3252 silly packumentCache full:https://registry.npmjs.org/@esbuild%2flinux-arm64 cache-miss
3253 http fetch GET 200 https://registry.npmjs.org/@esbuild%2fandroid-arm 127ms (cache miss)
3254 silly packumentCache full:https://registry.npmjs.org/@esbuild%2fandroid-arm set size:undefined disposed:false
3255 silly fetch manifest @esbuild/linux-ia32@0.27.3
3256 silly packumentCache full:https://registry.npmjs.org/@esbuild%2flinux-ia32 cache-miss
3257 http fetch GET 200 https://registry.npmjs.org/@esbuild%2fdarwin-x64 130ms (cache miss)
3258 silly packumentCache full:https://registry.npmjs.org/@esbuild%2fdarwin-x64 set size:undefined disposed:false
3259 silly fetch manifest @esbuild/linux-loong64@0.27.3
3260 silly packumentCache full:https://registry.npmjs.org/@esbuild%2flinux-loong64 cache-miss
3261 http fetch GET 200 https://registry.npmjs.org/@esbuild%2fandroid-arm64 160ms (cache miss)
3262 silly packumentCache full:https://registry.npmjs.org/@esbuild%2fandroid-arm64 set size:undefined disposed:false
3263 silly fetch manifest @esbuild/linux-mips64el@0.27.3
3264 silly packumentCache full:https://registry.npmjs.org/@esbuild%2flinux-mips64el cache-miss
3265 http fetch GET 200 https://registry.npmjs.org/@esbuild%2flinux-arm 106ms (cache miss)
3266 silly packumentCache full:https://registry.npmjs.org/@esbuild%2flinux-arm set size:undefined disposed:false
3267 silly fetch manifest @esbuild/linux-ppc64@0.27.3
3268 silly packumentCache full:https://registry.npmjs.org/@esbuild%2flinux-ppc64 cache-miss
3269 http fetch GET 200 https://registry.npmjs.org/@esbuild%2flinux-ia32 126ms (cache miss)
3270 silly packumentCache full:https://registry.npmjs.org/@esbuild%2flinux-ia32 set size:undefined disposed:false
3271 silly fetch manifest @esbuild/linux-riscv64@0.27.3
3272 silly packumentCache full:https://registry.npmjs.org/@esbuild%2flinux-riscv64 cache-miss
3273 http fetch GET 200 https://registry.npmjs.org/@esbuild%2ffreebsd-x64 146ms (cache miss)
3274 silly packumentCache full:https://registry.npmjs.org/@esbuild%2ffreebsd-x64 set size:undefined disposed:false
3275 silly fetch manifest @esbuild/linux-s390x@0.27.3
3276 silly packumentCache full:https://registry.npmjs.org/@esbuild%2flinux-s390x cache-miss
3277 http fetch GET 200 https://registry.npmjs.org/@esbuild%2flinux-arm64 147ms (cache miss)
3278 silly packumentCache full:https://registry.npmjs.org/@esbuild%2flinux-arm64 set size:undefined disposed:false
3279 silly fetch manifest @esbuild/linux-x64@0.27.3
3280 silly packumentCache full:https://registry.npmjs.org/@esbuild%2flinux-x64 cache-miss
3281 http fetch GET 200 https://registry.npmjs.org/@esbuild%2flinux-loong64 153ms (cache miss)
3282 silly packumentCache full:https://registry.npmjs.org/@esbuild%2flinux-loong64 set size:undefined disposed:false
3283 silly fetch manifest @esbuild/netbsd-arm64@0.27.3
3284 silly packumentCache full:https://registry.npmjs.org/@esbuild%2fnetbsd-arm64 cache-miss
3285 http fetch GET 200 https://registry.npmjs.org/@esbuild%2flinux-mips64el 149ms (cache miss)
3286 silly packumentCache full:https://registry.npmjs.org/@esbuild%2flinux-mips64el set size:undefined disposed:false
3287 silly fetch manifest @esbuild/netbsd-x64@0.27.3
3288 silly packumentCache full:https://registry.npmjs.org/@esbuild%2fnetbsd-x64 cache-miss
3289 http fetch GET 200 https://registry.npmjs.org/@esbuild%2flinux-riscv64 106ms (cache miss)
3290 silly packumentCache full:https://registry.npmjs.org/@esbuild%2flinux-riscv64 set size:undefined disposed:false
3291 silly fetch manifest @esbuild/openbsd-arm64@0.27.3
3292 silly packumentCache full:https://registry.npmjs.org/@esbuild%2fopenbsd-arm64 cache-miss
3293 http fetch GET 200 https://registry.npmjs.org/@esbuild%2fnetbsd-arm64 92ms (cache miss)
3294 silly packumentCache full:https://registry.npmjs.org/@esbuild%2fnetbsd-arm64 set size:undefined disposed:false
3295 silly fetch manifest @esbuild/openbsd-x64@0.27.3
3296 silly packumentCache full:https://registry.npmjs.org/@esbuild%2fopenbsd-x64 cache-miss
3297 http fetch GET 200 https://registry.npmjs.org/@esbuild%2flinux-s390x 127ms (cache miss)
3298 silly packumentCache full:https://registry.npmjs.org/@esbuild%2flinux-s390x set size:undefined disposed:false
3299 silly fetch manifest @esbuild/openharmony-arm64@0.27.3
3300 silly packumentCache full:https://registry.npmjs.org/@esbuild%2fopenharmony-arm64 cache-miss
3301 http fetch GET 200 https://registry.npmjs.org/@esbuild%2fnetbsd-x64 128ms (cache miss)
3302 silly packumentCache full:https://registry.npmjs.org/@esbuild%2fnetbsd-x64 set size:undefined disposed:false
3303 silly fetch manifest @esbuild/sunos-x64@0.27.3
3304 silly packumentCache full:https://registry.npmjs.org/@esbuild%2fsunos-x64 cache-miss
3305 http fetch GET 200 https://registry.npmjs.org/@esbuild%2fopenbsd-arm64 86ms (cache miss)
3306 silly packumentCache full:https://registry.npmjs.org/@esbuild%2fopenbsd-arm64 set size:undefined disposed:false
3307 silly fetch manifest @esbuild/win32-arm64@0.27.3
3308 silly packumentCache full:https://registry.npmjs.org/@esbuild%2fwin32-arm64 cache-miss
3309 http fetch GET 200 https://registry.npmjs.org/@esbuild%2fopenharmony-arm64 97ms (cache miss)
3310 silly packumentCache full:https://registry.npmjs.org/@esbuild%2fopenharmony-arm64 set size:undefined disposed:false
3311 silly fetch manifest @esbuild/win32-ia32@0.27.3
3312 silly packumentCache full:https://registry.npmjs.org/@esbuild%2fwin32-ia32 cache-miss
3313 http fetch GET 200 https://registry.npmjs.org/@esbuild%2fopenbsd-x64 130ms (cache miss)
3314 silly packumentCache full:https://registry.npmjs.org/@esbuild%2fopenbsd-x64 set size:undefined disposed:false
3315 silly fetch manifest @esbuild/win32-x64@0.27.3
3316 silly packumentCache full:https://registry.npmjs.org/@esbuild%2fwin32-x64 cache-miss
3317 http fetch GET 200 https://registry.npmjs.org/@esbuild%2fwin32-arm64 108ms (cache miss)
3318 silly packumentCache full:https://registry.npmjs.org/@esbuild%2fwin32-arm64 set size:undefined disposed:false
3319 silly fetch manifest @rollup/rollup-darwin-arm64@4.59.0
3320 silly packumentCache full:https://registry.npmjs.org/@rollup%2frollup-darwin-arm64 cache-miss
3321 http fetch GET 200 https://registry.npmjs.org/@esbuild%2flinux-ppc64 335ms (cache miss)
3322 silly packumentCache full:https://registry.npmjs.org/@esbuild%2flinux-ppc64 set size:undefined disposed:false
3323 silly fetch manifest @rollup/rollup-android-arm64@4.59.0
3324 silly packumentCache full:https://registry.npmjs.org/@rollup%2frollup-android-arm64 cache-miss
3325 http fetch GET 200 https://registry.npmjs.org/@esbuild%2fsunos-x64 126ms (cache miss)
3326 silly packumentCache full:https://registry.npmjs.org/@esbuild%2fsunos-x64 set size:undefined disposed:false
3327 silly fetch manifest @rollup/rollup-win32-arm64-msvc@4.59.0
3328 silly packumentCache full:https://registry.npmjs.org/@rollup%2frollup-win32-arm64-msvc cache-miss
3329 http fetch GET 200 https://registry.npmjs.org/@esbuild%2flinux-x64 297ms (cache miss)
3330 silly packumentCache full:https://registry.npmjs.org/@esbuild%2flinux-x64 set size:undefined disposed:false
3331 silly fetch manifest @rollup/rollup-freebsd-arm64@4.59.0
3332 silly packumentCache full:https://registry.npmjs.org/@rollup%2frollup-freebsd-arm64 cache-miss
3333 http fetch GET 200 https://registry.npmjs.org/@esbuild%2fwin32-ia32 133ms (cache miss)
3334 silly packumentCache full:https://registry.npmjs.org/@esbuild%2fwin32-ia32 set size:undefined disposed:false
3335 silly fetch manifest @rollup/rollup-linux-arm64-gnu@4.59.0
3336 silly packumentCache full:https://registry.npmjs.org/@rollup%2frollup-linux-arm64-gnu cache-miss
3337 http fetch GET 200 https://registry.npmjs.org/@esbuild%2faix-ppc64 647ms (cache miss)
3338 silly packumentCache full:https://registry.npmjs.org/@esbuild%2faix-ppc64 set size:undefined disposed:false
3339 silly fetch manifest @rollup/rollup-linux-arm64-musl@4.59.0
3340 silly packumentCache full:https://registry.npmjs.org/@rollup%2frollup-linux-arm64-musl cache-miss
3341 http fetch GET 200 https://registry.npmjs.org/@rollup%2frollup-android-arm64 110ms (cache miss)
3342 silly packumentCache full:https://registry.npmjs.org/@rollup%2frollup-android-arm64 set size:undefined disposed:false
3343 silly fetch manifest @rollup/rollup-android-arm-eabi@4.59.0
3344 silly packumentCache full:https://registry.npmjs.org/@rollup%2frollup-android-arm-eabi cache-miss
3345 http fetch GET 200 https://registry.npmjs.org/@rollup%2frollup-darwin-arm64 120ms (cache miss)
3346 silly packumentCache full:https://registry.npmjs.org/@rollup%2frollup-darwin-arm64 set size:undefined disposed:false
3347 silly fetch manifest @rollup/rollup-linux-arm-gnueabihf@4.59.0
3348 silly packumentCache full:https://registry.npmjs.org/@rollup%2frollup-linux-arm-gnueabihf cache-miss
3349 http fetch GET 200 https://registry.npmjs.org/@rollup%2frollup-linux-arm64-gnu 119ms (cache miss)
3350 silly packumentCache full:https://registry.npmjs.org/@rollup%2frollup-linux-arm64-gnu set size:undefined disposed:false
3351 silly fetch manifest @rollup/rollup-linux-arm-musleabihf@4.59.0
3352 silly packumentCache full:https://registry.npmjs.org/@rollup%2frollup-linux-arm-musleabihf cache-miss
3353 http fetch GET 200 https://registry.npmjs.org/@rollup%2frollup-linux-arm64-musl 126ms (cache miss)
3354 silly packumentCache full:https://registry.npmjs.org/@rollup%2frollup-linux-arm64-musl set size:undefined disposed:false
3355 silly fetch manifest @rollup/rollup-win32-ia32-msvc@4.59.0
3356 silly packumentCache full:https://registry.npmjs.org/@rollup%2frollup-win32-ia32-msvc cache-miss
3357 http fetch GET 200 https://registry.npmjs.org/@rollup%2frollup-linux-arm-gnueabihf 102ms (cache miss)
3358 silly packumentCache full:https://registry.npmjs.org/@rollup%2frollup-linux-arm-gnueabihf set size:undefined disposed:false
3359 silly fetch manifest @rollup/rollup-linux-loong64-gnu@4.59.0
3360 silly packumentCache full:https://registry.npmjs.org/@rollup%2frollup-linux-loong64-gnu cache-miss
3361 http fetch GET 200 https://registry.npmjs.org/@rollup%2frollup-android-arm-eabi 110ms (cache miss)
3362 silly packumentCache full:https://registry.npmjs.org/@rollup%2frollup-android-arm-eabi set size:undefined disposed:false
3363 silly fetch manifest @rollup/rollup-linux-loong64-musl@4.59.0
3364 silly packumentCache full:https://registry.npmjs.org/@rollup%2frollup-linux-loong64-musl cache-miss
3365 http fetch GET 200 https://registry.npmjs.org/@esbuild%2fwin32-x64 311ms (cache miss)
3366 silly packumentCache full:https://registry.npmjs.org/@esbuild%2fwin32-x64 set size:undefined disposed:false
3367 silly fetch manifest @rollup/rollup-linux-riscv64-gnu@4.59.0
3368 silly packumentCache full:https://registry.npmjs.org/@rollup%2frollup-linux-riscv64-gnu cache-miss
3369 http fetch GET 200 https://registry.npmjs.org/@rollup%2frollup-freebsd-arm64 265ms (cache miss)
3370 silly packumentCache full:https://registry.npmjs.org/@rollup%2frollup-freebsd-arm64 set size:undefined disposed:false
3371 silly fetch manifest @rollup/rollup-linux-riscv64-musl@4.59.0
3372 silly packumentCache full:https://registry.npmjs.org/@rollup%2frollup-linux-riscv64-musl cache-miss
3373 http fetch GET 200 https://registry.npmjs.org/@rollup%2frollup-linux-loong64-gnu 82ms (cache miss)
3374 silly packumentCache full:https://registry.npmjs.org/@rollup%2frollup-linux-loong64-gnu set size:undefined disposed:false
3375 silly fetch manifest @rollup/rollup-linux-ppc64-gnu@4.59.0
3376 silly packumentCache full:https://registry.npmjs.org/@rollup%2frollup-linux-ppc64-gnu cache-miss
3377 http fetch GET 200 https://registry.npmjs.org/@rollup%2frollup-win32-ia32-msvc 113ms (cache miss)
3378 silly packumentCache full:https://registry.npmjs.org/@rollup%2frollup-win32-ia32-msvc set size:undefined disposed:false
3379 silly fetch manifest @rollup/rollup-linux-ppc64-musl@4.59.0
3380 silly packumentCache full:https://registry.npmjs.org/@rollup%2frollup-linux-ppc64-musl cache-miss
3381 http fetch GET 200 https://registry.npmjs.org/@rollup%2frollup-win32-arm64-msvc 337ms (cache miss)
3382 silly packumentCache full:https://registry.npmjs.org/@rollup%2frollup-win32-arm64-msvc set size:undefined disposed:false
3383 silly fetch manifest @rollup/rollup-linux-s390x-gnu@4.59.0
3384 silly packumentCache full:https://registry.npmjs.org/@rollup%2frollup-linux-s390x-gnu cache-miss
3385 http fetch GET 200 https://registry.npmjs.org/@rollup%2frollup-linux-riscv64-musl 92ms (cache miss)
3386 silly packumentCache full:https://registry.npmjs.org/@rollup%2frollup-linux-riscv64-musl set size:undefined disposed:false
3387 silly fetch manifest @rollup/rollup-darwin-x64@4.59.0
3388 silly packumentCache full:https://registry.npmjs.org/@rollup%2frollup-darwin-x64 cache-miss
3389 http fetch GET 200 https://registry.npmjs.org/@rollup%2frollup-linux-loong64-musl 145ms (cache miss)
3390 silly packumentCache full:https://registry.npmjs.org/@rollup%2frollup-linux-loong64-musl set size:undefined disposed:false
3391 silly fetch manifest @rollup/rollup-win32-x64-gnu@4.59.0
3392 silly packumentCache full:https://registry.npmjs.org/@rollup%2frollup-win32-x64-gnu cache-miss
3393 http fetch GET 200 https://registry.npmjs.org/@rollup%2frollup-linux-riscv64-gnu 119ms (cache miss)
3394 silly packumentCache full:https://registry.npmjs.org/@rollup%2frollup-linux-riscv64-gnu set size:undefined disposed:false
3395 silly fetch manifest @rollup/rollup-win32-x64-msvc@4.59.0
3396 silly packumentCache full:https://registry.npmjs.org/@rollup%2frollup-win32-x64-msvc cache-miss
3397 http fetch GET 200 https://registry.npmjs.org/@rollup%2frollup-linux-ppc64-gnu 91ms (cache miss)
3398 silly packumentCache full:https://registry.npmjs.org/@rollup%2frollup-linux-ppc64-gnu set size:undefined disposed:false
3399 silly fetch manifest @rollup/rollup-freebsd-x64@4.59.0
3400 silly packumentCache full:https://registry.npmjs.org/@rollup%2frollup-freebsd-x64 cache-miss
3401 http fetch GET 200 https://registry.npmjs.org/@rollup%2frollup-linux-ppc64-musl 82ms (cache miss)
3402 silly packumentCache full:https://registry.npmjs.org/@rollup%2frollup-linux-ppc64-musl set size:undefined disposed:false
3403 silly fetch manifest @rollup/rollup-linux-x64-gnu@4.59.0
3404 silly packumentCache full:https://registry.npmjs.org/@rollup%2frollup-linux-x64-gnu cache-miss
3405 http fetch GET 200 https://registry.npmjs.org/@rollup%2frollup-linux-s390x-gnu 111ms (cache miss)
3406 silly packumentCache full:https://registry.npmjs.org/@rollup%2frollup-linux-s390x-gnu set size:undefined disposed:false
3407 silly fetch manifest @rollup/rollup-linux-x64-musl@4.59.0
3408 silly packumentCache full:https://registry.npmjs.org/@rollup%2frollup-linux-x64-musl cache-miss
3409 http fetch GET 200 https://registry.npmjs.org/@rollup%2frollup-linux-arm-musleabihf 314ms (cache miss)
3410 silly packumentCache full:https://registry.npmjs.org/@rollup%2frollup-linux-arm-musleabihf set size:undefined disposed:false
3411 silly fetch manifest @rollup/rollup-openbsd-x64@4.59.0
3412 silly packumentCache full:https://registry.npmjs.org/@rollup%2frollup-openbsd-x64 cache-miss
3413 http fetch GET 200 https://registry.npmjs.org/@rollup%2frollup-freebsd-x64 106ms (cache miss)
3414 silly packumentCache full:https://registry.npmjs.org/@rollup%2frollup-freebsd-x64 set size:undefined disposed:false
3415 silly fetch manifest @rollup/rollup-openharmony-arm64@4.59.0
3416 silly packumentCache full:https://registry.npmjs.org/@rollup%2frollup-openharmony-arm64 cache-miss
3417 http fetch GET 200 https://registry.npmjs.org/@rollup%2frollup-win32-x64-msvc 124ms (cache miss)
3418 silly packumentCache full:https://registry.npmjs.org/@rollup%2frollup-win32-x64-msvc set size:undefined disposed:false
3419 http fetch GET 200 https://registry.npmjs.org/@rollup%2frollup-linux-x64-gnu 123ms (cache miss)
3420 silly packumentCache full:https://registry.npmjs.org/@rollup%2frollup-linux-x64-gnu set size:undefined disposed:false
3421 http fetch GET 200 https://registry.npmjs.org/@rollup%2frollup-darwin-x64 188ms (cache miss)
3422 silly packumentCache full:https://registry.npmjs.org/@rollup%2frollup-darwin-x64 set size:undefined disposed:false
3423 http fetch GET 200 https://registry.npmjs.org/@rollup%2frollup-openbsd-x64 78ms (cache miss)
3424 silly packumentCache full:https://registry.npmjs.org/@rollup%2frollup-openbsd-x64 set size:undefined disposed:false
3425 http fetch GET 200 https://registry.npmjs.org/@rollup%2frollup-win32-x64-gnu 289ms (cache miss)
3426 silly packumentCache full:https://registry.npmjs.org/@rollup%2frollup-win32-x64-gnu set size:undefined disposed:false
3427 http fetch GET 200 https://registry.npmjs.org/@rollup%2frollup-linux-x64-musl 386ms (cache miss)
3428 silly packumentCache full:https://registry.npmjs.org/@rollup%2frollup-linux-x64-musl set size:undefined disposed:false
3429 http fetch GET 200 https://registry.npmjs.org/@rollup%2frollup-openharmony-arm64 343ms (cache miss)
3430 silly packumentCache full:https://registry.npmjs.org/@rollup%2frollup-openharmony-arm64 set size:undefined disposed:false
3431 silly placeDep ROOT @esbuild/aix-ppc64@0.27.3 OK for: esbuild@0.27.3 want: 0.27.3
3432 silly placeDep ROOT @esbuild/android-arm@0.27.3 OK for: esbuild@0.27.3 want: 0.27.3
3433 silly placeDep ROOT @esbuild/android-arm64@0.27.3 OK for: esbuild@0.27.3 want: 0.27.3
3434 silly placeDep ROOT @esbuild/android-x64@0.27.3 OK for: esbuild@0.27.3 want: 0.27.3
3435 silly placeDep ROOT @esbuild/darwin-arm64@0.27.3 OK for: esbuild@0.27.3 want: 0.27.3
3436 silly placeDep ROOT @esbuild/darwin-x64@0.27.3 OK for: esbuild@0.27.3 want: 0.27.3
3437 silly placeDep ROOT @esbuild/freebsd-arm64@0.27.3 OK for: esbuild@0.27.3 want: 0.27.3
3438 silly placeDep ROOT @esbuild/freebsd-x64@0.27.3 OK for: esbuild@0.27.3 want: 0.27.3
3439 silly placeDep ROOT @esbuild/linux-arm@0.27.3 OK for: esbuild@0.27.3 want: 0.27.3
3440 silly placeDep ROOT @esbuild/linux-arm64@0.27.3 OK for: esbuild@0.27.3 want: 0.27.3
3441 silly placeDep ROOT @esbuild/linux-ia32@0.27.3 OK for: esbuild@0.27.3 want: 0.27.3
3442 silly placeDep ROOT @esbuild/linux-loong64@0.27.3 OK for: esbuild@0.27.3 want: 0.27.3
3443 silly placeDep ROOT @esbuild/linux-mips64el@0.27.3 OK for: esbuild@0.27.3 want: 0.27.3
3444 silly placeDep ROOT @esbuild/linux-ppc64@0.27.3 OK for: esbuild@0.27.3 want: 0.27.3
3445 silly placeDep ROOT @esbuild/linux-riscv64@0.27.3 OK for: esbuild@0.27.3 want: 0.27.3
3446 silly placeDep ROOT @esbuild/linux-s390x@0.27.3 OK for: esbuild@0.27.3 want: 0.27.3
3447 silly placeDep ROOT @esbuild/linux-x64@0.27.3 OK for: esbuild@0.27.3 want: 0.27.3
3448 silly placeDep ROOT @esbuild/netbsd-arm64@0.27.3 OK for: esbuild@0.27.3 want: 0.27.3
3449 silly placeDep ROOT @esbuild/netbsd-x64@0.27.3 OK for: esbuild@0.27.3 want: 0.27.3
3450 silly placeDep ROOT @esbuild/openbsd-arm64@0.27.3 OK for: esbuild@0.27.3 want: 0.27.3
3451 silly placeDep ROOT @esbuild/openbsd-x64@0.27.3 OK for: esbuild@0.27.3 want: 0.27.3
3452 silly placeDep ROOT @esbuild/openharmony-arm64@0.27.3 OK for: esbuild@0.27.3 want: 0.27.3
3453 silly placeDep ROOT @esbuild/sunos-x64@0.27.3 OK for: esbuild@0.27.3 want: 0.27.3
3454 silly placeDep ROOT @esbuild/win32-arm64@0.27.3 OK for: esbuild@0.27.3 want: 0.27.3
3455 silly placeDep ROOT @esbuild/win32-ia32@0.27.3 OK for: esbuild@0.27.3 want: 0.27.3
3456 silly placeDep ROOT @esbuild/win32-x64@0.27.3 OK for: esbuild@0.27.3 want: 0.27.3
3457 silly placeDep ROOT @rollup/rollup-android-arm-eabi@4.59.0 OK for: rollup@4.59.0 want: 4.59.0
3458 silly placeDep ROOT @rollup/rollup-android-arm64@4.59.0 OK for: rollup@4.59.0 want: 4.59.0
3459 silly placeDep ROOT @rollup/rollup-darwin-arm64@4.59.0 OK for: rollup@4.59.0 want: 4.59.0
3460 silly placeDep ROOT @rollup/rollup-darwin-x64@4.59.0 OK for: rollup@4.59.0 want: 4.59.0
3461 silly placeDep ROOT @rollup/rollup-freebsd-arm64@4.59.0 OK for: rollup@4.59.0 want: 4.59.0
3462 silly placeDep ROOT @rollup/rollup-freebsd-x64@4.59.0 OK for: rollup@4.59.0 want: 4.59.0
3463 silly placeDep ROOT @rollup/rollup-linux-arm-gnueabihf@4.59.0 OK for: rollup@4.59.0 want: 4.59.0
3464 silly placeDep ROOT @rollup/rollup-linux-arm-musleabihf@4.59.0 OK for: rollup@4.59.0 want: 4.59.0
3465 silly placeDep ROOT @rollup/rollup-linux-arm64-gnu@4.59.0 OK for: rollup@4.59.0 want: 4.59.0
3466 silly placeDep ROOT @rollup/rollup-linux-arm64-musl@4.59.0 OK for: rollup@4.59.0 want: 4.59.0
3467 silly placeDep ROOT @rollup/rollup-linux-loong64-gnu@4.59.0 OK for: rollup@4.59.0 want: 4.59.0
3468 silly placeDep ROOT @rollup/rollup-linux-loong64-musl@4.59.0 OK for: rollup@4.59.0 want: 4.59.0
3469 silly placeDep ROOT @rollup/rollup-linux-ppc64-gnu@4.59.0 OK for: rollup@4.59.0 want: 4.59.0
3470 silly placeDep ROOT @rollup/rollup-linux-ppc64-musl@4.59.0 OK for: rollup@4.59.0 want: 4.59.0
3471 silly placeDep ROOT @rollup/rollup-linux-riscv64-gnu@4.59.0 OK for: rollup@4.59.0 want: 4.59.0
3472 silly placeDep ROOT @rollup/rollup-linux-riscv64-musl@4.59.0 OK for: rollup@4.59.0 want: 4.59.0
3473 silly placeDep ROOT @rollup/rollup-linux-s390x-gnu@4.59.0 OK for: rollup@4.59.0 want: 4.59.0
3474 silly placeDep ROOT @rollup/rollup-linux-x64-gnu@4.59.0 OK for: rollup@4.59.0 want: 4.59.0
3475 silly placeDep ROOT @rollup/rollup-linux-x64-musl@4.59.0 OK for: rollup@4.59.0 want: 4.59.0
3476 silly placeDep ROOT @rollup/rollup-openbsd-x64@4.59.0 OK for: rollup@4.59.0 want: 4.59.0
3477 silly placeDep ROOT @rollup/rollup-openharmony-arm64@4.59.0 OK for: rollup@4.59.0 want: 4.59.0
3478 silly placeDep ROOT @rollup/rollup-win32-arm64-msvc@4.59.0 OK for: rollup@4.59.0 want: 4.59.0
3479 silly placeDep ROOT @rollup/rollup-win32-ia32-msvc@4.59.0 OK for: rollup@4.59.0 want: 4.59.0
3480 silly placeDep ROOT @rollup/rollup-win32-x64-gnu@4.59.0 OK for: rollup@4.59.0 want: 4.59.0
3481 silly placeDep ROOT @rollup/rollup-win32-x64-msvc@4.59.0 OK for: rollup@4.59.0 want: 4.59.0
3482 silly placeDep ROOT cac@6.7.14 OK for: vite-node@3.2.4 want: ^6.7.14
3483 silly placeDep ROOT es-module-lexer@1.7.0 OK for: vite-node@3.2.4 want: ^1.7.0
3484 silly placeDep ROOT tr46@5.1.1 OK for: whatwg-url@14.2.0 want: ^5.1.0
3485 silly placeDep ROOT isexe@2.0.0 OK for: which@2.0.2 want: ^2.0.0
3486 silly placeDep ROOT is-bigint@1.1.0 OK for: which-boxed-primitive@1.1.1 want: ^1.1.0
3487 silly placeDep ROOT is-boolean-object@1.2.2 OK for: which-boxed-primitive@1.1.1 want: ^1.2.1
3488 silly placeDep ROOT is-number-object@1.1.1 OK for: which-boxed-primitive@1.1.1 want: ^1.1.1
3489 silly placeDep ROOT is-async-function@2.1.1 OK for: which-builtin-type@1.2.1 want: ^2.0.0
3490 silly placeDep ROOT is-finalizationregistry@1.1.1 OK for: which-builtin-type@1.2.1 want: ^1.1.0
3491 silly placeDep ROOT is-generator-function@1.1.2 OK for: which-builtin-type@1.2.1 want: ^1.0.10
3492 silly placeDep ROOT which-collection@1.0.2 OK for: which-builtin-type@1.2.1 want: ^1.0.2
3493 silly fetch manifest async-function@^1.0.0
3494 silly packumentCache full:https://registry.npmjs.org/async-function cache-miss
3495 silly fetch manifest generator-function@^2.0.0
3496 silly packumentCache full:https://registry.npmjs.org/generator-function cache-miss
3497 silly fetch manifest is-map@^2.0.3
3498 silly packumentCache full:https://registry.npmjs.org/is-map cache-miss
3499 silly fetch manifest is-weakmap@^2.0.2
3500 silly packumentCache full:https://registry.npmjs.org/is-weakmap cache-miss
3501 silly fetch manifest is-weakset@^2.0.3
3502 silly packumentCache full:https://registry.npmjs.org/is-weakset cache-miss
3503 http fetch GET 200 https://registry.npmjs.org/generator-function 253ms (cache miss)
3504 silly packumentCache full:https://registry.npmjs.org/generator-function set size:undefined disposed:false
3505 http fetch GET 200 https://registry.npmjs.org/is-weakmap 260ms (cache miss)
3506 silly packumentCache full:https://registry.npmjs.org/is-weakmap set size:undefined disposed:false
3507 http fetch GET 200 https://registry.npmjs.org/is-weakset 267ms (cache miss)
3508 silly packumentCache full:https://registry.npmjs.org/is-weakset set size:undefined disposed:false
3509 http fetch GET 200 https://registry.npmjs.org/async-function 277ms (cache miss)
3510 silly packumentCache full:https://registry.npmjs.org/async-function set size:undefined disposed:false
3511 http fetch GET 200 https://registry.npmjs.org/is-map 296ms (cache miss)
3512 silly packumentCache full:https://registry.npmjs.org/is-map set size:undefined disposed:false
3513 silly placeDep ROOT async-function@1.0.0 OK for: is-async-function@2.1.1 want: ^1.0.0
3514 silly placeDep ROOT generator-function@2.0.1 OK for: is-generator-function@1.1.2 want: ^2.0.0
3515 silly placeDep ROOT is-map@2.0.3 OK for: which-collection@1.0.2 want: ^2.0.3
3516 silly placeDep ROOT is-weakmap@2.0.2 OK for: which-collection@1.0.2 want: ^2.0.2
3517 silly placeDep ROOT is-weakset@2.0.4 OK for: which-collection@1.0.2 want: ^2.0.3
3518 silly placeDep ROOT siginfo@2.0.0 OK for: why-is-node-running@2.3.0 want: ^2.0.0
3519 silly placeDep ROOT stackback@0.0.2 OK for: why-is-node-running@2.3.0 want: 0.0.2
3520 silly placeDep node_modules/wrap-ansi ansi-styles@6.2.3 OK for: wrap-ansi@9.0.2 want: ^6.2.1
3521 silly placeDep node_modules/@typescript-eslint/typescript-estree brace-expansion@5.0.4 OK for: minimatch@10.2.4 want: ^5.0.2
3522 silly fetch manifest balanced-match@^4.0.2
3523 silly packumentCache full:https://registry.npmjs.org/balanced-match cache-miss
3524 http cache https://registry.npmjs.org/balanced-match 2ms (cache hit)
3525 silly packumentCache full:https://registry.npmjs.org/balanced-match set size:39082 disposed:false
3526 silly placeDep node_modules/@typescript-eslint/typescript-estree balanced-match@4.0.4 OK for: brace-expansion@5.0.4 want: ^4.0.2
3527 silly placeDep ROOT node-exports-info@1.6.0 OK for: resolve@2.0.0-next.6 want: ^1.6.0
3528 silly placeDep node_modules/log-update ansi-styles@6.2.3 OK for: slice-ansi@7.1.2 want: ^6.2.1
3529 silly placeDep node_modules/log-update is-fullwidth-code-point@5.1.0 OK for: slice-ansi@7.1.2 want: ^5.0.0
3530 silly placeDep ROOT mimic-function@5.0.1 OK for: onetime@7.0.0 want: ^5.0.0
3531 silly reify moves {}
3532 verbose stack Error: EPERM: operation not permitted, mkdir '/Users/igorvasin/sinergy/node_modules'
3532 verbose stack     at async mkdir (node:internal/fs/promises:861:10)
3532 verbose stack     at async /usr/local/lib/node_modules/npm/node_modules/@npmcli/arborist/lib/arborist/reify.js:576:20
3532 verbose stack     at async Promise.allSettled (index 0)
3532 verbose stack     at async [reifyPackages] (/usr/local/lib/node_modules/npm/node_modules/@npmcli/arborist/lib/arborist/reify.js:313:11)
3532 verbose stack     at async Arborist.reify (/usr/local/lib/node_modules/npm/node_modules/@npmcli/arborist/lib/arborist/reify.js:125:5)
3532 verbose stack     at async Install.exec (/usr/local/lib/node_modules/npm/lib/commands/install.js:150:5)
3532 verbose stack     at async Npm.exec (/usr/local/lib/node_modules/npm/lib/npm.js:208:9)
3532 verbose stack     at async module.exports (/usr/local/lib/node_modules/npm/lib/cli/entry.js:67:5)
3533 error code EPERM
3534 error syscall mkdir
3535 error path /Users/igorvasin/sinergy/node_modules
3536 error errno -1
3537 error Error: EPERM: operation not permitted, mkdir '/Users/igorvasin/sinergy/node_modules'
3537 error     at async mkdir (node:internal/fs/promises:861:10)
3537 error     at async /usr/local/lib/node_modules/npm/node_modules/@npmcli/arborist/lib/arborist/reify.js:576:20
3537 error     at async Promise.allSettled (index 0)
3537 error     at async [reifyPackages] (/usr/local/lib/node_modules/npm/node_modules/@npmcli/arborist/lib/arborist/reify.js:313:11)
3537 error     at async Arborist.reify (/usr/local/lib/node_modules/npm/node_modules/@npmcli/arborist/lib/arborist/reify.js:125:5)
3537 error     at async Install.exec (/usr/local/lib/node_modules/npm/lib/commands/install.js:150:5)
3537 error     at async Npm.exec (/usr/local/lib/node_modules/npm/lib/npm.js:208:9)
3537 error     at async module.exports (/usr/local/lib/node_modules/npm/lib/cli/entry.js:67:5) {
3537 error   errno: -1,
3537 error   code: 'EPERM',
3537 error   syscall: 'mkdir',
3537 error   path: '/Users/igorvasin/sinergy/node_modules'
3537 error }
3538 error
3538 error The operation was rejected by your operating system.
3538 error It is likely you do not have the permissions to access this file as the current user
3538 error
3538 error If you believe this might be a permissions issue, please double-check the
3538 error permissions of the file and its containing directories, or try running
3538 error the command again as root/Administrator.
3539 silly unfinished npm timer reify 1772534794993
3540 silly unfinished npm timer reify:createSparse 1772534849391
3541 verbose cwd /Users/igorvasin/sinergy
3542 verbose os Darwin 25.2.0
3543 verbose node v24.11.1
3544 verbose npm  v11.6.2
3545 verbose exit -1
3546 verbose code -1
3547 error A complete log of this run can be found in: /Users/igorvasin/sinergy/.npm-local/_logs/2026-03-03T10_46_34_678Z-debug-0.log
